image,supplied_split,similarity_aware_split,changed_split
0003730.jpg,train,train,False
0003759.jpg,train,train,False
0004469.jpg,train,train,False
0004990.jpg,train,train,False
0006194.jpg,train,train,False
0012810.jpg,train,train,False
0014089.jpg,val,val,False
0019339.jpg,train,train,False
00320.jpg,train,train,False
0032075.jpg,val,val,False
0032155.jpg,train,train,False
0032227.jpg,train,train,False
0032228.jpg,train,train,False
0032238.jpg,train,train,False
0032281.jpg,train,train,False
0032310.jpg,train,train,False
0032400.jpg,train,train,False
0032405.jpg,train,train,False
0032448.jpg,val,val,False
0032449.jpg,train,train,False
0033428.jpg,train,train,False
0033451.jpg,train,train,False
0033923.jpg,train,train,False
0034009.jpg,train,train,False
0034010.jpg,train,train,False
0034013.jpg,val,val,False
0034016.jpg,train,train,False
0034036.jpg,val,val,False
0034249.jpg,train,train,False
0034707.jpg,train,train,False
0034968.jpg,train,train,False
0035494.jpg,train,train,False
0035627.jpg,train,train,False
0035688.jpg,train,train,False
0035753.jpg,train,train,False
0044633.jpg,val,val,False
0045294.jpg,train,train,False
0045377.jpg,train,train,False
0045405.jpg,train,train,False
0045406.jpg,train,train,False
0045407.jpg,train,train,False
0045408.jpg,train,train,False
0045409.jpg,val,val,False
0046436.jpg,val,val,False
0047038.jpg,train,train,False
0047039.jpg,train,train,False
0048857.jpg,val,val,False
0048861.jpg,train,train,False
0048868.jpg,train,train,False
0048879.jpg,train,train,False
0048890.jpg,train,train,False
0058262.jpg,train,train,False
0058289.jpg,train,train,False
0058315.jpg,val,val,False
0058344.jpg,train,train,False
0058380.jpg,train,train,False
0058408.jpg,train,train,False
0058474.jpg,train,train,False
0058562.jpg,val,val,False
0058566.jpg,train,train,False
0059117.jpg,train,train,False
0059118.jpg,train,train,False
0059120.jpg,train,train,False
0059170.jpg,train,train,False
0061865.jpg,train,train,False
0061874.jpg,train,train,False
0061883.jpg,train,train,False
0061887.jpg,train,train,False
0061915.jpg,train,train,False
0061926.jpg,train,train,False
0061937.jpg,train,train,False
0061950.jpg,train,train,False
0061952.jpg,train,train,False
0061956.jpg,train,train,False
0061960.jpg,train,train,False
0061968.jpg,train,train,False
0061969.jpg,train,train,False
0061973.jpg,train,train,False
0061974.jpg,train,train,False
0061978.jpg,train,train,False
0062767.jpg,train,train,False
0062990.jpg,train,train,False
0062992.jpg,train,train,False
0063003.jpg,train,train,False
0063004.jpg,val,val,False
0063006.jpg,train,train,False
0063011.jpg,val,val,False
0063013.jpg,train,train,False
0063016.jpg,train,train,False
0063019.jpg,train,train,False
0063022.jpg,val,val,False
0063023.jpg,train,train,False
0063024.jpg,train,train,False
0063028.jpg,train,train,False
0063029.jpg,train,train,False
0063030.jpg,train,train,False
0063032.jpg,val,val,False
0063052.jpg,train,train,False
0063056.jpg,train,train,False
0063058.jpg,train,train,False
0063114.jpg,val,val,False
0063118.jpg,train,train,False
0063119.jpg,train,train,False
0063146.jpg,train,train,False
0063148.jpg,train,train,False
0063151.jpg,train,train,False
0063156.jpg,val,val,False
0063158.jpg,train,train,False
0063169.jpg,train,train,False
0063189.jpg,train,train,False
0063191.jpg,train,train,False
0063203.jpg,train,train,False
0063257.jpg,train,train,False
0063261.jpg,train,train,False
0063306.jpg,train,train,False
0063328.jpg,train,train,False
0063662.jpg,train,train,False
0063678.jpg,val,val,False
0063971.jpg,train,train,False
0063996.jpg,train,train,False
0064404.jpg,train,train,False
0064449.jpg,train,train,False
0065294.jpg,train,train,False
0065372.jpg,train,train,False
0065376.jpg,train,train,False
0065386.jpg,val,val,False
0065417.jpg,val,val,False
0065424.jpg,train,train,False
0065573.jpg,val,val,False
0065596.jpg,train,train,False
0065597.jpg,train,train,False
0065731.jpg,train,train,False
0065736.jpg,val,val,False
0065744.jpg,val,val,False
0065893.jpg,train,train,False
0065899.jpg,train,train,False
0065901.jpg,train,train,False
0065902.jpg,train,train,False
0065912.jpg,train,train,False
0065939.jpg,train,train,False
0065943.jpg,train,train,False
0065947.jpg,train,train,False
0065955.jpg,train,train,False
0065962.jpg,train,train,False
0065964.jpg,train,train,False
0065965.jpg,train,train,False
0065977.jpg,train,train,False
0065997.jpg,train,train,False
0065998.jpg,train,train,False
0066000.jpg,train,train,False
0066025.jpg,train,train,False
0066046.jpg,val,val,False
0066048.jpg,val,val,False
0066079.jpg,val,val,False
0066080.jpg,train,train,False
0066114.jpg,train,train,False
0066130.jpg,train,train,False
0066156.jpg,train,train,False
0066157.jpg,val,val,False
0066263.jpg,train,train,False
0066267.jpg,train,train,False
0066268.jpg,train,train,False
0066274.jpg,train,train,False
0066276.jpg,train,train,False
0066287.jpg,train,train,False
0066302.jpg,train,train,False
0066303.jpg,val,val,False
00664.jpg,train,train,False
0066415.jpg,train,train,False
0066447.jpg,train,train,False
0066480.jpg,train,train,False
0066490.jpg,train,train,False
0066796.jpg,train,train,False
0067073.jpg,train,train,False
0067280.jpg,train,train,False
0067294.jpg,train,train,False
0067297.jpg,train,train,False
0067300.jpg,train,train,False
0067308.jpg,train,train,False
0067315.jpg,train,train,False
0067329.jpg,train,train,False
0067335.jpg,train,train,False
0067337.jpg,train,train,False
0067341.jpg,train,train,False
0067347.jpg,train,train,False
0067511.jpg,train,train,False
0067549.jpg,train,train,False
0067555.jpg,train,train,False
0067594.jpg,val,val,False
0067625.jpg,train,train,False
0067864.jpg,train,train,False
0067885.jpg,train,train,False
0067892.jpg,train,train,False
0067906.jpg,train,train,False
0067918.jpg,train,train,False
0067928.jpg,train,train,False
0067965.jpg,train,train,False
0067967.jpg,train,train,False
0067978.jpg,train,train,False
0067993.jpg,train,train,False
0067994.jpg,val,val,False
0067995.jpg,train,train,False
0067999.jpg,train,train,False
0068026.jpg,train,train,False
0068040.jpg,train,train,False
0068045.jpg,train,train,False
0068053.jpg,train,train,False
0068055.jpg,val,val,False
0068064.jpg,train,train,False
0068066.jpg,train,train,False
0068071.jpg,train,train,False
0068072.jpg,train,train,False
0068075.jpg,train,train,False
0068080.jpg,train,train,False
0068090.jpg,train,train,False
0068096.jpg,train,train,False
0068099.jpg,train,train,False
0068108.jpg,train,train,False
0068134.jpg,train,train,False
0068135.jpg,train,train,False
0068161.jpg,train,train,False
0068163.jpg,train,train,False
0068168.jpg,train,train,False
0068177.jpg,train,train,False
0068185.jpg,val,val,False
0068186.jpg,train,train,False
0068193.jpg,train,train,False
0068353.jpg,train,train,False
0068484.jpg,val,val,False
0068728.jpg,train,train,False
0069034.jpg,train,train,False
0069038.jpg,val,val,False
0069055.jpg,train,train,False
0069056.jpg,train,train,False
0069057.jpg,train,train,False
0069251.jpg,train,train,False
0069257.jpg,train,train,False
0069274.jpg,train,train,False
0069304.jpg,train,train,False
0069320.jpg,train,train,False
0069350.jpg,train,train,False
0069367.jpg,val,val,False
0069368.jpg,train,train,False
0069369.jpg,val,val,False
0069389.jpg,train,train,False
0069396.jpg,train,train,False
0069406.jpg,train,train,False
0069420.jpg,train,train,False
0069423.jpg,train,train,False
0069436.jpg,train,train,False
0069478.jpg,train,train,False
0069482.jpg,val,val,False
0069483.jpg,train,train,False
0069485.jpg,train,train,False
0069488.jpg,train,train,False
0069490.jpg,train,train,False
0069491.jpg,train,train,False
0069493.jpg,train,train,False
0069497.jpg,val,val,False
0070005.jpg,train,train,False
0070095.jpg,train,train,False
0070172.jpg,train,train,False
0070347.jpg,train,train,False
0070379.jpg,train,train,False
0071264.jpg,train,train,False
0071385.jpg,train,train,False
0071592.jpg,val,val,False
0071595.jpg,train,train,False
0071606.jpg,train,train,False
0072359.jpg,val,val,False
0072417.jpg,train,train,False
0072520.jpg,train,train,False
0072616.jpg,val,val,False
0073409.jpg,train,train,False
0073819.jpg,train,train,False
0074492.jpg,train,train,False
0074688.jpg,train,train,False
0074919.jpg,train,train,False
0074927.jpg,train,train,False
0074957.jpg,train,train,False
0074960.jpg,train,train,False
0074966.jpg,train,train,False
0074971.jpg,val,val,False
0074972.jpg,train,train,False
0074973.jpg,train,train,False
0074975.jpg,train,train,False
0074976.jpg,train,train,False
0074985.jpg,train,train,False
0075015.jpg,train,train,False
0075016.jpg,train,train,False
0075019.jpg,train,train,False
0075024.jpg,train,train,False
0075037.jpg,train,train,False
0075047.jpg,train,train,False
0075054.jpg,train,train,False
0075059.jpg,train,train,False
0075061.jpg,train,train,False
0075063.jpg,train,train,False
0075077.jpg,val,val,False
0075084.jpg,train,train,False
0079575.jpg,train,train,False
0079746.jpg,train,train,False
0079750.jpg,train,train,False
0079874.jpg,train,train,False
0079889.jpg,train,train,False
0079908.jpg,train,train,False
0079911.jpg,train,train,False
0079913.jpg,val,val,False
0079995.jpg,train,train,False
0080201.jpg,train,train,False
0080237.jpg,val,val,False
0080255.jpg,val,val,False
0080268.jpg,train,train,False
0080323.jpg,train,train,False
0080329.jpg,train,train,False
0080366.jpg,train,train,False
0080373.jpg,train,train,False
0080376.jpg,val,val,False
0080395.jpg,train,train,False
0080401.jpg,val,val,False
0080444.jpg,val,val,False
0080458.jpg,train,train,False
0080471.jpg,train,train,False
0080488.jpg,train,train,False
0080489.jpg,train,train,False
0080498.jpg,train,train,False
0080565.jpg,train,train,False
0080738.jpg,train,train,False
0080747.jpg,train,train,False
0080748.jpg,train,train,False
0080749.jpg,train,train,False
0080758.jpg,train,train,False
0080769.jpg,train,train,False
0080770.jpg,val,val,False
0080839.jpg,train,train,False
0080864.jpg,train,train,False
0080865.jpg,train,train,False
0080866.jpg,train,train,False
0080867.jpg,train,train,False
0080875.jpg,val,val,False
0080877.jpg,train,train,False
0080882.jpg,val,val,False
0080884.jpg,train,train,False
0080888.jpg,train,train,False
0080895.jpg,val,val,False
0080957.jpg,train,train,False
0081003.jpg,train,train,False
0081028.jpg,train,train,False
0081070.jpg,train,train,False
0081072.jpg,val,val,False
0081094.jpg,train,train,False
0081102.jpg,train,train,False
0082436.jpg,train,train,False
00826.jpg,train,train,False
0082858.jpg,train,train,False
0083018.jpg,train,train,False
0083019.jpg,train,train,False
0083885.jpg,train,train,False
0083890.jpg,train,train,False
0084149.jpg,val,val,False
0084218.jpg,train,train,False
0084298.jpg,train,train,False
0084299.jpg,train,train,False
0084311.jpg,train,train,False
0084334.jpg,train,train,False
0086469.jpg,train,train,False
0086763.jpg,train,train,False
0088674.jpg,train,train,False
0088691.jpg,train,train,False
0088693.jpg,train,train,False
0088697.jpg,train,train,False
0088846.jpg,train,train,False
0092663.jpg,train,train,False
0092664.jpg,train,train,False
0092666.jpg,train,train,False
0092736.jpg,train,train,False
0093085.jpg,train,train,False
0093189.jpg,train,train,False
0093197.jpg,train,train,False
0094569.jpg,val,val,False
0094593.jpg,train,train,False
0095923.jpg,train,train,False
0097489.jpg,train,train,False
0097802.jpg,train,train,False
0098796.jpg,train,train,False
0099776.jpg,train,train,False
0100373.jpg,train,train,False
0100374.jpg,val,val,False
0100378.jpg,train,train,False
0100379.jpg,train,train,False
0100383.jpg,train,train,False
0100405.jpg,train,train,False
0100411.jpg,train,train,False
0100413.jpg,train,train,False
0100483.jpg,train,train,False
0100644.jpg,train,train,False
0100647.jpg,train,train,False
0100656.jpg,train,train,False
0100690.jpg,train,train,False
0100794.jpg,train,train,False
0100850.jpg,val,val,False
0101393.jpg,train,train,False
0102000.jpg,train,train,False
0102043.jpg,train,train,False
0102325.jpg,train,train,False
0102682.jpg,train,train,False
0102708.jpg,val,val,False
0102717.jpg,train,train,False
0102725.jpg,train,train,False
0103645.jpg,val,val,False
0103984.jpg,val,val,False
0104196.jpg,train,train,False
0104599.jpg,train,train,False
0104600.jpg,train,train,False
0104620.jpg,train,train,False
0104623.jpg,train,train,False
0105344.jpg,train,train,False
0105373.jpg,train,train,False
0105551.jpg,train,train,False
0105586.jpg,train,train,False
0105630.jpg,val,val,False
0105709.jpg,train,train,False
0105831.jpg,val,val,False
0105947.jpg,val,val,False
0105948.jpg,val,val,False
0105974.jpg,train,train,False
0105975.jpg,train,train,False
0105976.jpg,train,train,False
0105983.jpg,train,train,False
0105991.jpg,train,train,False
0105992.jpg,val,val,False
0105993.jpg,train,train,False
0106046.jpg,train,train,False
0106049.jpg,train,train,False
0106083.jpg,val,val,False
0106117.jpg,train,train,False
0106128.jpg,val,val,False
0106129.jpg,train,train,False
0106134.jpg,train,train,False
0106136.jpg,train,train,False
0106165.jpg,train,train,False
0106191.jpg,val,val,False
0106200.jpg,train,train,False
0106203.jpg,train,train,False
0106207.jpg,val,val,False
0106221.jpg,train,train,False
0106237.jpg,train,train,False
0107314.jpg,train,train,False
0107335.jpg,train,train,False
0107342.jpg,train,train,False
0107357.jpg,train,train,False
0107395.jpg,train,train,False
0107400.jpg,val,val,False
0107421.jpg,train,train,False
0107425.jpg,train,train,False
0107454.jpg,train,train,False
0107466.jpg,train,train,False
0107475.jpg,train,train,False
0107536.jpg,train,train,False
0107786.jpg,train,train,False
0107802.jpg,train,train,False
0107865.jpg,val,val,False
0107944.jpg,train,train,False
0107965.jpg,train,train,False
0107973.jpg,val,val,False
0107974.jpg,train,train,False
0108046.jpg,train,train,False
0108074.jpg,train,train,False
0108130.jpg,train,train,False
0108219.jpg,train,train,False
0108225.jpg,val,val,False
0108234.jpg,train,train,False
0108252.jpg,val,val,False
0108298.jpg,train,train,False
0108337.jpg,val,val,False
0108353.jpg,val,val,False
0108367.jpg,train,train,False
0108413.jpg,train,train,False
0108422.jpg,train,train,False
0108870.jpg,train,train,False
0124139.jpg,train,train,False
0124142.jpg,train,train,False
0139297.jpg,train,train,False
0144838.jpg,train,train,False
0145791.jpg,train,train,False
0145794.jpg,train,train,False
0149132.jpg,train,train,False
0149825.jpg,train,train,False
0150006.jpg,val,val,False
0150198.jpg,train,train,False
0150621.jpg,train,train,False
0150734.jpg,train,train,False
0151049.jpg,train,train,False
0151269.jpg,train,train,False
01689.jpg,train,train,False
02123.jpg,train,train,False
0223131.jpg,val,val,False
0223193.jpg,train,train,False
0223464.jpg,train,train,False
0223610.jpg,train,train,False
0224273.jpg,train,train,False
0224274.jpg,train,train,False
0224275.jpg,val,val,False
0224276.jpg,train,train,False
0224277.jpg,train,train,False
0228168.jpg,train,train,False
0273269.jpg,train,train,False
0273415.jpg,train,train,False
0273631.jpg,val,train,True
0273637.jpg,train,train,False
0273804.jpg,val,val,False
0273854.jpg,train,train,False
0273856.jpg,train,train,False
0273883.jpg,train,train,False
0273884.jpg,val,val,False
0273888.jpg,train,train,False
0273894.jpg,train,train,False
0273905.jpg,val,val,False
0332353.jpg,train,train,False
0332357.jpg,train,train,False
0332432.jpg,val,val,False
0332439.jpg,train,train,False
0332447.jpg,train,train,False
0332462.jpg,train,train,False
0332991.jpg,train,train,False
0335464.jpg,val,val,False
0335470.jpg,train,train,False
0335552.jpg,train,train,False
0335581.jpg,train,train,False
0335809.jpg,train,train,False
0335832.jpg,val,val,False
0335843.jpg,train,train,False
0336000.jpg,train,train,False
0336145.jpg,train,train,False
0336151.jpg,val,val,False
0336341.jpg,train,train,False
0336538.jpg,val,val,False
0336898.jpg,train,train,False
0337246.jpg,train,train,False
0337543.jpg,train,train,False
0338707.jpg,train,train,False
0338708.jpg,train,train,False
0338831.jpg,train,train,False
0338934.jpg,train,train,False
0341819.jpg,train,train,False
0341843.jpg,train,train,False
0341861.jpg,val,val,False
0341940.jpg,train,train,False
0341957.jpg,train,train,False
0341968.jpg,train,train,False
0342055.jpg,train,train,False
0343651.jpg,train,train,False
0344125.jpg,train,train,False
0344667.jpg,train,train,False
0344893.jpg,train,train,False
0344978.jpg,train,train,False
0344980.jpg,train,train,False
0344995.jpg,train,train,False
0344998.jpg,train,train,False
0345170.jpg,train,train,False
0345173.jpg,train,train,False
0346284.jpg,train,train,False
0348101.jpg,train,train,False
0348104.jpg,train,train,False
0348109.jpg,train,train,False
0348116.jpg,train,train,False
0352177.jpg,train,train,False
0352319.jpg,train,train,False
0355302.jpg,train,train,False
0355303.jpg,train,train,False
0355330.jpg,val,val,False
0355357.jpg,train,train,False
0355440.jpg,train,train,False
0355564.jpg,train,train,False
0355575.jpg,train,train,False
0355630.jpg,train,train,False
0357225.jpg,train,train,False
0357298.jpg,train,train,False
0357386.jpg,train,train,False
0357981.jpg,train,train,False
0358268.jpg,train,train,False
0358321.jpg,train,train,False
0359727.jpg,train,train,False
0365739.jpg,train,train,False
0370438.jpg,train,train,False
0370449.jpg,train,train,False
0370467.jpg,train,train,False
0370498.jpg,train,train,False
0370521.jpg,val,val,False
0370543.jpg,train,train,False
0370547.jpg,val,val,False
0370548.jpg,train,train,False
0370549.jpg,train,train,False
0370582.jpg,train,train,False
0370585.jpg,train,train,False
0370589.jpg,val,val,False
0370593.jpg,train,train,False
0370597.jpg,train,train,False
0370604.jpg,train,train,False
0370605.jpg,val,val,False
0370608.jpg,train,train,False
0370610.jpg,val,val,False
0370611.jpg,train,train,False
0370612.jpg,train,train,False
0370613.jpg,train,train,False
0370631.jpg,val,val,False
0370633.jpg,val,val,False
0370637.jpg,train,train,False
0370652.jpg,train,train,False
0370658.jpg,val,val,False
0370661.jpg,train,train,False
0370676.jpg,val,train,True
0370830.jpg,train,train,False
0370852.jpg,val,val,False
0370940.jpg,train,train,False
0370944.jpg,train,train,False
0370984.jpg,val,val,False
0371014.jpg,train,train,False
0371018.jpg,val,val,False
0371339.jpg,train,train,False
0371467.jpg,train,train,False
0371554.jpg,train,train,False
0371661.jpg,train,train,False
0371724.jpg,train,train,False
0371737.jpg,train,train,False
0371772.jpg,train,train,False
0371781.jpg,val,val,False
0371787.jpg,val,val,False
0371873.jpg,train,train,False
0372210.jpg,train,train,False
0372287.jpg,train,train,False
0372290.jpg,train,train,False
0372375.jpg,train,train,False
0372400.jpg,train,train,False
0372424.jpg,val,val,False
0372428.jpg,train,train,False
0372471.jpg,train,train,False
0372608.jpg,val,val,False
0372781.jpg,train,train,False
0372822.jpg,train,train,False
0372911.jpg,train,train,False
0373057.jpg,val,val,False
0373247.jpg,train,train,False
0373263.jpg,train,train,False
0373317.jpg,train,train,False
0373325.jpg,val,val,False
0373326.jpg,train,train,False
0373330.jpg,train,train,False
0373331.jpg,train,train,False
0373342.jpg,train,train,False
0373345.jpg,train,train,False
0373351.jpg,val,val,False
0373354.jpg,train,train,False
0373378.jpg,val,val,False
0373379.jpg,train,train,False
0373401.jpg,train,train,False
0373444.jpg,train,train,False
0373456.jpg,train,train,False
0373458.jpg,train,train,False
0373461.jpg,val,val,False
0373479.jpg,train,train,False
0373523.jpg,train,train,False
0373533.jpg,train,train,False
0373538.jpg,train,train,False
0373542.jpg,train,train,False
0373545.jpg,train,train,False
0373548.jpg,train,train,False
0373549.jpg,train,train,False
0373552.jpg,train,train,False
0373557.jpg,train,train,False
0373559.jpg,train,train,False
0373560.jpg,train,train,False
0373571.jpg,val,val,False
0373594.jpg,train,train,False
0373597.jpg,val,val,False
0373601.jpg,train,train,False
0373606.jpg,train,train,False
0373621.jpg,train,train,False
0373633.jpg,train,train,False
0373634.jpg,train,train,False
0373672.jpg,train,train,False
0373690.jpg,train,train,False
0373698.jpg,train,train,False
0373713.jpg,train,train,False
0373725.jpg,train,train,False
0373736.jpg,val,val,False
0373737.jpg,val,val,False
0373762.jpg,train,train,False
0373786.jpg,train,train,False
0373787.jpg,val,val,False
0373793.jpg,train,train,False
0373816.jpg,train,train,False
0373876.jpg,train,train,False
0373914.jpg,val,val,False
0373929.jpg,train,train,False
0373931.jpg,train,train,False
0373932.jpg,train,train,False
0373934.jpg,train,train,False
0373935.jpg,train,train,False
0373936.jpg,train,train,False
0373937.jpg,train,train,False
0373938.jpg,train,train,False
0373950.jpg,train,train,False
0373951.jpg,train,train,False
0373954.jpg,train,train,False
0374067.jpg,train,train,False
0374153.jpg,train,train,False
0374167.jpg,train,train,False
0374232.jpg,train,train,False
0374307.jpg,train,train,False
0374322.jpg,val,val,False
0374393.jpg,val,val,False
0374411.jpg,train,train,False
0374507.jpg,val,val,False
0374514.jpg,train,train,False
0374604.jpg,val,val,False
0374670.jpg,train,train,False
0374692.jpg,val,val,False
0374697.jpg,train,train,False
0374722.jpg,train,train,False
0374740.jpg,train,train,False
0374759.jpg,train,train,False
0374760.jpg,val,val,False
0374770.jpg,train,train,False
0374773.jpg,train,train,False
0374775.jpg,train,train,False
0374783.jpg,val,val,False
0374807.jpg,val,val,False
0374823.jpg,train,train,False
0374824.jpg,train,train,False
0374848.jpg,train,train,False
0374854.jpg,train,train,False
0374967.jpg,train,train,False
0375235.jpg,train,train,False
0375237.jpg,train,train,False
0375240.jpg,train,train,False
0375287.jpg,train,train,False
0375289.jpg,train,train,False
0375298.jpg,train,train,False
0375299.jpg,train,train,False
0375306.jpg,train,train,False
0375324.jpg,val,val,False
0375328.jpg,val,val,False
0375514.jpg,train,train,False
0375516.jpg,val,val,False
0375520.jpg,val,val,False
0375522.jpg,train,train,False
0375523.jpg,train,train,False
0375524.jpg,train,train,False
0375525.jpg,train,train,False
0375526.jpg,val,val,False
0375527.jpg,train,train,False
0375529.jpg,train,train,False
0375530.jpg,val,val,False
0375531.jpg,train,train,False
0375543.jpg,train,train,False
0375700.jpg,train,train,False
0375742.jpg,val,val,False
0375763.jpg,train,train,False
0375764.jpg,train,train,False
0375775.jpg,train,train,False
0375782.jpg,train,train,False
0375795.jpg,train,train,False
0375799.jpg,train,train,False
0375814.jpg,train,train,False
0375829.jpg,train,train,False
0375870.jpg,train,train,False
0375911.jpg,train,train,False
0375954.jpg,train,train,False
0375958.jpg,train,train,False
0375960.jpg,train,train,False
0375961.jpg,val,val,False
0375964.jpg,train,train,False
0375967.jpg,train,train,False
0376073.jpg,train,train,False
0376114.jpg,train,train,False
0376117.jpg,train,train,False
0376199.jpg,train,train,False
0376334.jpg,train,train,False
0376354.jpg,train,train,False
0376356.jpg,train,train,False
0376357.jpg,train,train,False
0376358.jpg,val,val,False
0376371.jpg,val,val,False
0376372.jpg,train,train,False
0376375.jpg,train,train,False
0376432.jpg,train,train,False
0376443.jpg,train,train,False
0376447.jpg,train,train,False
0376449.jpg,train,train,False
0376450.jpg,train,train,False
0376484.jpg,train,train,False
0376495.jpg,train,train,False
0376500.jpg,train,train,False
0376574.jpg,train,train,False
0376576.jpg,train,train,False
0376578.jpg,train,train,False
0376664.jpg,val,val,False
0376665.jpg,train,train,False
0376744.jpg,train,train,False
0377163.jpg,train,train,False
0377166.jpg,train,train,False
0377172.jpg,train,train,False
0377328.jpg,val,val,False
0377342.jpg,train,train,False
0377363.jpg,train,train,False
0377364.jpg,train,train,False
0377367.jpg,train,train,False
0377395.jpg,train,train,False
0377404.jpg,train,train,False
0377434.jpg,train,train,False
0377446.jpg,train,train,False
0377447.jpg,train,train,False
0377476.jpg,train,train,False
0377495.jpg,train,train,False
0377496.jpg,val,val,False
0377497.jpg,train,train,False
0377507.jpg,train,train,False
0377508.jpg,train,train,False
0377520.jpg,train,train,False
0377521.jpg,train,train,False
0377545.jpg,val,val,False
0377552.jpg,val,val,False
0377561.jpg,val,val,False
0377611.jpg,train,train,False
0377732.jpg,train,train,False
0377739.jpg,train,train,False
0377740.jpg,train,train,False
0377741.jpg,val,val,False
0377742.jpg,val,val,False
0377743.jpg,train,train,False
0377757.jpg,val,val,False
0377758.jpg,val,val,False
0377761.jpg,train,train,False
0377762.jpg,train,train,False
0377763.jpg,train,train,False
0377789.jpg,train,train,False
0377830.jpg,train,train,False
0377838.jpg,val,val,False
0377845.jpg,train,train,False
03780.jpg,train,train,False
0378107.jpg,val,val,False
0378113.jpg,val,val,False
0378114.jpg,train,train,False
0378117.jpg,train,train,False
0378128.jpg,val,val,False
0378134.jpg,train,train,False
0378167.jpg,train,train,False
0378177.jpg,train,train,False
0378183.jpg,train,train,False
0378220.jpg,train,train,False
0378221.jpg,train,train,False
0378240.jpg,train,train,False
0378248.jpg,val,val,False
0378253.jpg,val,val,False
0378274.jpg,train,train,False
0378479.jpg,train,train,False
0378491.jpg,val,val,False
0378554.jpg,val,val,False
0378574.jpg,train,train,False
0378581.jpg,val,val,False
0378601.jpg,val,val,False
0378607.jpg,train,train,False
0378641.jpg,train,train,False
0378704.jpg,train,train,False
0378714.jpg,train,train,False
0378718.jpg,train,train,False
0378723.jpg,train,train,False
0378737.jpg,train,train,False
0382781.jpg,train,train,False
0386036.jpg,train,train,False
0386084.jpg,train,train,False
0386086.jpg,val,val,False
0386087.jpg,train,train,False
0386413.jpg,train,train,False
0386414.jpg,train,train,False
0388788.jpg,train,train,False
0390651.jpg,train,train,False
0390793.jpg,val,val,False
0390841.jpg,train,train,False
0390871.jpg,train,train,False
0390881.jpg,train,train,False
0390889.jpg,train,train,False
0390892.jpg,train,train,False
0390915.jpg,train,train,False
0390929.jpg,train,train,False
0390981.jpg,train,train,False
0391021.jpg,val,val,False
0391041.jpg,val,val,False
0391046.jpg,train,train,False
0391132.jpg,train,train,False
0391143.jpg,train,train,False
0391144.jpg,train,train,False
0391168.jpg,val,val,False
0391229.jpg,train,train,False
0391236.jpg,train,train,False
0391248.jpg,train,train,False
0391405.jpg,val,val,False
0391723.jpg,train,train,False
0391740.jpg,train,train,False
0391747.jpg,train,train,False
0391782.jpg,train,train,False
0391790.jpg,train,train,False
0391792.jpg,train,train,False
0391799.jpg,train,train,False
0391805.jpg,train,train,False
0391822.jpg,train,train,False
0391825.jpg,val,val,False
0391838.jpg,train,train,False
0391842.jpg,train,train,False
0391844.jpg,train,train,False
0391855.jpg,train,train,False
0391894.jpg,train,train,False
0391924.jpg,train,train,False
0391953.jpg,train,train,False
0391960.jpg,train,train,False
0391969.jpg,val,val,False
0391995.jpg,train,train,False
0392014.jpg,train,train,False
0392022.jpg,val,val,False
0392064.jpg,val,val,False
0392080.jpg,train,train,False
0392114.jpg,train,train,False
0392115.jpg,train,train,False
0392129.jpg,train,train,False
0392347.jpg,train,train,False
0392350.jpg,train,train,False
0392410.jpg,train,train,False
0392420.jpg,train,train,False
0392520.jpg,train,train,False
0392531.jpg,train,train,False
0392539.jpg,val,val,False
0392548.jpg,val,val,False
0392568.jpg,train,train,False
0392581.jpg,train,train,False
0392590.jpg,train,train,False
0392600.jpg,val,val,False
0394634.jpg,train,train,False
0394635.jpg,train,train,False
0394636.jpg,val,val,False
03947.jpg,train,train,False
0394847.jpg,train,train,False
0394900.jpg,train,train,False
0394937.jpg,train,train,False
0395324.jpg,train,train,False
0395353.jpg,train,train,False
0395354.jpg,train,train,False
0395807.jpg,train,train,False
0395878.jpg,train,train,False
0395892.jpg,val,val,False
0395903.jpg,train,train,False
0395945.jpg,train,train,False
0396112.jpg,train,train,False
0396118.jpg,train,train,False
0396122.jpg,train,train,False
0396126.jpg,train,train,False
0396128.jpg,train,train,False
0396148.jpg,train,train,False
0396149.jpg,val,val,False
0396157.jpg,train,train,False
0396169.jpg,val,val,False
0396174.jpg,train,train,False
0396177.jpg,train,train,False
0396197.jpg,train,train,False
03965.jpg,val,val,False
0396575.jpg,train,train,False
0396934.jpg,train,train,False
0396963.jpg,train,train,False
0396964.jpg,train,train,False
0397525.jpg,val,val,False
0397712.jpg,train,train,False
0397796.jpg,train,train,False
0397804.jpg,train,train,False
0397834.jpg,train,train,False
0398074.jpg,train,train,False
0398215.jpg,train,train,False
0398335.jpg,train,train,False
0398419.jpg,val,val,False
0398430.jpg,train,train,False
0398670.jpg,train,train,False
0398685.jpg,train,train,False
0398698.jpg,val,val,False
0398993.jpg,val,val,False
0399055.jpg,train,train,False
0399260.jpg,train,train,False
0399410.jpg,train,train,False
0399471.jpg,val,val,False
0399654.jpg,train,train,False
0399701.jpg,train,train,False
0400397.jpg,train,train,False
0400479.jpg,train,train,False
0400621.jpg,train,train,False
0400965.jpg,val,val,False
0401502.jpg,val,val,False
0401523.jpg,train,train,False
0401607.jpg,train,train,False
0401728.jpg,val,val,False
0401731.jpg,train,train,False
0401777.jpg,val,val,False
0401855.jpg,train,train,False
0401911.jpg,train,train,False
0401960.jpg,train,train,False
0401973.jpg,train,train,False
0401994.jpg,train,train,False
0402003.jpg,train,train,False
0402620.jpg,train,train,False
0402631.jpg,train,train,False
0402636.jpg,train,train,False
0402946.jpg,train,train,False
0403030.jpg,train,train,False
0403078.jpg,train,train,False
0403087.jpg,train,train,False
0403484.jpg,train,train,False
0403563.jpg,val,val,False
0403790.jpg,train,train,False
0403812.jpg,train,train,False
0403838.jpg,train,train,False
0403846.jpg,train,train,False
0403902.jpg,train,train,False
0404023.jpg,train,train,False
0404024.jpg,val,val,False
0404158.jpg,train,train,False
0404179.jpg,train,train,False
0404220.jpg,train,train,False
0404224.jpg,train,train,False
0404474.jpg,train,train,False
0404489.jpg,train,train,False
0404581.jpg,train,train,False
0404584.jpg,train,train,False
0404655.jpg,val,val,False
0404679.jpg,train,train,False
0404761.jpg,train,train,False
0404763.jpg,train,train,False
0404769.jpg,val,val,False
0404794.jpg,train,train,False
0404866.jpg,val,val,False
0404893.jpg,train,train,False
0406416.jpg,train,train,False
0406923.jpg,train,train,False
0407180.jpg,train,train,False
0407212.jpg,val,val,False
0407275.jpg,val,val,False
0407603.jpg,train,train,False
0407749.jpg,train,train,False
0408687.jpg,train,train,False
0408689.jpg,train,train,False
0409279.jpg,train,train,False
0409409.jpg,train,train,False
0409436.jpg,train,train,False
0409509.jpg,val,val,False
0409519.jpg,train,train,False
0410663.jpg,train,train,False
0413409.jpg,val,val,False
0413421.jpg,train,train,False
0413512.jpg,train,train,False
0413982.jpg,train,train,False
0414791.jpg,train,train,False
0414914.jpg,train,train,False
0415190.jpg,train,train,False
0415266.jpg,train,train,False
0415287.jpg,train,train,False
0415507.jpg,train,train,False
0415609.jpg,train,train,False
0415971.jpg,val,val,False
0416101.jpg,train,train,False
0416137.jpg,train,train,False
0416260.jpg,train,train,False
0416268.jpg,train,train,False
0416512.jpg,train,train,False
0416574.jpg,train,train,False
0416777.jpg,val,val,False
0416819.jpg,train,train,False
0417312.jpg,train,train,False
0417477.jpg,train,train,False
0417566.jpg,train,train,False
0417761.jpg,train,train,False
0417806.jpg,val,val,False
0418058.jpg,val,val,False
0418088.jpg,train,train,False
0418101.jpg,val,val,False
0418125.jpg,train,train,False
0418144.jpg,train,train,False
0418147.jpg,train,train,False
0418150.jpg,train,train,False
0418184.jpg,val,val,False
0418192.jpg,train,train,False
0418215.jpg,train,train,False
0418236.jpg,train,train,False
0418270.jpg,train,train,False
0418447.jpg,train,train,False
0418511.jpg,train,train,False
0418672.jpg,train,train,False
0418769.jpg,train,train,False
0418786.jpg,train,train,False
0418788.jpg,train,train,False
0418980.jpg,train,train,False
0419091.jpg,train,train,False
0419146.jpg,train,train,False
0419554.jpg,train,train,False
0420193.jpg,val,val,False
0420284.jpg,train,train,False
0420369.jpg,val,val,False
0420760.jpg,train,train,False
0422085.jpg,train,train,False
0422442.jpg,val,val,False
0422453.jpg,train,train,False
0422622.jpg,val,val,False
0422781.jpg,train,train,False
0422830.jpg,val,val,False
0422842.jpg,train,train,False
0422851.jpg,train,train,False
0422855.jpg,train,train,False
0422882.jpg,train,train,False
0423067.jpg,val,val,False
0424339.jpg,train,train,False
0427074.jpg,train,train,False
0427085.jpg,train,train,False
0427432.jpg,train,train,False
0427437.jpg,val,val,False
0427903.jpg,train,train,False
0427908.jpg,train,train,False
0428369.jpg,val,val,False
0428662.jpg,val,val,False
0428681.jpg,train,train,False
0428716.jpg,val,val,False
0428799.jpg,train,train,False
0428867.jpg,train,train,False
0429060.jpg,val,val,False
0429098.jpg,train,train,False
0429407.jpg,val,val,False
0429572.jpg,train,train,False
0430383.jpg,train,train,False
0430711.jpg,train,train,False
0431218.jpg,val,val,False
0431228.jpg,train,train,False
0431246.jpg,train,train,False
0431419.jpg,train,train,False
0431420.jpg,val,val,False
0431438.jpg,train,train,False
0431471.jpg,val,val,False
0431476.jpg,val,val,False
0431527.jpg,train,train,False
0431594.jpg,train,train,False
0431849.jpg,val,val,False
0432074.jpg,train,train,False
0432076.jpg,train,train,False
0432215.jpg,val,val,False
0432243.jpg,train,train,False
0432245.jpg,train,train,False
0432266.jpg,train,train,False
0432291.jpg,train,train,False
0437133.jpg,train,train,False
0445291.jpg,train,train,False
0449834.jpg,train,train,False
04565.jpg,train,train,False
0457536.jpg,train,train,False
0457583.jpg,train,train,False
0457600.jpg,train,train,False
04969.jpg,train,train,False
1005_data.jpg,train,train,False
1006_data.jpg,val,val,False
1007_data.jpg,train,train,False
1008_data.jpg,train,train,False
1009_data.jpg,val,val,False
1010_data.jpg,train,train,False
1011_data.jpg,train,train,False
1043_data.jpg,val,val,False
1044_data.jpg,train,train,False
1045_data.jpg,train,train,False
1049_data.jpg,val,val,False
1064_data.jpg,train,train,False
1069_data.jpg,train,train,False
1072_data.jpg,train,train,False
1083_data.jpg,train,train,False
1084_data.jpg,train,train,False
1092_data.jpg,train,train,False
11097.jpg,train,train,False
11114.jpg,train,train,False
1160_data.jpg,train,train,False
1162_data.jpg,train,train,False
1181_data.jpg,val,val,False
1182_data.jpg,train,train,False
1183_data.jpg,train,train,False
1205_data.jpg,train,train,False
1211_data.jpg,train,train,False
1212_data.jpg,train,train,False
1213_data.jpg,train,train,False
1214_data.jpg,train,train,False
1232_data.jpg,val,val,False
1281_data.jpg,train,train,False
1286_data.jpg,train,train,False
1288_data.jpg,train,train,False
13149.jpg,train,train,False
1324_data.jpg,val,val,False
1325_data.jpg,train,train,False
1326_data.jpg,val,val,False
1328_data.jpg,train,train,False
1329_data.jpg,train,train,False
1331_data.jpg,train,train,False
1332_data.jpg,train,train,False
1333_data.jpg,val,val,False
1334_data.jpg,train,train,False
1335_data.jpg,train,train,False
1337_data.jpg,train,train,False
1338_data.jpg,val,val,False
1341_data.jpg,train,train,False
1346_data.jpg,train,train,False
1347_data.jpg,train,train,False
1348_data.jpg,val,val,False
13494.jpg,train,train,False
1349_data.jpg,val,val,False
1350_data.jpg,train,train,False
1365_data.jpg,train,train,False
1368_data.jpg,val,val,False
1371_data.jpg,train,train,False
1372_data.jpg,val,val,False
1384_data.jpg,train,train,False
14066.jpg,train,train,False
1411_data.jpg,train,train,False
1425_data.jpg,train,train,False
1458_data.jpg,train,train,False
14609.jpg,train,train,False
1462_data.jpg,train,train,False
1465_data.jpg,train,train,False
1466_data.jpg,train,train,False
1494_data.jpg,val,val,False
1741_data.jpg,train,train,False
17632.jpg,train,train,False
17958.jpg,train,train,False
1996_data.jpg,val,val,False
2001_data.jpg,train,train,False
2002_data.jpg,train,train,False
2012_data.jpg,val,val,False
2047_data.jpg,val,val,False
2105_data.jpg,val,val,False
2116_data.jpg,val,val,False
2199_data.jpg,train,train,False
2200_data.jpg,train,train,False
2242_data.jpg,train,train,False
2369_data.jpg,train,train,False
2370_data.jpg,train,train,False
2372_data.jpg,train,train,False
2373_data.jpg,train,train,False
2374_data.jpg,train,train,False
2375_data.jpg,train,train,False
2376_data.jpg,val,val,False
2377_data.jpg,train,train,False
2378_data.jpg,train,train,False
2379_data.jpg,train,train,False
2380_data.jpg,train,train,False
2761_data.jpg,train,train,False
2801_data.jpg,val,val,False
2880_data.jpg,train,train,False
2959_data.jpg,train,train,False
30064.jpg,train,train,False
30782.jpg,train,train,False
372_data.jpg,train,train,False
38516.jpg,val,val,False
40904.jpg,train,train,False
40950.jpg,val,val,False
467_data.jpg,train,train,False
54642.jpg,train,train,False
546_data.jpg,train,train,False
909_data.jpg,train,train,False
912_data.jpg,val,val,False
913_data.jpg,train,train,False
930_data.jpg,train,train,False
935_data.jpg,train,train,False
939_data.jpg,train,train,False
942_data.jpg,val,val,False
949_data.jpg,train,train,False
953_data.jpg,train,train,False
956_data.jpg,train,train,False
978_data.jpg,train,train,False
979_data.jpg,train,train,False
982_data.jpg,val,val,False
983_data.jpg,train,train,False
984_data.jpg,train,train,False
985_data.jpg,train,train,False
988_data.jpg,train,train,False
989_data.jpg,train,train,False
993_data.jpg,train,train,False
996_data.jpg,train,train,False
999_data.jpg,train,train,False
AAA (1).jpg,train,train,False
AAA (2).jpg,train,train,False
AAA (3).jpg,train,train,False
E_000074.jpg,train,train,False
E_000075.jpg,val,val,False
E_000099.jpg,train,train,False
E_000102.jpg,val,val,False
E_000355.jpg,val,val,False
E_000371.jpg,val,val,False
E_000372.jpg,val,val,False
E_000374.jpg,val,val,False
E_000720.jpg,train,train,False
E_000909.jpg,train,train,False
E_000910.jpg,train,train,False
E_000928.jpg,val,val,False
E_000929.jpg,train,train,False
E_000935.jpg,train,val,True
E_001043.jpg,train,train,False
E_001369.jpg,train,train,False
E_001453.jpg,train,train,False
E_001454.jpg,train,train,False
E_001455.jpg,train,train,False
E_001456.jpg,train,train,False
E_001457.jpg,val,val,False
E_001459.jpg,train,train,False
E_001460.jpg,train,train,False
E_001463.jpg,train,train,False
E_001464.jpg,val,val,False
E_001465.jpg,val,val,False
E_001466.jpg,train,train,False
E_001468.jpg,train,train,False
E_001471.jpg,val,val,False
E_001472.jpg,train,train,False
E_001476.jpg,val,val,False
E_001477.jpg,train,train,False
E_001479.jpg,train,train,False
E_001482.jpg,val,val,False
E_001483.jpg,train,train,False
E_001484.jpg,train,train,False
E_001485.jpg,val,val,False
E_001487.jpg,train,train,False
E_001513.jpg,train,train,False
E_001698.jpg,train,train,False
E_001825.jpg,train,train,False
E_001868.jpg,train,train,False
E_001912.jpg,train,train,False
E_001929.jpg,val,val,False
E_001931.jpg,train,train,False
E_001944.jpg,train,train,False
E_002011.jpg,train,train,False
E_002024.jpg,train,train,False
E_002070.jpg,val,val,False
E_002071.jpg,val,val,False
E_002695.jpg,val,val,False
E_003198.jpg,train,train,False
E_003211.jpg,train,train,False
E_003262.jpg,train,train,False
E_003304.jpg,val,val,False
E_003305.jpg,train,train,False
E_003307.jpg,val,val,False
E_003309.jpg,train,train,False
E_003310.jpg,train,train,False
E_003311.jpg,train,train,False
E_003314.jpg,train,train,False
E_003318.jpg,train,train,False
E_003319.jpg,train,train,False
E_003324.jpg,train,train,False
E_003326.jpg,train,train,False
E_003327.jpg,train,train,False
E_003328.jpg,val,val,False
E_003329.jpg,train,train,False
E_003330.jpg,train,train,False
E_003334.jpg,train,train,False
E_003335.jpg,train,train,False
E_003336.jpg,train,train,False
E_003337.jpg,train,train,False
E_003338.jpg,train,train,False
E_003341.jpg,train,train,False
E_003343.jpg,train,train,False
E_003347.jpg,train,train,False
E_003348.jpg,train,train,False
E_003349.jpg,train,train,False
E_003350.jpg,train,train,False
E_003352.jpg,train,train,False
E_003353.jpg,train,train,False
E_003354.jpg,train,train,False
E_003356.jpg,train,train,False
E_003357.jpg,train,train,False
E_003358.jpg,train,train,False
E_003359.jpg,train,train,False
E_003360.jpg,val,val,False
E_003361.jpg,val,val,False
E_003362.jpg,train,train,False
E_003363.jpg,train,train,False
E_003364.jpg,train,train,False
E_003365.jpg,train,train,False
E_003367.jpg,train,train,False
E_003368.jpg,val,val,False
E_003369.jpg,train,train,False
E_003370.jpg,train,train,False
E_003371.jpg,train,train,False
E_003372.jpg,train,train,False
E_003373.jpg,train,train,False
E_003374.jpg,train,train,False
E_003376.jpg,val,val,False
E_003377.jpg,val,val,False
E_003378.jpg,train,train,False
E_003379.jpg,val,val,False
E_003380.jpg,train,train,False
E_003385.jpg,train,train,False
E_003392.jpg,train,train,False
E_003393.jpg,val,val,False
E_003394.jpg,train,train,False
E_003395.jpg,train,train,False
E_003396.jpg,val,val,False
E_003397.jpg,train,train,False
E_003401.jpg,train,train,False
E_003409.jpg,train,train,False
E_003410.jpg,val,val,False
E_003411.jpg,val,val,False
E_003412.jpg,train,train,False
E_003413.jpg,train,train,False
E_003414.jpg,train,train,False
E_003415.jpg,train,train,False
E_003416.jpg,train,train,False
E_003417.jpg,train,train,False
E_003418.jpg,train,train,False
E_003428.jpg,train,train,False
E_003429.jpg,val,val,False
E_003430.jpg,train,train,False
E_003431.jpg,train,train,False
E_003432.jpg,train,train,False
E_003433.jpg,train,train,False
E_003434.jpg,train,train,False
E_003435.jpg,train,train,False
E_003436.jpg,val,val,False
E_003438.jpg,train,train,False
E_003439.jpg,train,train,False
E_003442.jpg,train,train,False
E_003443.jpg,train,train,False
E_003444.jpg,val,val,False
E_003445.jpg,train,train,False
E_003447.jpg,train,train,False
E_003449.jpg,train,train,False
E_003451.jpg,train,train,False
E_003452.jpg,train,train,False
E_003453.jpg,train,train,False
E_003454.jpg,train,train,False
E_003455.jpg,train,train,False
E_003457.jpg,train,train,False
E_003458.jpg,train,train,False
E_003459.jpg,train,train,False
E_003460.jpg,train,train,False
E_003461.jpg,train,train,False
E_003462.jpg,val,val,False
E_003463.jpg,train,train,False
E_003464.jpg,train,train,False
E_003465.jpg,train,train,False
E_003466.jpg,val,val,False
E_003467.jpg,val,val,False
E_003468.jpg,train,train,False
E_003469.jpg,train,train,False
E_003470.jpg,train,train,False
E_003471.jpg,train,train,False
E_003472.jpg,train,train,False
E_003473.jpg,train,train,False
E_003475.jpg,train,train,False
E_003476.jpg,train,train,False
E_003477.jpg,train,train,False
E_003478.jpg,train,train,False
E_003479.jpg,train,train,False
E_003481.jpg,train,train,False
E_003482.jpg,train,train,False
E_003483.jpg,train,train,False
E_003484.jpg,train,train,False
E_003485.jpg,train,train,False
E_003486.jpg,train,train,False
E_003487.jpg,train,train,False
E_003489.jpg,train,train,False
E_003490.jpg,train,train,False
E_003491.jpg,train,train,False
E_003492.jpg,val,val,False
E_003493.jpg,train,train,False
E_003495.jpg,train,train,False
E_003496.jpg,train,train,False
E_003497.jpg,train,train,False
E_003498.jpg,train,train,False
E_003499.jpg,train,train,False
E_003500.jpg,train,train,False
E_003501.jpg,train,train,False
E_003503.jpg,train,train,False
E_003504.jpg,val,val,False
E_003505.jpg,val,val,False
E_003506.jpg,train,train,False
E_003507.jpg,train,train,False
E_003509.jpg,val,val,False
E_003511.jpg,val,val,False
E_003512.jpg,train,train,False
E_003513.jpg,train,train,False
E_003514.jpg,train,train,False
E_003515.jpg,train,train,False
E_003516.jpg,train,train,False
E_003517.jpg,train,train,False
E_003518.jpg,train,train,False
E_003519.jpg,train,train,False
E_003520.jpg,val,val,False
E_003522.jpg,train,train,False
E_003523.jpg,train,train,False
E_003524.jpg,train,train,False
E_003525.jpg,train,train,False
E_003526.jpg,val,val,False
E_003527.jpg,train,train,False
E_003528.jpg,val,val,False
E_003529.jpg,train,train,False
E_003530.jpg,train,train,False
E_003531.jpg,train,train,False
E_003533.jpg,train,train,False
E_003537.jpg,val,val,False
E_003538.jpg,val,val,False
E_003539.jpg,val,val,False
E_003540.jpg,train,train,False
E_003541.jpg,train,train,False
E_003542.jpg,train,train,False
E_003543.jpg,train,train,False
E_003545.jpg,train,train,False
E_003546.jpg,train,train,False
E_003547.jpg,train,train,False
E_003548.jpg,train,train,False
E_003550.jpg,val,val,False
E_003551.jpg,train,train,False
E_003552.jpg,train,train,False
E_003556.jpg,train,train,False
E_003558.jpg,train,train,False
E_003559.jpg,train,train,False
E_003562.jpg,train,train,False
E_003564.jpg,val,val,False
E_003565.jpg,train,train,False
E_003566.jpg,train,train,False
E_003567.jpg,train,train,False
E_003568.jpg,train,train,False
E_003569.jpg,val,val,False
E_003570.jpg,train,train,False
E_003571.jpg,train,train,False
E_003572.jpg,val,val,False
E_003573.jpg,val,val,False
E_003575.jpg,train,train,False
E_003576.jpg,val,val,False
E_003578.jpg,val,val,False
E_003579.jpg,train,train,False
E_003581.jpg,train,train,False
E_003585.jpg,train,train,False
E_003586.jpg,val,val,False
E_003588.jpg,train,train,False
E_003590.jpg,train,train,False
E_003591.jpg,train,train,False
E_003593.jpg,train,train,False
E_003595.jpg,train,train,False
E_003601.jpg,train,train,False
E_003603.jpg,train,train,False
E_003604.jpg,train,train,False
E_003605.jpg,train,train,False
E_003608.jpg,val,val,False
E_003609.jpg,train,train,False
E_003611.jpg,train,train,False
E_003612.jpg,val,val,False
E_003614.jpg,train,train,False
E_003615.jpg,train,train,False
E_003616.jpg,train,train,False
E_003617.jpg,train,train,False
E_003618.jpg,train,train,False
E_003621.jpg,train,train,False
E_003622.jpg,train,train,False
E_003623.jpg,train,train,False
E_003624.jpg,val,val,False
E_003625.jpg,train,train,False
E_003631.jpg,train,train,False
E_003632.jpg,train,train,False
E_003634.jpg,train,train,False
E_003636.jpg,train,train,False
E_003637.jpg,train,train,False
E_003638.jpg,train,train,False
E_003639.jpg,train,train,False
E_003640.jpg,train,train,False
E_003641.jpg,train,train,False
E_003642.jpg,train,train,False
E_003643.jpg,train,train,False
E_003644.jpg,train,train,False
E_003645.jpg,train,train,False
E_003646.jpg,train,train,False
E_003647.jpg,train,train,False
E_003653.jpg,train,train,False
E_003654.jpg,train,train,False
E_003655.jpg,train,train,False
E_003656.jpg,train,train,False
E_003657.jpg,train,train,False
E_003658.jpg,train,train,False
E_003659.jpg,train,train,False
E_003663.jpg,train,train,False
E_003666.jpg,val,val,False
E_003670.jpg,train,train,False
E_003676.jpg,val,val,False
E_003677.jpg,train,train,False
E_003686.jpg,val,val,False
E_003699.jpg,train,train,False
E_003725.jpg,val,val,False
E_003733.jpg,train,train,False
E_003735.jpg,train,train,False
E_003748.jpg,val,val,False
E_003769.jpg,val,val,False
E_003778.jpg,train,train,False
E_003786.jpg,train,train,False
E_003799.jpg,train,train,False
E_003803.jpg,train,train,False
E_003805.jpg,train,train,False
E_003814.jpg,train,train,False
E_003840.jpg,train,train,False
E_003859.jpg,train,train,False
E_003862.jpg,train,train,False
E_003870.jpg,train,train,False
E_003886.jpg,train,train,False
E_003894.jpg,val,val,False
E_003896.jpg,train,train,False
E_003944.jpg,train,train,False
E_003945.jpg,train,train,False
E_003960.jpg,train,train,False
E_004025.jpg,train,train,False
E_004058.jpg,train,train,False
E_004079.jpg,train,train,False
E_004080.jpg,val,val,False
E_004096.jpg,train,train,False
E_004120.jpg,train,train,False
E_004171.jpg,train,train,False
E_004195.jpg,train,train,False
E_004286.jpg,train,train,False
E_004287.jpg,train,train,False
E_004333.jpg,train,train,False
E_004382.jpg,train,train,False
E_004417.jpg,train,train,False
E_004464.jpg,val,val,False
E_004523.jpg,val,val,False
E_004700.jpg,val,val,False
E_004838.jpg,val,val,False
E_004841.jpg,train,train,False
E_004842.jpg,val,val,False
E_004939.jpg,train,train,False
E_005148.jpg,train,train,False
E_005290.jpg,train,train,False
E_005291.jpg,train,train,False
E_005340.jpg,train,train,False
E_005385.jpg,val,val,False
E_005455.jpg,train,train,False
E_005498.jpg,train,train,False
E_005504.jpg,train,train,False
E_005858.jpg,train,train,False
E_005906.jpg,val,val,False
E_005907.jpg,train,train,False
E_005921.jpg,train,train,False
E_006061.jpg,val,val,False
E_006158.jpg,train,train,False
E_006187.jpg,train,train,False
E_006220.jpg,val,val,False
E_006283.jpg,train,train,False
E_007419.jpg,val,val,False
E_007422.jpg,val,val,False
E_007424.jpg,train,train,False
E_007426.jpg,train,train,False
E_007559.jpg,train,train,False
E_007626.jpg,train,train,False
E_007630.jpg,train,train,False
E_007631.jpg,train,train,False
E_008211.jpg,val,val,False
E_008440.jpg,train,train,False
E_008553.jpg,train,train,False
E_008554.jpg,val,val,False
E_008640.jpg,train,train,False
E_008739.jpg,train,train,False
E_008741.jpg,train,train,False
E_008742.jpg,train,train,False
E_008752.jpg,train,train,False
E_009752.jpg,train,train,False
E_010234.jpg,train,train,False
E_010343.jpg,train,train,False
E_010353.jpg,train,train,False
E_010365.jpg,train,train,False
E_010377.jpg,train,train,False
E_010395.jpg,val,val,False
E_010396.jpg,train,train,False
E_010414.jpg,train,train,False
E_010417.jpg,train,train,False
E_010937.jpg,train,train,False
E_010977.jpg,val,val,False
E_010981.jpg,train,train,False
E_011129.jpg,train,train,False
E_012432.jpg,train,train,False
E_012502.jpg,train,train,False
E_012610.jpg,val,val,False
E_012614.jpg,val,val,False
E_012616.jpg,train,train,False
E_012618.jpg,train,train,False
E_016047.jpg,train,train,False
S_10000039.jpg,val,val,False
S_10000057.jpg,train,train,False
S_10000624.jpg,train,train,False
S_10000780.jpg,train,train,False
S_10001248.jpg,train,train,False
S_10001422.jpg,train,train,False
S_10001636.jpg,train,train,False
S_10001733.jpg,train,train,False
S_10001734.jpg,train,train,False
S_10001801.jpg,train,train,False
S_10002205.jpg,train,train,False
S_10002416.jpg,val,val,False
S_10002432.jpg,train,train,False
S_10002943.jpg,val,val,False
S_10002944.jpg,val,val,False
S_10003004.jpg,train,train,False
S_10003027.jpg,train,train,False
S_10003080.jpg,train,train,False
S_10003313.jpg,train,train,False
S_10003314.jpg,train,train,False
S_10003315.jpg,train,train,False
S_10003333.jpg,train,train,False
S_10003343.jpg,train,train,False
S_10003512.jpg,train,train,False
S_10003823.jpg,train,train,False
S_10003915.jpg,train,train,False
S_10003919.jpg,train,train,False
S_10003944.jpg,train,train,False
S_10003984.jpg,train,train,False
S_10003988.jpg,val,val,False
S_10004020.jpg,train,train,False
S_10004036.jpg,train,train,False
S_10004037.jpg,train,train,False
S_10004052.jpg,train,train,False
S_10004055.jpg,train,train,False
S_10004058.jpg,train,train,False
S_10004080.jpg,train,train,False
S_10004097.jpg,train,train,False
S_10004114.jpg,train,train,False
S_10004148.jpg,train,train,False
S_10004158.jpg,train,train,False
S_10004166.jpg,train,train,False
S_10004193.jpg,train,train,False
S_10004250.jpg,train,train,False
S_10004278.jpg,train,train,False
S_10004291.jpg,val,val,False
S_10004587.jpg,train,train,False
S_10004759.jpg,train,train,False
S_10004760.jpg,train,train,False
S_10004784.jpg,train,train,False
S_10004816.jpg,val,val,False
S_10004896.jpg,train,train,False
S_10004919.jpg,train,train,False
S_10004971.jpg,train,train,False
S_10004999.jpg,train,train,False
S_10005029.jpg,val,val,False
S_10005080.jpg,train,train,False
S_10005120.jpg,train,train,False
S_10005140.jpg,train,train,False
S_10005163.jpg,val,val,False
S_10005181.jpg,train,train,False
S_10005205.jpg,train,train,False
S_10005208.jpg,val,val,False
S_10005251.jpg,val,val,False
S_10005299.jpg,train,train,False
S_10005302.jpg,train,train,False
S_10005371.jpg,train,train,False
S_10005377.jpg,train,train,False
S_10005579.jpg,train,train,False
S_10005584.jpg,val,val,False
S_10005588.jpg,train,train,False
S_10005602.jpg,train,train,False
S_10006127.jpg,train,train,False
S_10006131.jpg,train,train,False
S_10007086.jpg,val,val,False
S_10007295.jpg,train,train,False
S_10007480.jpg,train,train,False
S_10007492.jpg,val,val,False
S_10007961.jpg,train,train,False
S_10007994.jpg,train,train,False
S_10008030.jpg,train,train,False
S_10008595.jpg,train,train,False
S_10008647.jpg,train,train,False
S_10008665.jpg,train,train,False
S_10008849.jpg,val,val,False
S_10009094.jpg,train,train,False
S_10009105.jpg,train,train,False
S_10009536.jpg,val,val,False
S_10009551.jpg,train,train,False
S_10009589.jpg,val,val,False
S_10009626.jpg,train,train,False
S_10009673.jpg,val,val,False
S_10009750.jpg,val,val,False
S_10009756.jpg,train,train,False
S_10009761.jpg,train,train,False
S_10009804.jpg,train,train,False
S_10009850.jpg,train,train,False
S_10009868.jpg,train,train,False
S_10009888.jpg,train,train,False
S_10009892.jpg,train,train,False
S_10009923.jpg,train,train,False
S_10009929.jpg,train,train,False
S_10009937.jpg,val,val,False
S_10009939.jpg,train,train,False
S_10009966.jpg,train,train,False
S_10009996.jpg,val,val,False
S_10009998.jpg,val,val,False
S_10010082.jpg,train,train,False
S_10010096.jpg,train,train,False
S_10010103.jpg,train,train,False
S_10010112.jpg,train,train,False
S_10010166.jpg,val,val,False
S_10010179.jpg,val,val,False
S_10010224.jpg,train,train,False
S_10010236.jpg,train,train,False
S_10010247.jpg,train,train,False
S_10010258.jpg,val,val,False
S_10010293.jpg,val,val,False
S_10010358.jpg,train,train,False
S_10010385.jpg,train,train,False
S_10010387.jpg,train,train,False
S_10010400.jpg,train,train,False
S_10010440.jpg,train,train,False
S_10010505.jpg,train,train,False
S_10010511.jpg,train,train,False
S_10010574.jpg,train,train,False
S_10010583.jpg,train,train,False
S_10010598.jpg,train,train,False
S_10010649.jpg,train,train,False
S_10010658.jpg,train,train,False
S_10010675.jpg,train,train,False
S_10010745.jpg,train,train,False
S_10010767.jpg,val,val,False
S_10011827.jpg,train,train,False
S_10011868.jpg,train,train,False
S_10011885.jpg,train,train,False
S_10011930.jpg,train,train,False
S_10011948.jpg,val,val,False
S_10011982.jpg,train,train,False
S_10012097.jpg,train,train,False
S_10012233.jpg,train,train,False
S_10012851.jpg,train,train,False
S_10013448.jpg,train,train,False
S_10013490.jpg,val,val,False
S_10013502.jpg,train,train,False
S_10013759.jpg,train,train,False
S_10013802.jpg,train,train,False
S_10014091.jpg,train,train,False
S_10014185.jpg,val,val,False
S_10014225.jpg,train,train,False
S_10014226.jpg,train,train,False
S_10014249.jpg,train,train,False
S_10014263.jpg,train,train,False
S_10014270.jpg,train,train,False
S_10014304.jpg,train,train,False
S_10014343.jpg,train,train,False
S_10014365.jpg,train,train,False
S_10014367.jpg,train,train,False
S_10014369.jpg,train,train,False
S_10014378.jpg,train,train,False
S_10014381.jpg,train,train,False
S_10014415.jpg,train,train,False
S_10014433.jpg,train,train,False
S_10014451.jpg,train,train,False
S_10014452.jpg,train,train,False
S_10014576.jpg,train,train,False
S_10014590.jpg,train,train,False
S_10014595.jpg,train,train,False
S_10014605.jpg,train,train,False
S_10014794.jpg,train,train,False
S_10014819.jpg,train,train,False
S_10014936.jpg,train,train,False
S_10014938.jpg,train,train,False
S_10015021.jpg,train,train,False
S_10015022.jpg,val,val,False
S_10015044.jpg,train,train,False
S_10015077.jpg,train,train,False
S_10015162.jpg,train,train,False
S_10015216.jpg,val,val,False
S_10015231.jpg,train,train,False
S_10015298.jpg,val,val,False
S_10015300.jpg,train,train,False
S_10015319.jpg,train,train,False
S_10015339.jpg,train,train,False
S_10015368.jpg,val,val,False
S_10015373.jpg,val,val,False
S_10015416.jpg,train,train,False
S_10015624.jpg,train,train,False
S_10016039.jpg,train,train,False
S_10016350.jpg,train,train,False
S_10016466.jpg,val,val,False
S_10016567.jpg,train,train,False
S_10016611.jpg,val,val,False
S_10016693.jpg,train,train,False
S_10016862.jpg,train,train,False
S_10016864.jpg,train,train,False
S_10016889.jpg,val,val,False
S_10017103.jpg,train,train,False
S_10017325.jpg,val,val,False
S_10022511.jpg,train,train,False
S_10023381.jpg,train,train,False
S_10024691.jpg,train,train,False
S_10024763.jpg,val,val,False
S_10024768.jpg,val,val,False
S_10026888.jpg,train,train,False
S_10026943.jpg,val,val,False
S_10028250.jpg,train,train,False
S_10028435.jpg,val,val,False
S_10028597.jpg,train,train,False
S_10028738.jpg,train,train,False
S_10028781.jpg,val,val,False
S_10028795.jpg,train,train,False
S_10028796.jpg,train,train,False
S_10028829.jpg,train,train,False
S_10028879.jpg,train,train,False
S_10029037.jpg,val,val,False
S_10029038.jpg,train,train,False
S_10029052.jpg,train,train,False
S_10029058.jpg,val,val,False
S_10029059.jpg,train,train,False
S_10029068.jpg,train,train,False
S_10029106.jpg,train,train,False
S_10029348.jpg,train,train,False
S_10029425.jpg,train,train,False
S_10029437.jpg,train,train,False
S_10029742.jpg,train,train,False
S_10029763.jpg,train,train,False
S_10029911.jpg,val,val,False
S_10030372.jpg,train,train,False
S_10030524.jpg,train,train,False
S_10030527.jpg,train,train,False
S_10030801.jpg,train,train,False
S_10030836.jpg,train,train,False
S_10030918.jpg,train,train,False
S_10030945.jpg,train,train,False
S_10030953.jpg,train,train,False
S_10030960.jpg,train,train,False
S_10030961.jpg,train,train,False
S_10030968.jpg,train,train,False
S_10030996.jpg,train,train,False
S_10031016.jpg,val,val,False
S_10031023.jpg,train,train,False
S_10031044.jpg,train,train,False
S_10031227.jpg,train,train,False
S_10031230.jpg,train,train,False
S_10031248.jpg,val,val,False
S_10031440.jpg,train,train,False
S_10031541.jpg,train,train,False
S_10031609.jpg,train,train,False
S_10031704.jpg,train,train,False
S_10032200.jpg,train,train,False
S_10032279.jpg,train,train,False
S_10032308.jpg,train,train,False
S_10032653.jpg,train,train,False
S_10035916.jpg,train,train,False
S_10036003.jpg,train,train,False
S_10036029.jpg,val,val,False
S_10036031.jpg,train,train,False
S_10036032.jpg,train,train,False
S_10036051.jpg,train,train,False
S_10036525.jpg,train,train,False
S_10036531.jpg,train,train,False
S_10036599.jpg,val,val,False
S_10036675.jpg,train,train,False
S_10036712.jpg,train,train,False
S_10036734.jpg,train,train,False
S_10036737.jpg,train,train,False
S_10036857.jpg,train,train,False
S_10037095.jpg,train,train,False
S_10037261.jpg,train,train,False
S_10037262.jpg,train,train,False
S_10037318.jpg,train,train,False
S_10037342.jpg,train,train,False
S_10037373.jpg,train,train,False
S_10037376.jpg,val,val,False
S_10037425.jpg,train,train,False
S_10037469.jpg,train,train,False
S_10040721.jpg,train,train,False
S_10041552.jpg,train,train,False
S_10041652.jpg,train,train,False
S_10041654.jpg,val,val,False
S_10041660.jpg,val,val,False
S_10041662.jpg,train,train,False
S_10041665.jpg,train,train,False
S_10041666.jpg,train,train,False
S_10041673.jpg,train,train,False
S_10041704.jpg,train,train,False
S_10041707.jpg,train,train,False
S_10041710.jpg,train,train,False
S_10042356.jpg,train,train,False
S_10042671.jpg,train,train,False
S_10042686.jpg,train,train,False
S_10042698.jpg,val,val,False
S_10042700.jpg,train,train,False
S_10042888.jpg,train,train,False
S_10043672.jpg,train,train,False
S_10043946.jpg,train,train,False
S_10043957.jpg,train,train,False
S_10043963.jpg,val,val,False
S_10044005.jpg,val,val,False
S_10044081.jpg,train,train,False
S_10044504.jpg,train,train,False
S_10045386.jpg,train,train,False
S_10046067.jpg,train,train,False
S_10046125.jpg,val,val,False
S_10046135.jpg,val,val,False
S_10046164.jpg,train,train,False
S_10046188.jpg,train,train,False
S_10046282.jpg,train,train,False
S_10046287.jpg,train,train,False
S_10046330.jpg,train,train,False
S_10046611.jpg,train,train,False
S_10046743.jpg,val,val,False
S_10047761.jpg,train,train,False
S_10048124.jpg,train,train,False
S_10048623.jpg,train,train,False
S_10049290.jpg,train,train,False
S_10050684.jpg,val,val,False
S_10051309.jpg,val,val,False
S_10054218.jpg,train,train,False
S_10056320.jpg,train,train,False
S_10058239.jpg,train,train,False
S_10058455.jpg,train,train,False
S_10059318.jpg,val,val,False
S_10059330.jpg,train,train,False
S_10059352.jpg,val,val,False
S_10059365.jpg,train,train,False
S_10059381.jpg,train,train,False
S_10059385.jpg,train,train,False
S_10059391.jpg,train,train,False
S_10059392.jpg,train,train,False
S_10059414.jpg,train,train,False
S_10059419.jpg,train,train,False
S_10059420.jpg,train,train,False
S_10059424.jpg,train,train,False
S_10059430.jpg,train,train,False
S_10059431.jpg,train,train,False
S_10059447.jpg,train,train,False
S_10059466.jpg,train,train,False
S_10059467.jpg,train,train,False
S_10059530.jpg,val,val,False
S_10059534.jpg,train,train,False
S_10059553.jpg,train,train,False
S_10059590.jpg,train,train,False
S_10059615.jpg,train,train,False
S_10059632.jpg,train,train,False
S_10059675.jpg,train,train,False
S_10059767.jpg,train,train,False
S_10060033.jpg,train,train,False
S_10060138.jpg,train,train,False
S_10060721.jpg,val,val,False
S_10060761.jpg,train,train,False
S_10060765.jpg,train,train,False
S_10060798.jpg,val,val,False
S_10060805.jpg,train,train,False
S_10060809.jpg,val,val,False
S_10060844.jpg,train,train,False
S_10060845.jpg,val,val,False
S_10060874.jpg,val,val,False
S_10060905.jpg,train,train,False
S_10061070.jpg,train,train,False
S_10061081.jpg,val,val,False
S_10061097.jpg,train,train,False
S_10061117.jpg,train,train,False
S_10061372.jpg,train,train,False
S_10061431.jpg,train,train,False
S_10061496.jpg,val,val,False
S_10061531.jpg,train,train,False
S_10061570.jpg,train,train,False
S_10061708.jpg,val,val,False
S_10061742.jpg,train,train,False
S_10061748.jpg,train,train,False
S_10061753.jpg,train,train,False
S_10061759.jpg,train,train,False
S_10061768.jpg,train,train,False
S_10061806.jpg,train,train,False
S_10061822.jpg,val,val,False
S_10061907.jpg,train,train,False
S_10061936.jpg,train,train,False
S_10062098.jpg,val,val,False
S_10062131.jpg,train,train,False
S_10062136.jpg,train,train,False
S_10062145.jpg,train,train,False
S_10062171.jpg,val,val,False
S_10062212.jpg,val,val,False
S_10062239.jpg,train,train,False
S_10062254.jpg,train,train,False
S_10062344.jpg,train,train,False
S_10067452.jpg,train,train,False
S_10067453.jpg,val,val,False
S_10067521.jpg,train,train,False
S_10067524.jpg,train,train,False
S_10067526.jpg,val,val,False
S_10067633.jpg,train,train,False
S_10067852.jpg,train,train,False
S_10067905.jpg,train,train,False
S_10068081.jpg,train,train,False
S_10068197.jpg,train,train,False
S_10068205.jpg,train,train,False
S_10068406.jpg,train,train,False
S_10070699.jpg,train,train,False
S_10072369.jpg,val,val,False
S_10072387.jpg,train,train,False
S_10073924.jpg,train,train,False
S_10074134.jpg,val,val,False
S_10075550.jpg,train,train,False
S_10077836.jpg,train,train,False
S_10078158.jpg,val,val,False
S_10080186.jpg,train,train,False
S_10080986.jpg,val,val,False
S_10082101.jpg,train,train,False
S_10086330.jpg,train,train,False
S_10086501.jpg,train,train,False
S_10087732.jpg,train,train,False
S_10088828.jpg,train,train,False
S_10089833.jpg,train,train,False
S_10089936.jpg,train,train,False
S_10089944.jpg,train,train,False
S_10093191.jpg,val,val,False
S_10093417.jpg,val,val,False
S_10094126.jpg,train,train,False
S_10095385.jpg,train,train,False
S_10096434.jpg,train,train,False
S_10096808.jpg,train,train,False
S_10096809.jpg,val,val,False
S_10096812.jpg,train,train,False
S_10096816.jpg,train,train,False
S_10096861.jpg,train,train,False
S_10096875.jpg,val,val,False
S_10096962.jpg,train,train,False
S_10096966.jpg,val,val,False
S_10096981.jpg,train,train,False
S_10096997.jpg,val,val,False
S_10097010.jpg,train,train,False
S_10097012.jpg,train,train,False
S_10097044.jpg,train,train,False
S_10097062.jpg,train,train,False
S_10097080.jpg,train,train,False
S_10097101.jpg,train,train,False
S_10097145.jpg,train,train,False
S_10097155.jpg,train,train,False
S_10097169.jpg,train,train,False
S_10097171.jpg,val,val,False
S_10097173.jpg,train,train,False
S_10097206.jpg,train,train,False
S_10097210.jpg,val,val,False
S_10097217.jpg,train,train,False
S_10097229.jpg,val,val,False
S_10097263.jpg,train,train,False
S_10097264.jpg,train,train,False
S_10097282.jpg,train,train,False
S_10097366.jpg,train,train,False
S_10097382.jpg,train,train,False
S_10097392.jpg,train,train,False
S_10097425.jpg,train,train,False
S_10097465.jpg,train,train,False
S_10097536.jpg,train,train,False
S_10097562.jpg,train,train,False
S_10097713.jpg,val,val,False
S_10097749.jpg,val,val,False
S_10097960.jpg,val,val,False
S_10098180.jpg,train,train,False
S_10098185.jpg,val,val,False
S_10098336.jpg,val,val,False
S_10098442.jpg,train,train,False
S_10098443.jpg,train,train,False
S_10098456.jpg,train,train,False
S_10098482.jpg,train,train,False
S_10098501.jpg,train,train,False
S_10098502.jpg,val,val,False
S_10098563.jpg,train,train,False
S_10098711.jpg,train,train,False
S_10098787.jpg,train,train,False
S_10098851.jpg,train,train,False
S_10098946.jpg,train,train,False
S_10099030.jpg,val,val,False
S_10099059.jpg,train,train,False
S_10099066.jpg,train,train,False
S_10099360.jpg,train,train,False
S_10099391.jpg,train,train,False
S_10099694.jpg,train,train,False
S_10099969.jpg,val,val,False
S_10099985.jpg,train,train,False
S_10100007.jpg,val,val,False
S_10100303.jpg,train,train,False
S_10100440.jpg,train,train,False
S_10100460.jpg,val,val,False
S_10100504.jpg,train,train,False
S_10100512.jpg,train,train,False
S_10100613.jpg,train,train,False
S_10100614.jpg,train,train,False
S_10100627.jpg,train,train,False
S_10100831.jpg,train,train,False
S_10100866.jpg,train,train,False
S_10100876.jpg,train,train,False
S_10100962.jpg,train,train,False
S_10100963.jpg,train,train,False
S_10101006.jpg,train,train,False
S_10101020.jpg,train,train,False
S_10101052.jpg,train,train,False
S_10101113.jpg,val,train,True
S_10101146.jpg,val,val,False
S_10101193.jpg,train,train,False
S_10101241.jpg,train,train,False
S_10101439.jpg,train,train,False
S_10101471.jpg,train,train,False
S_10101970.jpg,train,train,False
S_10101981.jpg,train,train,False
S_10102041.jpg,train,train,False
S_10102049.jpg,train,train,False
S_10102075.jpg,val,val,False
S_10102269.jpg,train,train,False
S_10102286.jpg,train,train,False
S_10102680.jpg,train,train,False
S_10102853.jpg,train,train,False
S_10102863.jpg,train,train,False
S_10102885.jpg,val,val,False
S_10102900.jpg,train,train,False
S_10102924.jpg,train,train,False
S_10102926.jpg,train,train,False
S_10103236.jpg,train,train,False
S_10103254.jpg,train,train,False
S_10103265.jpg,train,train,False
S_10103268.jpg,train,train,False
S_10103286.jpg,train,train,False
S_10103306.jpg,val,val,False
S_10103461.jpg,train,train,False
S_10103773.jpg,train,train,False
S_10103891.jpg,train,train,False
S_10103985.jpg,train,train,False
S_10104002.jpg,train,train,False
S_10104127.jpg,train,train,False
S_10104161.jpg,train,train,False
S_10104377.jpg,train,train,False
S_10104787.jpg,train,train,False
S_10104900.jpg,train,train,False
S_10105039.jpg,train,train,False
S_10105107.jpg,train,train,False
S_10105168.jpg,val,val,False
S_10105183.jpg,val,val,False
S_10105203.jpg,train,train,False
S_10105470.jpg,train,train,False
S_10105773.jpg,train,train,False
S_10105866.jpg,train,train,False
S_10105908.jpg,train,train,False
S_10105910.jpg,train,train,False
S_10105946.jpg,train,train,False
S_10105996.jpg,train,train,False
S_10106040.jpg,train,train,False
S_10106072.jpg,train,train,False
S_10106410.jpg,train,train,False
S_10106427.jpg,train,train,False
S_10106521.jpg,val,val,False
S_10106572.jpg,train,train,False
S_10106755.jpg,train,train,False
S_10106774.jpg,train,train,False
S_10106775.jpg,val,val,False
S_10106778.jpg,train,train,False
S_10106779.jpg,train,train,False
S_10106784.jpg,train,train,False
S_10106789.jpg,train,train,False
S_10106797.jpg,val,val,False
S_10106798.jpg,train,train,False
S_10106800.jpg,train,train,False
S_10106810.jpg,val,val,False
S_10106811.jpg,val,val,False
S_10106812.jpg,train,train,False
S_10106838.jpg,train,train,False
S_10106845.jpg,val,val,False
S_10106863.jpg,val,val,False
S_10107118.jpg,val,val,False
S_10107130.jpg,val,val,False
S_10107144.jpg,train,train,False
S_10107225.jpg,train,train,False
S_10107271.jpg,train,train,False
S_10107295.jpg,train,train,False
S_10107297.jpg,train,train,False
S_10107318.jpg,train,train,False
S_10107336.jpg,val,val,False
S_10107346.jpg,train,train,False
S_10107360.jpg,train,train,False
S_10108142.jpg,train,train,False
S_10110127.jpg,val,val,False
S_10113673.jpg,val,val,False
S_10115246.jpg,train,train,False
S_10116812.jpg,train,train,False
S_10117761.jpg,train,train,False
S_10119172.jpg,train,train,False
S_10125830.jpg,train,train,False
S_10127973.jpg,val,val,False
S_10132961.jpg,train,train,False
S_10136049.jpg,val,val,False
S_10136790.jpg,train,train,False
S_10137111.jpg,train,train,False
S_10137626.jpg,train,train,False
S_10137810.jpg,train,train,False
S_10138157.jpg,train,train,False
S_10139323.jpg,train,train,False
S_10140798.jpg,train,train,False
S_10141984.jpg,train,train,False
S_10144623.jpg,train,train,False
S_10144904.jpg,train,train,False
S_10145666.jpg,val,val,False
S_10145908.jpg,val,val,False
S_10147724.jpg,train,train,False
S_10147786.jpg,train,train,False
S_10148623.jpg,val,val,False
S_10148631.jpg,train,train,False
S_10148950.jpg,train,train,False
S_10148951.jpg,train,train,False
S_10149406.jpg,train,train,False
S_10149412.jpg,train,train,False
S_10149415.jpg,val,val,False
S_10149710.jpg,train,train,False
S_10149722.jpg,train,train,False
S_10152789.jpg,train,train,False
S_10152987.jpg,train,train,False
S_10154640.jpg,train,train,False
S_10157073.jpg,train,train,False
S_10157087.jpg,train,train,False
S_10157092.jpg,train,train,False
S_10157137.jpg,train,train,False
S_10157394.jpg,val,val,False
S_10157397.jpg,train,train,False
S_10157419.jpg,val,val,False
S_10157443.jpg,train,train,False
S_10157662.jpg,train,train,False
S_10157804.jpg,train,train,False
S_10157805.jpg,train,train,False
S_10158417.jpg,train,train,False
S_10159683.jpg,train,train,False
S_10159684.jpg,train,train,False
S_10159852.jpg,train,train,False
S_10159974.jpg,val,val,False
S_10160728.jpg,train,train,False
S_10163084.jpg,train,train,False
S_10165390.jpg,train,train,False
S_10165394.jpg,train,train,False
S_10165834.jpg,train,train,False
S_10166506.jpg,train,train,False
S_10166521.jpg,val,val,False
S_10166701.jpg,train,train,False
S_10167807.jpg,train,train,False
S_10169561.jpg,train,train,False
S_10173647.jpg,train,train,False
S_10175668.jpg,train,train,False
S_10175673.jpg,val,val,False
S_10175688.jpg,train,train,False
S_10176641.jpg,train,train,False
S_10177872.jpg,train,train,False
S_10177946.jpg,train,train,False
S_10181979.jpg,train,train,False
S_10181998.jpg,train,train,False
S_10189537.jpg,train,train,False
S_10189539.jpg,train,train,False
S_10192607.jpg,val,val,False
S_10192949.jpg,val,val,False
S_10193060.jpg,train,train,False
S_10193171.jpg,train,train,False
S_10193394.jpg,train,train,False
S_10193405.jpg,val,val,False
S_10193482.jpg,train,train,False
S_10193617.jpg,train,train,False
S_10194622.jpg,val,val,False
S_10194624.jpg,train,train,False
S_10194627.jpg,train,train,False
S_10196873.jpg,train,train,False
S_10197747.jpg,train,train,False
S_10198433.jpg,val,val,False
S_10198455.jpg,val,val,False
S_10198744.jpg,train,train,False
S_10200014.jpg,train,train,False
S_10201032.jpg,train,train,False
S_10204049.jpg,train,train,False
S_10205181.jpg,train,train,False
S_10207079.jpg,train,train,False
S_10210179.jpg,train,train,False
S_10212248.jpg,val,val,False
S_10213480.jpg,train,train,False
S_10214152.jpg,val,val,False
S_10214153.jpg,train,train,False
S_10214208.jpg,train,train,False
S_10214263.jpg,train,train,False
S_10214419.jpg,train,train,False
S_10214430.jpg,train,train,False
S_10214962.jpg,val,val,False
S_10215073.jpg,val,val,False
S_10215453.jpg,train,train,False
S_10215454.jpg,train,train,False
S_10215873.jpg,train,train,False
S_10215884.jpg,train,train,False
S_10216073.jpg,train,train,False
S_10216117.jpg,train,train,False
S_10216431.jpg,train,train,False
S_10216619.jpg,train,train,False
S_10216665.jpg,train,train,False
S_10221024.jpg,train,train,False
S_10221635.jpg,train,train,False
S_10221657.jpg,train,train,False
S_10221701.jpg,train,train,False
S_10221968.jpg,train,train,False
S_10222980.jpg,val,val,False
S_10224026.jpg,train,train,False
S_10224035.jpg,train,train,False
S_10224583.jpg,train,train,False
S_10225056.jpg,train,train,False
S_10225095.jpg,train,train,False
S_10225631.jpg,train,train,False
S_10226071.jpg,val,val,False
S_10226636.jpg,train,train,False
S_10226757.jpg,train,train,False
S_10227093.jpg,train,train,False
S_10228414.jpg,train,train,False
S_10228713.jpg,train,train,False
S_10228824.jpg,train,train,False
S_10229085.jpg,val,val,False
S_10229313.jpg,train,train,False
S_10229510.jpg,train,train,False
S_10230320.jpg,train,train,False
S_10230834.jpg,train,train,False
S_10231725.jpg,train,train,False
S_10232017.jpg,train,train,False
S_10232461.jpg,train,train,False
S_10233508.jpg,train,train,False
S_10233850.jpg,train,train,False
S_10233851.jpg,train,train,False
S_10236900.jpg,train,train,False
S_10237014.jpg,train,train,False
S_10237448.jpg,train,train,False
S_10237467.jpg,train,train,False
S_10237907.jpg,val,val,False
S_10238007.jpg,train,train,False
S_10239091.jpg,train,train,False
S_10239095.jpg,val,val,False
S_10239699.jpg,train,train,False
S_10242065.jpg,val,val,False
S_10242451.jpg,train,train,False
S_10243204.jpg,val,val,False
S_10244586.jpg,train,train,False
S_10246467.jpg,train,train,False
S_10249481.jpg,train,train,False
S_10249584.jpg,train,train,False
S_10251840.jpg,val,val,False
S_10251842.jpg,train,train,False
S_10252553.jpg,train,train,False
S_10252560.jpg,train,train,False
S_10253151.jpg,val,val,False
S_10253602.jpg,train,train,False
S_10253605.jpg,train,train,False
S_10253721.jpg,train,train,False
S_10253755.jpg,val,val,False
S_10254420.jpg,train,train,False
S_10254665.jpg,train,train,False
S_10254693.jpg,train,train,False
S_10256547.jpg,train,train,False
S_10256557.jpg,train,train,False
S_10262817.jpg,val,val,False
S_10265265.jpg,val,val,False
S_10267829.jpg,val,val,False
S_10270731.jpg,train,train,False
S_10270746.jpg,val,val,False
S_10271957.jpg,train,train,False
S_10271959.jpg,train,train,False
S_10274696.jpg,train,train,False
S_10274787.jpg,train,train,False
S_10274827.jpg,val,val,False
S_10274979.jpg,train,train,False
S_10274980.jpg,train,train,False
S_10274981.jpg,train,train,False
S_10274983.jpg,train,train,False
S_10275018.jpg,train,train,False
S_10275025.jpg,train,train,False
S_10275131.jpg,train,train,False
S_10275137.jpg,train,train,False
S_10275179.jpg,train,train,False
S_10275396.jpg,train,train,False
S_10275501.jpg,train,train,False
S_10275515.jpg,train,train,False
S_10275671.jpg,train,train,False
S_10275819.jpg,val,val,False
S_10275908.jpg,train,train,False
S_10277090.jpg,train,train,False
S_10277169.jpg,train,train,False
S_10277200.jpg,train,train,False
S_10277211.jpg,train,train,False
S_10277261.jpg,train,train,False
S_10277289.jpg,train,train,False
S_10277291.jpg,val,val,False
S_10277458.jpg,train,train,False
S_10277478.jpg,val,val,False
S_10277482.jpg,train,train,False
S_10277631.jpg,train,train,False
S_10277636.jpg,train,train,False
S_10277761.jpg,train,train,False
S_10277765.jpg,train,train,False
S_10277783.jpg,train,train,False
S_10277863.jpg,train,train,False
S_10277867.jpg,val,val,False
S_10277917.jpg,train,train,False
S_10277918.jpg,train,train,False
S_10277919.jpg,train,train,False
S_10277920.jpg,val,val,False
S_10277965.jpg,train,train,False
S_10277967.jpg,train,train,False
S_10277969.jpg,train,train,False
S_10277986.jpg,train,train,False
S_10278007.jpg,train,train,False
S_10278133.jpg,train,train,False
S_10278167.jpg,val,val,False
S_10278212.jpg,train,train,False
S_10278269.jpg,train,train,False
S_10278285.jpg,train,train,False
S_10278297.jpg,val,val,False
S_10278319.jpg,train,train,False
S_10278330.jpg,train,train,False
S_10278331.jpg,train,train,False
S_10278339.jpg,val,val,False
S_10278342.jpg,train,train,False
S_10278350.jpg,train,train,False
S_10278365.jpg,val,val,False
S_10278380.jpg,val,val,False
S_10278381.jpg,train,train,False
S_10278382.jpg,val,val,False
S_10278390.jpg,val,val,False
S_10279424.jpg,train,train,False
S_10279440.jpg,train,train,False
S_10279448.jpg,train,train,False
S_10279487.jpg,train,train,False
S_10279488.jpg,train,train,False
S_10279489.jpg,val,val,False
S_10279529.jpg,train,train,False
S_10279574.jpg,train,train,False
S_10279584.jpg,train,train,False
S_10279598.jpg,train,train,False
S_10279609.jpg,train,train,False
S_10279711.jpg,train,train,False
S_10279712.jpg,train,train,False
S_10279717.jpg,train,train,False
S_10279746.jpg,val,val,False
S_10279763.jpg,train,train,False
S_10279793.jpg,train,train,False
S_10279865.jpg,train,train,False
S_10279866.jpg,val,val,False
S_10279867.jpg,val,val,False
S_10279915.jpg,train,train,False
S_10280037.jpg,val,val,False
S_10280080.jpg,train,train,False
S_10280333.jpg,val,val,False
S_10280334.jpg,val,val,False
S_10280480.jpg,train,train,False
S_10280494.jpg,train,train,False
S_10280558.jpg,val,val,False
S_10280657.jpg,val,val,False
S_10281177.jpg,train,train,False
S_10281819.jpg,val,val,False
S_10281830.jpg,train,train,False
S_10281838.jpg,train,train,False
S_10281889.jpg,train,train,False
S_10281953.jpg,train,train,False
S_10281966.jpg,train,train,False
S_10282159.jpg,train,train,False
S_10282191.jpg,train,train,False
S_10282208.jpg,val,val,False
S_10282245.jpg,val,val,False
S_10282343.jpg,train,train,False
S_10282352.jpg,val,val,False
S_10282469.jpg,train,train,False
S_10282642.jpg,train,train,False
S_10282711.jpg,train,train,False
S_10282746.jpg,train,train,False
S_10282933.jpg,train,train,False
S_10283017.jpg,train,train,False
S_10283034.jpg,train,train,False
S_10283258.jpg,train,train,False
S_10283651.jpg,train,train,False
S_10283698.jpg,train,train,False
S_10283830.jpg,train,train,False
S_10284518.jpg,train,train,False
S_10284523.jpg,train,train,False
S_10284540.jpg,train,train,False
S_10284584.jpg,val,val,False
S_10284590.jpg,train,train,False
S_10284595.jpg,train,train,False
S_10284683.jpg,train,train,False
S_10284736.jpg,train,train,False
S_10284826.jpg,train,train,False
S_10284889.jpg,train,train,False
S_10284891.jpg,train,train,False
S_10284899.jpg,train,train,False
S_10284936.jpg,val,val,False
S_10284985.jpg,train,train,False
S_10285115.jpg,train,train,False
S_10285154.jpg,train,train,False
S_10286144.jpg,train,train,False
S_10286517.jpg,val,val,False
S_10286519.jpg,val,val,False
S_10288517.jpg,val,val,False
S_10288541.jpg,train,train,False
S_10288573.jpg,train,train,False
S_10288588.jpg,train,train,False
S_10289046.jpg,val,val,False
S_10289526.jpg,train,train,False
S_10289532.jpg,train,train,False
S_10289545.jpg,val,val,False
S_10289697.jpg,val,val,False
S_10290555.jpg,val,val,False
S_10291668.jpg,train,train,False
S_10291717.jpg,val,val,False
S_10292102.jpg,train,train,False
S_10292365.jpg,train,train,False
S_10292386.jpg,val,val,False
S_10292388.jpg,train,train,False
S_10292392.jpg,train,train,False
S_10292398.jpg,train,train,False
S_10292442.jpg,train,train,False
S_10292461.jpg,train,train,False
S_10292463.jpg,val,val,False
S_10292558.jpg,train,train,False
S_10292562.jpg,train,train,False
S_10292569.jpg,train,train,False
S_10292583.jpg,train,train,False
S_10292584.jpg,train,train,False
S_10292600.jpg,train,train,False
S_10292697.jpg,val,val,False
S_10292785.jpg,val,val,False
S_10292867.jpg,train,train,False
S_10292947.jpg,val,val,False
S_10293007.jpg,train,train,False
S_10293160.jpg,train,train,False
S_10293255.jpg,train,train,False
S_10293596.jpg,train,train,False
S_10293640.jpg,val,val,False
S_10293728.jpg,val,val,False
S_10294124.jpg,train,train,False
S_10294604.jpg,train,train,False
S_10294729.jpg,train,train,False
S_10294812.jpg,train,train,False
S_10294854.jpg,val,val,False
S_10295062.jpg,train,train,False
S_10295833.jpg,train,train,False
S_10296552.jpg,train,train,False
S_10296553.jpg,train,train,False
S_10296575.jpg,val,val,False
S_10296579.jpg,train,train,False
S_10297398.jpg,train,train,False
S_10297399.jpg,train,train,False
S_10297909.jpg,train,train,False
S_10298440.jpg,train,train,False
S_10299593.jpg,train,train,False
S_10299651.jpg,train,train,False
S_10299699.jpg,val,val,False
S_10299754.jpg,train,train,False
S_10300098.jpg,train,train,False
S_10300710.jpg,train,train,False
S_10301595.jpg,train,train,False
S_10302257.jpg,train,train,False
S_10302268.jpg,train,train,False
S_10302290.jpg,train,train,False
S_10302423.jpg,train,train,False
S_10302936.jpg,train,train,False
S_10302937.jpg,train,train,False
S_10303427.jpg,train,train,False
S_10304147.jpg,val,val,False
S_10304505.jpg,val,val,False
S_10304506.jpg,train,train,False
S_10304507.jpg,train,train,False
S_10304661.jpg,train,train,False
S_10304669.jpg,train,train,False
S_10304671.jpg,train,train,False
S_10304673.jpg,val,val,False
S_10304676.jpg,train,train,False
S_10304703.jpg,val,val,False
S_10304805.jpg,train,train,False
S_10304808.jpg,train,train,False
S_10304853.jpg,val,val,False
S_10305028.jpg,train,train,False
S_10305239.jpg,train,train,False
S_10305284.jpg,train,train,False
S_10305432.jpg,val,val,False
S_10305543.jpg,train,train,False
S_10305560.jpg,val,val,False
S_10305905.jpg,train,train,False
S_10305937.jpg,train,train,False
S_10305994.jpg,train,train,False
S_10306026.jpg,train,train,False
S_10306129.jpg,train,train,False
S_10306149.jpg,train,train,False
S_10306177.jpg,train,train,False
S_10306356.jpg,train,train,False
S_10306626.jpg,train,train,False
S_10306708.jpg,train,train,False
S_10306727.jpg,train,train,False
S_10306743.jpg,train,train,False
S_10306750.jpg,val,val,False
S_10306790.jpg,train,train,False
S_10306806.jpg,train,train,False
S_10306818.jpg,train,train,False
S_10306940.jpg,train,train,False
S_10307060.jpg,train,train,False
S_10307077.jpg,val,val,False
S_10307125.jpg,train,train,False
S_10307173.jpg,train,train,False
S_10307202.jpg,train,train,False
S_10307242.jpg,train,train,False
S_10307321.jpg,train,train,False
S_10307442.jpg,train,train,False
S_10307560.jpg,train,train,False
S_10307608.jpg,train,train,False
S_10307954.jpg,train,train,False
S_10307957.jpg,train,train,False
S_10307960.jpg,train,train,False
S_10308389.jpg,val,val,False
S_10308405.jpg,train,train,False
S_10308412.jpg,val,val,False
S_10308443.jpg,train,train,False
S_10308447.jpg,train,train,False
S_10308450.jpg,train,train,False
S_10308504.jpg,train,train,False
S_10308540.jpg,train,train,False
S_10308586.jpg,train,train,False
S_10308604.jpg,val,val,False
S_10308620.jpg,val,val,False
S_10308680.jpg,train,train,False
S_10308713.jpg,train,train,False
S_10308719.jpg,train,train,False
S_10308722.jpg,train,train,False
S_10308733.jpg,train,train,False
S_10308777.jpg,train,train,False
S_10308790.jpg,val,val,False
S_10308875.jpg,train,train,False
S_10308983.jpg,train,train,False
S_10309046.jpg,train,train,False
S_10309175.jpg,train,train,False
S_10309209.jpg,train,train,False
S_10309216.jpg,val,val,False
S_10309252.jpg,train,train,False
S_10309273.jpg,train,train,False
S_10309390.jpg,train,train,False
S_10309471.jpg,train,train,False
S_10309472.jpg,train,train,False
S_10309487.jpg,val,val,False
S_10309489.jpg,val,val,False
S_10309526.jpg,train,train,False
S_10309538.jpg,train,train,False
S_10309550.jpg,train,train,False
S_10309558.jpg,train,train,False
S_10309576.jpg,val,val,False
S_10309595.jpg,train,train,False
S_10309596.jpg,train,train,False
S_10309618.jpg,train,train,False
S_10309656.jpg,train,train,False
S_10309671.jpg,train,train,False
S_10309683.jpg,train,train,False
S_10309708.jpg,train,train,False
S_10309727.jpg,train,train,False
S_10309738.jpg,train,train,False
S_10309901.jpg,train,train,False
S_10310125.jpg,train,train,False
S_10310142.jpg,train,train,False
S_10310149.jpg,train,train,False
S_10310154.jpg,train,train,False
S_10310253.jpg,train,train,False
S_10310254.jpg,train,train,False
S_10310361.jpg,train,train,False
S_10310413.jpg,train,train,False
S_10310422.jpg,val,val,False
S_10310423.jpg,train,train,False
S_10310459.jpg,train,train,False
S_10310475.jpg,train,train,False
S_10310496.jpg,train,train,False
S_10310511.jpg,val,val,False
S_10310512.jpg,train,train,False
S_10310513.jpg,train,train,False
S_10310519.jpg,train,train,False
S_10310527.jpg,train,train,False
S_10310528.jpg,train,train,False
S_10310531.jpg,train,train,False
S_10310535.jpg,train,train,False
S_10310548.jpg,val,val,False
S_10310550.jpg,train,train,False
S_10310573.jpg,train,train,False
S_10310587.jpg,train,train,False
S_10310617.jpg,train,train,False
S_10310620.jpg,train,train,False
S_10310641.jpg,train,train,False
S_10310655.jpg,train,train,False
S_10310666.jpg,train,train,False
S_10310669.jpg,train,train,False
S_10310735.jpg,train,train,False
S_10310743.jpg,train,train,False
S_10310744.jpg,train,train,False
S_10310749.jpg,train,train,False
S_10310823.jpg,train,train,False
S_10310831.jpg,train,train,False
S_10310833.jpg,train,train,False
S_10310834.jpg,train,train,False
S_10310846.jpg,val,val,False
S_10310848.jpg,train,train,False
S_10310853.jpg,train,train,False
S_10310862.jpg,train,train,False
S_10310878.jpg,train,train,False
S_10311205.jpg,val,val,False
S_10311217.jpg,train,train,False
S_10311219.jpg,train,train,False
S_10311222.jpg,train,train,False
S_10311377.jpg,train,train,False
S_10311422.jpg,train,train,False
S_10311738.jpg,train,train,False
S_10311747.jpg,train,train,False
S_10311750.jpg,val,val,False
S_10311760.jpg,train,train,False
S_10311762.jpg,train,train,False
S_10311783.jpg,train,train,False
S_10311810.jpg,train,train,False
S_10311843.jpg,train,train,False
S_10311855.jpg,train,train,False
S_10311860.jpg,train,train,False
S_10311872.jpg,train,train,False
S_10311901.jpg,train,train,False
S_10311905.jpg,val,val,False
S_10311927.jpg,val,val,False
S_10311971.jpg,train,train,False
S_10312026.jpg,train,train,False
S_10312029.jpg,train,train,False
S_10312043.jpg,train,train,False
S_10312068.jpg,train,train,False
S_10312073.jpg,train,train,False
S_10312088.jpg,train,train,False
S_10312093.jpg,train,train,False
S_10312215.jpg,train,train,False
S_10312455.jpg,train,train,False
S_10312488.jpg,val,val,False
S_10312622.jpg,train,train,False
S_10312737.jpg,train,train,False
S_10312974.jpg,train,train,False
S_10312978.jpg,train,train,False
S_10312991.jpg,train,train,False
S_10312996.jpg,train,train,False
S_10313000.jpg,train,train,False
S_10313005.jpg,train,train,False
S_10313011.jpg,train,train,False
S_10313021.jpg,train,train,False
S_10313050.jpg,train,train,False
S_10313061.jpg,val,val,False
S_10313217.jpg,val,val,False
S_10313261.jpg,train,train,False
S_10313283.jpg,train,train,False
S_10313350.jpg,train,train,False
S_10313380.jpg,train,train,False
S_10313399.jpg,train,train,False
S_10313461.jpg,train,train,False
S_10313503.jpg,train,train,False
S_10313647.jpg,train,train,False
S_10313741.jpg,val,val,False
S_10313742.jpg,train,train,False
S_10314195.jpg,train,train,False
S_10314225.jpg,train,train,False
S_10314394.jpg,train,train,False
S_10314580.jpg,val,val,False
S_10315108.jpg,train,train,False
S_10315333.jpg,train,train,False
S_10315368.jpg,train,train,False
S_10315423.jpg,train,train,False
S_10315469.jpg,val,val,False
S_10315504.jpg,train,train,False
S_10315505.jpg,train,train,False
S_10315635.jpg,train,train,False
S_10315637.jpg,val,val,False
S_10315646.jpg,val,val,False
S_10315650.jpg,train,train,False
S_10315652.jpg,val,val,False
S_10315684.jpg,train,train,False
S_10315808.jpg,train,train,False
S_10315813.jpg,train,train,False
S_10315884.jpg,val,val,False
S_10316158.jpg,train,train,False
S_10316201.jpg,train,train,False
S_10316312.jpg,train,train,False
S_10316378.jpg,train,train,False
S_10316821.jpg,train,train,False
S_10317012.jpg,train,train,False
S_10317099.jpg,train,train,False
S_10317105.jpg,train,train,False
S_10317278.jpg,train,train,False
S_10318322.jpg,val,val,False
S_10318325.jpg,train,train,False
S_10321124.jpg,val,val,False
S_10321157.jpg,train,train,False
S_10321401.jpg,train,train,False
S_10321508.jpg,train,train,False
S_10321989.jpg,train,train,False
S_10322710.jpg,train,train,False
S_10322880.jpg,train,train,False
S_10323006.jpg,val,val,False
S_10323091.jpg,val,val,False
S_10324023.jpg,train,train,False
S_10325167.jpg,val,val,False
S_10325168.jpg,val,val,False
S_10325322.jpg,train,train,False
S_10326839.jpg,train,train,False
S_10329518.jpg,train,train,False
S_10329521.jpg,val,val,False
S_10329934.jpg,train,train,False
S_10329954.jpg,train,train,False
S_10329964.jpg,train,train,False
S_10329974.jpg,train,train,False
S_10330003.jpg,train,train,False
S_10330012.jpg,train,train,False
S_10330052.jpg,train,train,False
S_10330061.jpg,train,train,False
S_10330709.jpg,train,train,False
S_10330823.jpg,train,train,False
S_10330851.jpg,train,train,False
S_10330991.jpg,train,train,False
S_10331059.jpg,train,train,False
S_10331086.jpg,train,train,False
S_10331099.jpg,val,val,False
S_10331115.jpg,train,train,False
S_10331116.jpg,val,val,False
S_10331117.jpg,train,train,False
S_10331133.jpg,train,train,False
S_10331144.jpg,train,train,False
S_10331153.jpg,train,train,False
S_10331166.jpg,train,train,False
S_10331183.jpg,train,train,False
S_10331194.jpg,train,train,False
S_10331199.jpg,train,train,False
S_10331222.jpg,train,train,False
S_10331246.jpg,train,train,False
S_10331276.jpg,train,train,False
S_10331308.jpg,train,train,False
S_10331325.jpg,train,train,False
S_10331386.jpg,train,train,False
S_10331390.jpg,train,train,False
S_10331488.jpg,train,train,False
S_10331493.jpg,train,train,False
S_10331496.jpg,train,train,False
S_10331497.jpg,train,train,False
S_10331587.jpg,train,train,False
S_10331615.jpg,train,train,False
S_10331664.jpg,val,val,False
S_10331676.jpg,train,train,False
S_10331703.jpg,val,val,False
S_10331722.jpg,train,train,False
S_10332108.jpg,train,train,False
S_10335847.jpg,train,train,False
S_10336173.jpg,train,train,False
S_10337472.jpg,train,train,False
S_10337487.jpg,train,train,False
S_10337493.jpg,train,train,False
S_10337526.jpg,train,train,False
S_10337527.jpg,train,train,False
S_10337534.jpg,train,train,False
S_10337548.jpg,val,val,False
S_10337639.jpg,val,val,False
S_10337762.jpg,train,train,False
S_10337833.jpg,train,train,False
S_10337839.jpg,train,train,False
S_10337870.jpg,train,train,False
S_10337881.jpg,train,train,False
S_10337927.jpg,train,train,False
S_10337984.jpg,train,train,False
S_10338040.jpg,train,train,False
S_10338062.jpg,train,train,False
S_10338072.jpg,train,train,False
S_10338374.jpg,val,val,False
S_10338548.jpg,train,train,False
S_10338975.jpg,train,train,False
S_10339317.jpg,val,val,False
S_10339318.jpg,train,train,False
S_10339349.jpg,val,val,False
S_10339359.jpg,val,val,False
S_10339380.jpg,train,train,False
S_10339437.jpg,train,train,False
S_10339482.jpg,train,train,False
S_10339536.jpg,train,train,False
S_10339543.jpg,train,train,False
S_10339549.jpg,val,val,False
S_10339598.jpg,train,train,False
S_10339608.jpg,train,train,False
S_10339650.jpg,train,train,False
S_10339681.jpg,train,train,False
S_10339709.jpg,train,train,False
S_10339875.jpg,train,train,False
S_10339881.jpg,train,train,False
S_10339891.jpg,train,train,False
S_10339949.jpg,train,train,False
S_10339987.jpg,val,val,False
S_10340245.jpg,val,val,False
S_10340279.jpg,train,train,False
S_10340280.jpg,train,train,False
S_10340296.jpg,train,train,False
S_10340402.jpg,val,val,False
S_10340405.jpg,train,train,False
S_10340438.jpg,val,val,False
S_10340440.jpg,train,train,False
S_10340442.jpg,val,val,False
S_10340454.jpg,train,train,False
S_10340608.jpg,train,train,False
S_10340618.jpg,train,train,False
S_10340619.jpg,train,train,False
S_10340623.jpg,val,val,False
S_10340625.jpg,train,train,False
S_10340660.jpg,train,train,False
S_10340675.jpg,train,train,False
S_10340676.jpg,train,train,False
S_10340697.jpg,train,train,False
S_10340720.jpg,train,train,False
S_10340732.jpg,train,train,False
S_10340738.jpg,train,train,False
S_10340756.jpg,train,train,False
S_10341013.jpg,train,train,False
S_10341049.jpg,train,train,False
S_10343558.jpg,train,train,False
S_10343752.jpg,train,train,False
S_10344034.jpg,train,train,False
S_10344583.jpg,train,train,False
S_10344602.jpg,train,train,False
S_10345438.jpg,train,train,False
S_10346352.jpg,train,train,False
S_10346671.jpg,train,train,False
S_10346926.jpg,val,val,False
S_10346949.jpg,train,train,False
S_10346950.jpg,train,train,False
S_10346987.jpg,train,train,False
S_10347002.jpg,train,train,False
S_10347004.jpg,train,train,False
S_10347013.jpg,train,train,False
S_10347014.jpg,train,train,False
S_10347035.jpg,train,train,False
S_10347062.jpg,train,train,False
S_10347070.jpg,train,train,False
S_10347077.jpg,train,train,False
S_10347086.jpg,train,train,False
S_10347088.jpg,train,train,False
S_10347091.jpg,val,val,False
S_10347106.jpg,train,train,False
S_10347120.jpg,train,train,False
S_10347121.jpg,train,train,False
S_10347137.jpg,train,train,False
S_10347138.jpg,train,train,False
S_10347141.jpg,train,train,False
S_10347146.jpg,train,train,False
S_10347158.jpg,train,train,False
S_10347168.jpg,train,train,False
S_10347180.jpg,train,train,False
S_10348175.jpg,train,train,False
S_10349203.jpg,train,train,False
S_10349306.jpg,val,val,False
S_10349331.jpg,train,train,False
S_10350545.jpg,train,train,False
S_10353984.jpg,train,train,False
S_10354164.jpg,train,train,False
S_10355262.jpg,train,train,False
S_10356150.jpg,train,train,False
S_10357527.jpg,train,train,False
S_10359270.jpg,train,train,False
S_10359385.jpg,train,train,False
S_10360577.jpg,train,train,False
S_10360612.jpg,val,val,False
S_10360799.jpg,train,train,False
S_10360975.jpg,train,train,False
S_10362977.jpg,train,train,False
S_10363609.jpg,val,val,False
S_10365412.jpg,train,train,False
S_10365902.jpg,train,train,False
S_10368444.jpg,train,train,False
S_10368977.jpg,val,val,False
S_10369060.jpg,train,train,False
S_10369701.jpg,train,train,False
S_10369715.jpg,train,train,False
S_10369731.jpg,train,train,False
S_10369735.jpg,train,train,False
S_10369739.jpg,train,train,False
S_10369743.jpg,train,train,False
S_10369771.jpg,val,val,False
S_10369773.jpg,train,train,False
S_10369780.jpg,train,train,False
S_10369784.jpg,train,train,False
S_10369789.jpg,train,train,False
S_10369809.jpg,train,train,False
S_10369839.jpg,train,train,False
S_10369858.jpg,train,train,False
S_10369865.jpg,val,val,False
S_10369868.jpg,train,train,False
S_10369887.jpg,train,train,False
S_10369897.jpg,train,train,False
S_10369908.jpg,train,train,False
S_10369924.jpg,val,val,False
S_10369926.jpg,train,train,False
S_10369947.jpg,train,train,False
S_10369981.jpg,train,train,False
S_10369992.jpg,train,train,False
S_10369994.jpg,train,train,False
S_10370006.jpg,train,train,False
S_10370027.jpg,train,train,False
S_10370075.jpg,train,train,False
S_10370077.jpg,train,train,False
S_10370078.jpg,train,train,False
S_10370087.jpg,val,val,False
S_10370090.jpg,train,train,False
S_10371028.jpg,train,train,False
S_10371042.jpg,train,train,False
S_10374187.jpg,train,train,False
S_10376042.jpg,train,train,False
S_10376043.jpg,val,val,False
S_10376045.jpg,train,train,False
S_10376172.jpg,train,train,False
S_10376204.jpg,train,train,False
S_10376205.jpg,train,train,False
S_10376234.jpg,train,train,False
S_10376266.jpg,train,train,False
S_10376271.jpg,train,train,False
S_10376280.jpg,train,train,False
S_10376281.jpg,train,train,False
S_10376284.jpg,train,train,False
S_10376308.jpg,train,train,False
S_10376309.jpg,train,train,False
S_10376312.jpg,train,train,False
S_10376351.jpg,train,train,False
S_10376353.jpg,train,train,False
S_10376355.jpg,train,train,False
S_10376371.jpg,train,train,False
S_10376384.jpg,train,train,False
S_10376395.jpg,val,val,False
S_10376461.jpg,val,val,False
S_10376466.jpg,val,val,False
S_10376531.jpg,train,train,False
S_10376564.jpg,train,train,False
S_10376575.jpg,val,val,False
S_10376800.jpg,val,val,False
S_10376808.jpg,val,val,False
S_10376816.jpg,train,train,False
S_10376826.jpg,train,train,False
S_10376842.jpg,val,val,False
S_10376859.jpg,train,train,False
S_10376876.jpg,train,train,False
S_10376879.jpg,val,val,False
S_10376892.jpg,train,train,False
S_10376917.jpg,train,train,False
S_10376918.jpg,val,val,False
S_10376920.jpg,train,train,False
S_10376925.jpg,train,train,False
S_10377021.jpg,train,train,False
S_10377096.jpg,train,train,False
S_10377103.jpg,val,val,False
S_10377111.jpg,val,val,False
S_10377113.jpg,train,train,False
S_10377157.jpg,train,train,False
S_10377193.jpg,train,train,False
S_10377211.jpg,train,train,False
S_10377226.jpg,train,train,False
S_10377228.jpg,train,train,False
S_10377243.jpg,val,val,False
S_10377245.jpg,val,val,False
S_10377249.jpg,train,train,False
S_10377251.jpg,train,train,False
S_10377276.jpg,train,train,False
S_10377303.jpg,val,val,False
S_10377309.jpg,train,train,False
S_10377324.jpg,val,val,False
S_10377353.jpg,train,train,False
S_10377376.jpg,train,train,False
S_10377392.jpg,train,train,False
S_10377414.jpg,train,train,False
S_10377542.jpg,val,val,False
S_10377545.jpg,train,train,False
S_10377555.jpg,train,train,False
S_10377569.jpg,train,train,False
S_10377611.jpg,train,train,False
S_10377616.jpg,val,val,False
S_10377619.jpg,train,train,False
S_10377710.jpg,train,train,False
S_10377756.jpg,train,train,False
S_10377758.jpg,train,train,False
S_10377769.jpg,train,train,False
S_10377770.jpg,train,train,False
S_10377771.jpg,train,train,False
S_10377785.jpg,train,train,False
S_10377787.jpg,val,val,False
S_10377792.jpg,train,train,False
S_10377796.jpg,train,train,False
S_10377800.jpg,train,train,False
S_10377801.jpg,train,train,False
S_10377803.jpg,train,train,False
S_10377809.jpg,train,train,False
S_10377815.jpg,train,train,False
S_10377816.jpg,train,train,False
S_10377838.jpg,train,train,False
S_10377855.jpg,train,train,False
S_10377857.jpg,train,train,False
S_10377859.jpg,val,val,False
S_10377865.jpg,train,train,False
S_10377866.jpg,val,val,False
S_10377867.jpg,train,train,False
S_10377872.jpg,val,val,False
S_10377878.jpg,train,train,False
S_10377880.jpg,train,train,False
S_10377881.jpg,train,train,False
S_10377882.jpg,train,train,False
S_10377883.jpg,val,val,False
S_10377886.jpg,train,train,False
S_10377982.jpg,train,train,False
S_10377991.jpg,train,train,False
S_10377992.jpg,val,val,False
S_10378000.jpg,train,train,False
S_10378011.jpg,train,train,False
S_10378025.jpg,train,train,False
S_10378056.jpg,train,train,False
S_10378101.jpg,train,train,False
S_10378112.jpg,train,train,False
S_10378116.jpg,train,train,False
S_10378119.jpg,train,train,False
S_10378125.jpg,train,train,False
S_10378208.jpg,train,train,False
S_10378239.jpg,train,train,False
S_10378250.jpg,train,train,False
S_10378252.jpg,train,train,False
S_10378256.jpg,train,train,False
S_10378291.jpg,train,train,False
S_10378746.jpg,train,train,False
S_10378945.jpg,train,train,False
S_10379301.jpg,train,train,False
S_10379319.jpg,train,train,False
S_10379322.jpg,train,train,False
S_10379332.jpg,train,train,False
S_10379333.jpg,train,train,False
S_10379342.jpg,train,train,False
S_10379345.jpg,train,train,False
S_10379367.jpg,train,train,False
S_10379375.jpg,train,train,False
S_10379906.jpg,val,val,False
S_10380457.jpg,train,train,False
S_10381232.jpg,train,train,False
S_10382428.jpg,train,train,False
S_10383379.jpg,train,train,False
S_10383747.jpg,train,train,False
S_10383752.jpg,train,train,False
S_10384280.jpg,train,train,False
S_10386803.jpg,train,train,False
S_10386841.jpg,train,train,False
S_10386842.jpg,train,train,False
S_10387840.jpg,train,train,False
S_10388387.jpg,val,val,False
S_10388951.jpg,train,train,False
S_10388953.jpg,train,train,False
S_10388958.jpg,train,train,False
S_10389800.jpg,val,val,False
S_10389807.jpg,train,train,False
S_10389866.jpg,train,train,False
S_10389922.jpg,train,train,False
S_10389971.jpg,train,train,False
S_10389979.jpg,train,train,False
S_10389983.jpg,train,train,False
S_10390016.jpg,train,train,False
S_10390043.jpg,train,train,False
S_10390147.jpg,val,val,False
S_10390151.jpg,train,train,False
S_10390162.jpg,train,train,False
S_10390186.jpg,train,train,False
S_10390191.jpg,train,train,False
S_10390331.jpg,train,train,False
S_10390374.jpg,train,train,False
S_10390408.jpg,train,train,False
S_10392156.jpg,val,val,False
S_10392159.jpg,train,train,False
S_10392180.jpg,train,train,False
S_10392197.jpg,train,train,False
S_10392205.jpg,train,train,False
S_10392232.jpg,train,train,False
S_10392296.jpg,train,train,False
S_10392298.jpg,train,train,False
S_10392299.jpg,val,val,False
S_10392300.jpg,val,val,False
S_10392322.jpg,train,train,False
S_10392329.jpg,train,train,False
S_10392337.jpg,val,val,False
S_10392345.jpg,val,val,False
S_10392363.jpg,val,val,False
S_10392367.jpg,train,train,False
S_10392379.jpg,train,train,False
S_10392418.jpg,val,val,False
S_10392459.jpg,val,val,False
S_10392479.jpg,val,val,False
S_10392489.jpg,val,val,False
S_10392510.jpg,train,train,False
S_10392518.jpg,val,val,False
S_10392535.jpg,train,train,False
S_10392586.jpg,train,train,False
S_10392604.jpg,train,train,False
S_10392700.jpg,train,train,False
S_10392764.jpg,train,train,False
S_10392773.jpg,train,train,False
S_10394153.jpg,train,train,False
S_10395133.jpg,val,val,False
S_10396689.jpg,train,train,False
S_10396692.jpg,train,train,False
S_10396713.jpg,train,train,False
S_10396757.jpg,train,train,False
S_10396758.jpg,train,train,False
S_10397055.jpg,train,train,False
S_10397138.jpg,train,train,False
S_10397209.jpg,train,train,False
S_10397318.jpg,train,train,False
S_10397544.jpg,val,val,False
S_10401335.jpg,train,train,False
S_10401336.jpg,train,train,False
S_10403681.jpg,val,val,False
S_10403690.jpg,train,train,False
S_10404613.jpg,train,train,False
S_10410681.jpg,val,val,False
S_10412730.jpg,train,train,False
S_10413176.jpg,train,train,False
S_10413329.jpg,train,train,False
S_10414047.jpg,train,train,False
S_10416746.jpg,train,train,False
S_10416747.jpg,train,train,False
S_10416748.jpg,val,val,False
S_10416749.jpg,train,train,False
S_10416751.jpg,train,train,False
S_10416752.jpg,train,train,False
S_10416755.jpg,train,train,False
S_10416759.jpg,train,train,False
S_10416762.jpg,train,train,False
S_10416763.jpg,train,train,False
S_10416764.jpg,val,val,False
S_10416768.jpg,train,train,False
S_10416770.jpg,train,train,False
S_10416771.jpg,train,train,False
S_10416772.jpg,train,train,False
S_10416775.jpg,train,train,False
S_10416780.jpg,train,train,False
S_10416808.jpg,train,train,False
S_10416812.jpg,train,train,False
S_10416815.jpg,train,train,False
S_10416818.jpg,train,train,False
S_10418801.jpg,train,train,False
S_10420051.jpg,train,train,False
S_10420838.jpg,train,train,False
S_10421205.jpg,train,train,False
S_10421580.jpg,train,train,False
S_10427650.jpg,train,train,False
S_10428419.jpg,train,train,False
S_10428840.jpg,train,train,False
S_10428841.jpg,train,train,False
S_10428842.jpg,train,train,False
S_10428846.jpg,train,train,False
S_10428856.jpg,train,train,False
S_10428857.jpg,train,train,False
S_10428865.jpg,train,train,False
S_10428866.jpg,val,val,False
S_10428869.jpg,train,train,False
S_10428870.jpg,train,train,False
S_10428871.jpg,train,train,False
S_10428872.jpg,train,train,False
S_10428873.jpg,val,val,False
S_10428876.jpg,train,train,False
S_10428878.jpg,val,val,False
S_10428879.jpg,train,train,False
S_10428880.jpg,train,train,False
S_10428881.jpg,train,train,False
S_10428882.jpg,val,val,False
S_10428883.jpg,train,train,False
S_10428886.jpg,train,train,False
S_10428888.jpg,val,val,False
S_10428892.jpg,train,train,False
S_10428893.jpg,train,train,False
S_10428894.jpg,train,train,False
S_10428895.jpg,train,train,False
S_10428898.jpg,train,train,False
S_10428900.jpg,train,train,False
S_10428902.jpg,train,train,False
S_10428903.jpg,train,train,False
S_10428904.jpg,train,train,False
S_10428909.jpg,train,train,False
S_10428910.jpg,train,train,False
S_10428913.jpg,train,train,False
S_10428914.jpg,val,val,False
S_10428918.jpg,train,train,False
S_10428921.jpg,train,train,False
S_10428952.jpg,train,train,False
S_10428956.jpg,train,train,False
S_10430317.jpg,train,train,False
S_10430929.jpg,train,train,False
S_10431115.jpg,train,train,False
S_10432430.jpg,train,train,False
S_10433101.jpg,train,train,False
S_10433104.jpg,train,train,False
S_10433105.jpg,train,train,False
S_10433106.jpg,train,train,False
S_10433107.jpg,train,train,False
S_10433108.jpg,train,train,False
S_10433109.jpg,train,train,False
S_10433131.jpg,train,train,False
S_10433147.jpg,train,train,False
S_10433155.jpg,train,train,False
S_10433162.jpg,train,train,False
S_10433328.jpg,train,train,False
S_10433871.jpg,train,train,False
S_10434012.jpg,train,train,False
S_10434507.jpg,train,train,False
S_10434796.jpg,train,train,False
S_10436091.jpg,train,train,False
S_10436181.jpg,val,val,False
S_10436259.jpg,train,train,False
S_10436692.jpg,train,train,False
S_10440800.jpg,train,train,False
S_10440809.jpg,train,train,False
S_10441291.jpg,train,train,False
S_10441514.jpg,val,val,False
S_10441594.jpg,train,train,False
S_10441887.jpg,val,val,False
S_10441892.jpg,val,val,False
S_10442721.jpg,train,train,False
S_10445870.jpg,train,train,False
S_10446664.jpg,train,train,False
S_10446924.jpg,train,train,False
S_10447268.jpg,train,train,False
S_10448058.jpg,train,train,False
S_10448589.jpg,val,val,False
S_10450803.jpg,train,train,False
S_10454036.jpg,train,train,False
S_10456729.jpg,train,train,False
S_10457633.jpg,train,train,False
S_10457652.jpg,train,train,False
S_10457767.jpg,train,train,False
S_10458768.jpg,train,train,False
S_10459008.jpg,train,train,False
S_10459509.jpg,train,train,False
S_10461548.jpg,train,train,False
S_10462019.jpg,train,train,False
S_10462653.jpg,train,train,False
S_10462662.jpg,train,train,False
S_10464973.jpg,train,train,False
S_10464986.jpg,train,train,False
S_10466018.jpg,train,train,False
S_10466167.jpg,train,train,False
S_10466235.jpg,train,train,False
S_10466317.jpg,train,train,False
S_10466325.jpg,train,train,False
S_10466760.jpg,train,train,False
S_10466839.jpg,train,train,False
S_10467822.jpg,train,train,False
S_10468516.jpg,train,train,False
S_10468736.jpg,train,train,False
S_10468748.jpg,train,train,False
S_10469041.jpg,train,train,False
S_10469045.jpg,val,val,False
S_10469174.jpg,train,train,False
S_10469185.jpg,train,train,False
S_10469188.jpg,train,train,False
S_10469189.jpg,train,train,False
S_10469190.jpg,train,train,False
S_10469197.jpg,train,train,False
S_10469199.jpg,train,train,False
S_10469200.jpg,train,train,False
S_10469203.jpg,val,val,False
S_10469205.jpg,train,train,False
S_10469214.jpg,val,val,False
S_10469223.jpg,train,train,False
S_10469224.jpg,train,train,False
S_10469228.jpg,train,train,False
S_10469242.jpg,train,train,False
S_10469250.jpg,train,train,False
S_10471123.jpg,train,train,False
S_10471377.jpg,val,val,False
S_10472174.jpg,train,train,False
S_10472488.jpg,train,train,False
S_10476047.jpg,val,val,False
S_10476056.jpg,train,train,False
S_10476256.jpg,train,train,False
S_10476291.jpg,val,val,False
S_10476317.jpg,val,val,False
S_10476342.jpg,train,train,False
S_10476343.jpg,train,train,False
S_10476639.jpg,val,val,False
S_10477139.jpg,train,train,False
S_10477148.jpg,train,train,False
S_10477169.jpg,train,train,False
S_10477219.jpg,train,train,False
S_10477793.jpg,train,train,False
S_10477876.jpg,train,train,False
S_11000656.jpg,val,val,False
S_11001624.jpg,train,train,False
S_11001626.jpg,train,train,False
S_11001631.jpg,val,val,False
S_11001633.jpg,train,train,False
S_11001636.jpg,train,train,False
S_11001650.jpg,train,train,False
S_11001660.jpg,train,train,False
S_11001661.jpg,val,val,False
S_11001666.jpg,train,train,False
S_11001674.jpg,train,train,False
S_11001682.jpg,train,train,False
S_11004771.jpg,train,train,False
S_11004774.jpg,train,train,False
S_11004777.jpg,train,train,False
S_11004778.jpg,train,train,False
S_11004779.jpg,val,val,False
S_11004780.jpg,train,train,False
S_11004781.jpg,val,val,False
S_11004797.jpg,train,train,False
S_11004822.jpg,train,train,False
S_11004842.jpg,train,train,False
S_11004843.jpg,train,train,False
S_11004847.jpg,train,train,False
S_11004852.jpg,train,train,False
S_11004857.jpg,val,val,False
S_11004859.jpg,train,train,False
S_11004872.jpg,train,train,False
S_11004876.jpg,train,train,False
S_11004878.jpg,train,train,False
S_11004926.jpg,train,train,False
S_11005035.jpg,train,train,False
S_11005060.jpg,train,train,False
S_11005068.jpg,train,train,False
S_11005069.jpg,val,val,False
S_11005076.jpg,val,val,False
S_11005081.jpg,train,train,False
S_11005087.jpg,train,train,False
S_11005088.jpg,val,val,False
S_11005093.jpg,train,train,False
S_11005095.jpg,train,train,False
S_11005101.jpg,train,train,False
S_11005104.jpg,val,val,False
S_11005105.jpg,val,val,False
S_11005137.jpg,train,train,False
S_11005138.jpg,train,train,False
S_11005305.jpg,train,train,False
S_11005547.jpg,train,train,False
S_11005556.jpg,val,val,False
S_11005584.jpg,train,train,False
S_11005598.jpg,train,train,False
S_11005678.jpg,train,train,False
S_11005975.jpg,train,train,False
S_11005979.jpg,train,train,False
S_11006051.jpg,train,train,False
S_11006400.jpg,val,val,False
S_11006401.jpg,train,train,False
S_11006618.jpg,val,val,False
S_11006632.jpg,train,train,False
S_11006634.jpg,train,train,False
S_11006752.jpg,val,val,False
S_11006753.jpg,train,train,False
S_11006770.jpg,train,train,False
S_11006779.jpg,train,train,False
S_11006781.jpg,val,val,False
S_11006789.jpg,train,train,False
S_11006797.jpg,val,val,False
S_11006880.jpg,train,train,False
S_11007004.jpg,train,train,False
S_11007025.jpg,train,train,False
S_11007040.jpg,train,train,False
S_11007142.jpg,val,val,False
S_11007143.jpg,train,train,False
S_11007279.jpg,train,train,False
S_11007283.jpg,train,train,False
S_11007293.jpg,train,train,False
S_11007294.jpg,train,train,False
S_11007607.jpg,train,train,False
S_11007722.jpg,val,val,False
S_11007930.jpg,train,train,False
S_11007955.jpg,train,train,False
S_11007957.jpg,train,train,False
S_11008210.jpg,train,train,False
S_11008237.jpg,train,train,False
S_11008285.jpg,train,train,False
S_11008305.jpg,train,train,False
S_11008334.jpg,train,train,False
S_11008481.jpg,train,train,False
S_11008482.jpg,train,train,False
S_11008543.jpg,train,train,False
S_11008746.jpg,train,train,False
S_11008767.jpg,train,train,False
S_11008772.jpg,val,val,False
S_11008865.jpg,train,train,False
S_11009039.jpg,train,train,False
S_11009129.jpg,train,train,False
S_11009130.jpg,train,train,False
S_11009135.jpg,train,train,False
S_11009138.jpg,train,train,False
S_11009141.jpg,val,val,False
S_11009150.jpg,train,train,False
S_11011678.jpg,train,train,False
S_11012273.jpg,train,train,False
S_11012671.jpg,train,train,False
S_11014398.jpg,val,val,False
S_11014499.jpg,train,train,False
S_11014906.jpg,train,train,False
S_11014907.jpg,train,train,False
S_11014908.jpg,train,train,False
S_11014986.jpg,train,train,False
S_11015173.jpg,train,train,False
S_11015471.jpg,train,train,False
S_11015472.jpg,train,train,False
S_11015496.jpg,train,train,False
S_11015679.jpg,train,train,False
S_11015761.jpg,val,val,False
S_11015763.jpg,train,train,False
S_11015936.jpg,train,train,False
S_11015958.jpg,val,val,False
S_11016040.jpg,train,train,False
S_11016042.jpg,train,train,False
S_11016043.jpg,val,val,False
S_11016074.jpg,train,train,False
S_11016378.jpg,train,train,False
S_11016419.jpg,train,train,False
S_11016435.jpg,train,train,False
S_11016457.jpg,val,val,False
S_11016501.jpg,train,train,False
S_11016550.jpg,val,val,False
S_11016577.jpg,train,train,False
S_11016583.jpg,train,train,False
S_11016685.jpg,val,val,False
S_11016720.jpg,train,train,False
S_11016778.jpg,train,train,False
S_11017054.jpg,train,train,False
S_11018125.jpg,train,train,False
S_11018594.jpg,train,train,False
S_11018622.jpg,train,train,False
S_11020623.jpg,train,train,False
S_11020793.jpg,train,train,False
S_11021715.jpg,train,train,False
S_11021718.jpg,val,val,False
S_11021771.jpg,train,train,False
S_11021923.jpg,train,train,False
S_11021964.jpg,val,val,False
S_11021973.jpg,val,val,False
S_11022037.jpg,val,val,False
S_11022131.jpg,train,train,False
S_11022132.jpg,train,train,False
S_11022133.jpg,train,train,False
S_11022137.jpg,train,train,False
S_11022154.jpg,train,train,False
S_11022157.jpg,train,train,False
S_11022610.jpg,train,train,False
S_11023280.jpg,train,train,False
S_11023519.jpg,train,train,False
S_11023520.jpg,train,train,False
S_11023571.jpg,train,train,False
S_11023606.jpg,train,train,False
S_11023843.jpg,val,val,False
S_11023855.jpg,train,train,False
S_11023882.jpg,train,train,False
S_11023883.jpg,val,val,False
S_11023884.jpg,val,val,False
S_11023911.jpg,train,train,False
S_11023927.jpg,train,train,False
S_11023948.jpg,train,train,False
S_11023952.jpg,train,train,False
S_11023986.jpg,train,train,False
S_11024092.jpg,train,train,False
S_11024103.jpg,val,val,False
S_11024200.jpg,train,train,False
S_11024207.jpg,train,train,False
S_11024208.jpg,train,train,False
S_11024211.jpg,train,train,False
S_11024294.jpg,train,train,False
S_11024414.jpg,train,train,False
S_11024524.jpg,val,val,False
S_11024537.jpg,train,train,False
S_11024618.jpg,train,train,False
S_11024622.jpg,train,train,False
S_11024702.jpg,train,train,False
S_11024867.jpg,train,train,False
S_11024972.jpg,train,train,False
S_11024974.jpg,train,train,False
S_11024990.jpg,val,val,False
S_11024993.jpg,train,train,False
S_11025020.jpg,train,train,False
S_11025026.jpg,train,train,False
S_11025030.jpg,train,train,False
S_11025033.jpg,val,val,False
S_11025034.jpg,train,train,False
S_11025035.jpg,train,train,False
S_11025048.jpg,train,train,False
S_11025050.jpg,train,train,False
S_11025052.jpg,train,train,False
S_11025055.jpg,train,train,False
S_11025056.jpg,train,train,False
S_11025057.jpg,train,train,False
S_11025071.jpg,train,train,False
S_11025093.jpg,train,train,False
S_11025094.jpg,train,train,False
S_11025174.jpg,train,train,False
S_11025371.jpg,train,train,False
S_11025695.jpg,train,train,False
S_11025844.jpg,train,train,False
S_11025887.jpg,val,val,False
S_11025928.jpg,val,val,False
S_11025957.jpg,train,train,False
S_11025995.jpg,train,train,False
S_11026002.jpg,train,train,False
S_11026015.jpg,val,val,False
S_11026486.jpg,train,train,False
S_11027287.jpg,val,val,False
S_11027633.jpg,val,val,False
S_11028037.jpg,train,train,False
S_11028523.jpg,val,val,False
S_11028872.jpg,val,val,False
S_11029034.jpg,train,train,False
S_11029167.jpg,train,train,False
S_11029213.jpg,train,train,False
S_11029448.jpg,train,train,False
S_11029465.jpg,train,train,False
S_11029472.jpg,train,train,False
S_11029538.jpg,train,train,False
S_11029545.jpg,train,train,False
S_11029653.jpg,train,train,False
S_11029665.jpg,val,val,False
S_11029672.jpg,train,train,False
S_11029698.jpg,val,val,False
S_11029702.jpg,val,val,False
S_11029730.jpg,train,train,False
S_11029766.jpg,train,train,False
S_11029799.jpg,train,train,False
S_11029806.jpg,train,train,False
S_11029899.jpg,train,train,False
S_11029904.jpg,train,train,False
S_11029978.jpg,train,train,False
S_11030121.jpg,val,val,False
S_11030296.jpg,train,train,False
S_11030443.jpg,train,train,False
S_11030465.jpg,train,train,False
S_11030475.jpg,train,train,False
S_11030476.jpg,train,train,False
S_11030513.jpg,val,val,False
S_11030555.jpg,train,train,False
S_11030568.jpg,train,train,False
S_11030598.jpg,train,train,False
S_11030730.jpg,train,train,False
S_11030763.jpg,train,train,False
S_11030775.jpg,train,train,False
S_11030806.jpg,train,train,False
S_11030808.jpg,train,train,False
S_11030814.jpg,train,train,False
S_11030835.jpg,train,train,False
S_11030840.jpg,train,train,False
S_11030872.jpg,train,train,False
S_11030889.jpg,train,train,False
S_11030915.jpg,train,train,False
S_11030923.jpg,train,train,False
S_11030936.jpg,val,val,False
S_11030939.jpg,val,val,False
S_11031181.jpg,train,train,False
S_11031202.jpg,train,train,False
S_11031289.jpg,train,train,False
S_11031309.jpg,train,train,False
S_11031319.jpg,val,val,False
S_11031377.jpg,train,train,False
S_11031406.jpg,train,train,False
S_11031412.jpg,train,train,False
S_11031553.jpg,train,train,False
S_11031579.jpg,train,train,False
S_11031610.jpg,train,train,False
S_11031615.jpg,train,train,False
S_11031629.jpg,train,train,False
S_11031640.jpg,train,train,False
S_11031642.jpg,val,val,False
S_11031683.jpg,train,train,False
S_11031684.jpg,train,train,False
S_11031694.jpg,train,train,False
S_11031696.jpg,train,train,False
S_11031697.jpg,train,train,False
S_11031698.jpg,train,train,False
S_11031835.jpg,val,val,False
S_11031858.jpg,train,train,False
S_11031900.jpg,val,val,False
S_11031914.jpg,train,train,False
S_11031932.jpg,train,train,False
S_11031947.jpg,train,train,False
S_11031956.jpg,train,train,False
S_11031969.jpg,train,train,False
S_11031980.jpg,train,train,False
S_11031991.jpg,train,train,False
S_11032031.jpg,train,train,False
S_11032133.jpg,train,train,False
S_11032165.jpg,train,train,False
S_11032166.jpg,train,train,False
S_11032298.jpg,train,train,False
S_11032437.jpg,train,train,False
S_11032438.jpg,train,train,False
S_11032443.jpg,train,train,False
S_11032444.jpg,train,train,False
S_11032471.jpg,train,train,False
S_11032474.jpg,val,val,False
S_11032503.jpg,train,train,False
S_11032545.jpg,train,train,False
S_11032574.jpg,train,train,False
S_11032600.jpg,train,train,False
S_11032615.jpg,train,train,False
S_11032680.jpg,train,train,False
S_11032681.jpg,val,val,False
S_11032746.jpg,train,train,False
S_11032931.jpg,train,train,False
S_11033072.jpg,train,train,False
S_11033109.jpg,train,train,False
S_11033147.jpg,train,train,False
S_11033373.jpg,train,train,False
S_11033387.jpg,train,train,False
S_11033388.jpg,train,train,False
S_11033390.jpg,train,train,False
S_11033398.jpg,train,train,False
S_11033401.jpg,val,val,False
S_11033403.jpg,train,train,False
S_11033414.jpg,train,train,False
S_11033440.jpg,train,train,False
S_11033462.jpg,train,train,False
S_11033473.jpg,train,train,False
S_11033477.jpg,train,train,False
S_11033488.jpg,train,train,False
S_11033490.jpg,train,train,False
S_11033493.jpg,train,train,False
S_11033505.jpg,train,train,False
S_11033525.jpg,train,train,False
S_11033532.jpg,train,train,False
S_11033538.jpg,train,train,False
S_11033549.jpg,train,train,False
S_11033563.jpg,val,val,False
S_11033568.jpg,train,train,False
S_11033569.jpg,train,train,False
S_11033584.jpg,train,train,False
S_11033599.jpg,train,train,False
S_11033602.jpg,train,train,False
S_11033603.jpg,train,train,False
S_11033604.jpg,val,val,False
S_11033605.jpg,train,train,False
S_11033607.jpg,train,train,False
S_11033750.jpg,val,val,False
S_11033884.jpg,train,train,False
S_11033918.jpg,train,train,False
S_11033919.jpg,val,val,False
S_11033921.jpg,train,train,False
S_11033927.jpg,train,train,False
S_11033928.jpg,train,train,False
S_11033932.jpg,train,train,False
S_11033936.jpg,train,train,False
S_11033942.jpg,train,train,False
S_11033944.jpg,val,val,False
S_11033947.jpg,train,train,False
S_11033949.jpg,val,val,False
S_11034169.jpg,train,train,False
S_11034220.jpg,train,train,False
S_11034234.jpg,train,train,False
S_11034277.jpg,val,val,False
S_11034278.jpg,train,train,False
S_11034334.jpg,train,train,False
S_11034359.jpg,val,val,False
S_11034395.jpg,train,train,False
S_11034424.jpg,train,train,False
S_11034500.jpg,train,train,False
S_11034516.jpg,train,train,False
S_11034518.jpg,train,train,False
S_11034523.jpg,train,train,False
S_11034541.jpg,train,train,False
S_11034566.jpg,val,val,False
S_11034570.jpg,train,train,False
S_11034780.jpg,train,train,False
S_11034786.jpg,train,train,False
S_11034807.jpg,train,train,False
S_11034959.jpg,val,val,False
S_11034965.jpg,train,train,False
S_11034969.jpg,val,val,False
S_11034987.jpg,train,train,False
S_11035030.jpg,train,train,False
S_11035169.jpg,train,train,False
S_11035219.jpg,train,train,False
S_11035260.jpg,val,val,False
S_11035265.jpg,train,train,False
S_11035294.jpg,train,train,False
S_11035385.jpg,train,train,False
S_11035395.jpg,train,train,False
S_11035398.jpg,train,train,False
S_11035404.jpg,train,train,False
S_11035514.jpg,train,train,False
S_11035562.jpg,train,train,False
S_11035610.jpg,val,val,False
S_11035757.jpg,train,train,False
S_11035810.jpg,train,train,False
S_11035956.jpg,train,train,False
S_11036022.jpg,val,val,False
S_11036036.jpg,train,train,False
S_11036096.jpg,val,val,False
S_11036220.jpg,train,train,False
S_11036222.jpg,train,train,False
S_11036273.jpg,val,val,False
S_11036275.jpg,val,val,False
S_11036278.jpg,train,train,False
S_11036310.jpg,train,train,False
S_11036322.jpg,train,train,False
S_11036328.jpg,train,train,False
S_11036331.jpg,train,train,False
S_11036332.jpg,val,val,False
S_11036341.jpg,train,train,False
S_11036347.jpg,train,train,False
S_11036351.jpg,train,train,False
S_11036362.jpg,train,train,False
S_11036363.jpg,train,train,False
S_11036378.jpg,train,train,False
S_11036403.jpg,train,train,False
S_11040455.jpg,val,val,False
S_11040461.jpg,train,train,False
S_11040462.jpg,train,train,False
S_11040515.jpg,train,train,False
S_11040522.jpg,train,train,False
S_11040529.jpg,val,val,False
S_11040548.jpg,train,train,False
S_11040818.jpg,val,val,False
S_11040821.jpg,train,train,False
S_11040829.jpg,train,train,False
S_11040832.jpg,train,train,False
S_11040863.jpg,train,train,False
S_11040914.jpg,val,val,False
S_11040943.jpg,val,val,False
S_11041017.jpg,train,train,False
S_11041250.jpg,train,train,False
S_11041310.jpg,train,train,False
S_11041315.jpg,train,train,False
S_11041316.jpg,train,train,False
S_11041319.jpg,train,train,False
S_11041323.jpg,val,val,False
S_11041331.jpg,train,train,False
S_11041334.jpg,val,val,False
S_11041357.jpg,train,train,False
S_11041564.jpg,val,val,False
S_11041567.jpg,train,train,False
S_11041606.jpg,val,val,False
S_11041635.jpg,train,train,False
S_11041647.jpg,train,train,False
S_11041662.jpg,train,train,False
S_11041732.jpg,train,train,False
S_11041747.jpg,train,train,False
S_11042220.jpg,val,val,False
S_11042259.jpg,val,val,False
S_11042266.jpg,val,val,False
S_11042296.jpg,train,train,False
S_11042446.jpg,train,train,False
S_11042632.jpg,val,val,False
S_11042681.jpg,train,train,False
S_11042776.jpg,train,train,False
S_11042778.jpg,train,train,False
S_11042848.jpg,train,train,False
S_11043877.jpg,train,train,False
S_11043894.jpg,val,val,False
S_11043921.jpg,train,train,False
S_11043923.jpg,train,train,False
S_11043926.jpg,train,train,False
S_11043927.jpg,train,train,False
S_11043932.jpg,train,train,False
S_11043939.jpg,train,train,False
S_11043947.jpg,train,train,False
S_11043948.jpg,val,val,False
S_11043950.jpg,train,train,False
S_11043951.jpg,train,train,False
S_11043952.jpg,train,train,False
S_11043953.jpg,val,val,False
S_11043954.jpg,train,train,False
S_11043955.jpg,train,train,False
S_11043956.jpg,val,val,False
S_11043962.jpg,val,val,False
S_11043963.jpg,val,val,False
S_11043964.jpg,train,train,False
S_11043969.jpg,train,train,False
S_11043978.jpg,train,train,False
S_11043986.jpg,val,val,False
S_11043993.jpg,train,train,False
S_11043994.jpg,train,train,False
S_11043995.jpg,train,train,False
S_11044001.jpg,val,val,False
S_11044002.jpg,train,train,False
S_11044013.jpg,train,train,False
S_11044070.jpg,train,train,False
S_11044073.jpg,train,train,False
S_11044083.jpg,train,train,False
S_11044086.jpg,val,val,False
S_11044135.jpg,train,train,False
S_11044148.jpg,train,train,False
S_11044290.jpg,val,val,False
S_11044306.jpg,train,train,False
S_11044326.jpg,train,train,False
S_11044327.jpg,train,train,False
S_11044775.jpg,train,train,False
S_11044785.jpg,val,val,False
S_11044786.jpg,train,train,False
S_11044797.jpg,train,train,False
S_11044808.jpg,train,train,False
S_11044873.jpg,val,val,False
S_11044881.jpg,train,train,False
S_11044886.jpg,train,train,False
S_11044894.jpg,train,train,False
S_11044902.jpg,train,train,False
S_11044905.jpg,train,train,False
S_11044909.jpg,val,val,False
S_11044910.jpg,train,train,False
S_11044913.jpg,train,train,False
S_11044914.jpg,val,val,False
S_11044915.jpg,train,train,False
S_11044923.jpg,train,train,False
S_11044933.jpg,train,train,False
S_11044937.jpg,train,train,False
S_11044977.jpg,val,val,False
S_11044995.jpg,train,train,False
S_11044997.jpg,train,train,False
S_11044999.jpg,train,train,False
S_11045041.jpg,val,val,False
S_11045050.jpg,train,train,False
S_11045172.jpg,train,train,False
S_11045374.jpg,val,val,False
S_11045715.jpg,train,train,False
S_11046444.jpg,val,val,False
S_11046869.jpg,train,train,False
S_11046870.jpg,val,val,False
S_11046880.jpg,train,train,False
S_11046881.jpg,train,train,False
S_11047040.jpg,val,val,False
S_11047139.jpg,train,train,False
S_11047146.jpg,val,val,False
S_11047161.jpg,train,train,False
S_11047171.jpg,train,train,False
S_11047182.jpg,train,train,False
S_11047183.jpg,train,train,False
S_11047184.jpg,train,train,False
S_11047188.jpg,train,train,False
S_11047353.jpg,train,train,False
S_11047354.jpg,val,val,False
S_11047355.jpg,val,val,False
S_11047356.jpg,val,val,False
S_11047357.jpg,train,train,False
S_11047359.jpg,train,train,False
S_11047364.jpg,train,train,False
S_11047369.jpg,train,train,False
S_11047379.jpg,train,train,False
S_11047421.jpg,train,train,False
S_11047446.jpg,train,train,False
S_11047478.jpg,train,train,False
S_11047497.jpg,train,train,False
S_11047534.jpg,val,val,False
S_11047575.jpg,train,train,False
S_11047579.jpg,train,train,False
S_11047623.jpg,train,train,False
S_11047636.jpg,train,train,False
S_11047637.jpg,train,train,False
S_11047645.jpg,train,train,False
S_11047653.jpg,train,train,False
S_11047655.jpg,train,train,False
S_11047671.jpg,train,train,False
S_11047678.jpg,train,train,False
S_11048077.jpg,val,val,False
S_11048080.jpg,train,train,False
S_11048087.jpg,train,train,False
S_11048088.jpg,train,train,False
S_11048093.jpg,train,train,False
S_11048094.jpg,val,val,False
S_11048110.jpg,train,train,False
S_11048111.jpg,val,val,False
S_11048112.jpg,train,train,False
S_11048118.jpg,train,train,False
S_11048124.jpg,train,train,False
S_11048175.jpg,train,train,False
S_11048186.jpg,train,train,False
S_11048187.jpg,train,train,False
S_11048193.jpg,train,train,False
S_11048194.jpg,train,train,False
S_11048196.jpg,train,train,False
S_11048199.jpg,val,train,True
S_11048200.jpg,val,val,False
S_11048205.jpg,train,train,False
S_11048208.jpg,train,train,False
S_11048210.jpg,train,train,False
S_11048212.jpg,train,train,False
S_11048213.jpg,train,train,False
S_11048216.jpg,train,train,False
S_11048224.jpg,train,train,False
S_11048234.jpg,val,val,False
S_11048235.jpg,train,train,False
S_11048241.jpg,val,train,True
S_11048264.jpg,train,train,False
S_11048275.jpg,train,train,False
S_11048293.jpg,train,train,False
S_11048294.jpg,val,val,False
S_11048295.jpg,val,val,False
S_11048315.jpg,val,val,False
S_11048317.jpg,train,train,False
S_11048322.jpg,train,train,False
S_11048338.jpg,train,train,False
S_11048358.jpg,train,train,False
S_11048363.jpg,train,train,False
S_11048430.jpg,val,val,False
S_11048431.jpg,train,train,False
S_11048434.jpg,train,train,False
S_11048435.jpg,train,train,False
S_11048436.jpg,train,train,False
S_11048437.jpg,train,train,False
S_11048438.jpg,train,train,False
S_11048580.jpg,train,train,False
S_11048871.jpg,train,train,False
S_11048951.jpg,val,val,False
S_11049119.jpg,train,train,False
S_11049121.jpg,train,train,False
S_11049134.jpg,train,train,False
S_11049157.jpg,train,train,False
S_11049285.jpg,train,val,True
S_11049286.jpg,val,val,False
S_11049386.jpg,val,val,False
S_11049387.jpg,train,train,False
S_11049395.jpg,train,train,False
S_11049437.jpg,val,val,False
S_11049441.jpg,train,val,True
S_11049442.jpg,train,train,False
S_11049443.jpg,train,train,False
S_11049444.jpg,val,val,False
S_11049445.jpg,val,val,False
S_11049448.jpg,train,train,False
S_11049451.jpg,train,train,False
S_11049454.jpg,train,train,False
S_11049458.jpg,train,train,False
S_11049461.jpg,val,val,False
S_11049462.jpg,train,train,False
S_11049468.jpg,train,train,False
S_11049469.jpg,val,val,False
S_11049478.jpg,val,val,False
S_11049493.jpg,train,train,False
S_11049494.jpg,train,train,False
S_11049495.jpg,train,train,False
S_11049506.jpg,train,train,False
S_11049507.jpg,train,train,False
S_11049590.jpg,train,train,False
S_11049609.jpg,train,train,False
S_11049610.jpg,val,val,False
S_11049611.jpg,train,train,False
S_11049615.jpg,train,train,False
S_11049616.jpg,train,train,False
S_11049617.jpg,val,val,False
S_11049618.jpg,val,val,False
S_11049771.jpg,train,train,False
S_11049790.jpg,train,train,False
S_11049807.jpg,train,train,False
S_11049809.jpg,train,train,False
S_11049810.jpg,train,train,False
S_11049811.jpg,train,train,False
S_11049817.jpg,train,train,False
S_11049818.jpg,train,train,False
S_11049821.jpg,val,val,False
S_11049822.jpg,train,train,False
S_11049851.jpg,train,train,False
S_11049863.jpg,train,train,False
S_11050016.jpg,train,train,False
S_11050084.jpg,val,val,False
S_11050116.jpg,train,train,False
S_11050143.jpg,val,val,False
S_11050144.jpg,val,val,False
S_11050164.jpg,train,train,False
S_11050166.jpg,train,train,False
S_11050174.jpg,train,train,False
S_11050179.jpg,train,train,False
S_11050236.jpg,train,train,False
S_11050298.jpg,train,train,False
S_11050314.jpg,train,train,False
S_11050450.jpg,train,train,False
S_11050458.jpg,train,train,False
S_11050459.jpg,train,train,False
S_11050460.jpg,train,train,False
S_11050463.jpg,train,train,False
S_11051423.jpg,train,train,False
S_11057802.jpg,val,val,False
S_11061241.jpg,train,train,False
S_11064249.jpg,train,train,False
S_11064278.jpg,train,train,False
S_11064283.jpg,train,train,False
S_11064290.jpg,val,val,False
S_11064293.jpg,train,train,False
S_11064295.jpg,train,train,False
S_11064310.jpg,train,train,False
S_11064311.jpg,train,train,False
S_11065402.jpg,train,train,False
S_11065421.jpg,val,val,False
S_11065456.jpg,train,train,False
S_11065468.jpg,train,train,False
S_11065493.jpg,train,train,False
S_11065633.jpg,train,train,False
S_11065657.jpg,train,train,False
S_11065658.jpg,train,train,False
S_11065660.jpg,train,train,False
S_11065695.jpg,train,train,False
S_11065702.jpg,train,train,False
S_11065705.jpg,train,train,False
S_11065714.jpg,train,train,False
S_11065725.jpg,val,val,False
S_11065737.jpg,train,train,False
S_11065738.jpg,train,train,False
S_11065767.jpg,val,val,False
S_11065832.jpg,train,train,False
S_11065843.jpg,train,train,False
S_11065865.jpg,train,train,False
S_11065881.jpg,train,train,False
S_11065938.jpg,train,train,False
S_11065951.jpg,train,train,False
S_11065960.jpg,val,val,False
S_11065974.jpg,train,train,False
S_11065998.jpg,train,train,False
S_11066047.jpg,val,val,False
S_11066050.jpg,train,train,False
S_11066068.jpg,train,train,False
S_11066089.jpg,train,train,False
S_11066105.jpg,train,train,False
S_11066134.jpg,train,train,False
S_11066140.jpg,train,train,False
S_11066146.jpg,val,val,False
S_11066147.jpg,train,train,False
S_11066148.jpg,train,train,False
S_11066149.jpg,train,train,False
S_11066150.jpg,train,train,False
S_11066164.jpg,val,val,False
S_11066168.jpg,train,train,False
S_11066173.jpg,train,train,False
S_11066177.jpg,val,val,False
S_11066179.jpg,train,train,False
S_11066183.jpg,train,train,False
S_11066185.jpg,train,train,False
S_11066190.jpg,train,train,False
S_11066193.jpg,train,train,False
S_11066194.jpg,train,train,False
S_11066195.jpg,train,train,False
S_11066196.jpg,train,train,False
S_11066199.jpg,val,val,False
S_11066204.jpg,train,train,False
S_11066205.jpg,train,train,False
S_11066206.jpg,train,train,False
S_11066209.jpg,train,train,False
S_11066210.jpg,train,train,False
S_11066234.jpg,train,train,False
S_11066240.jpg,train,train,False
S_11066243.jpg,train,train,False
S_11066250.jpg,train,train,False
S_11066251.jpg,train,train,False
S_11066252.jpg,train,train,False
S_11066254.jpg,train,train,False
S_11066263.jpg,train,train,False
S_11066264.jpg,train,train,False
S_11066265.jpg,train,train,False
S_11066270.jpg,train,train,False
S_11066273.jpg,train,train,False
S_11066274.jpg,train,train,False
S_11066275.jpg,train,train,False
S_11066276.jpg,train,train,False
S_11066277.jpg,train,train,False
S_11066281.jpg,val,val,False
S_11066282.jpg,train,train,False
S_11066283.jpg,train,train,False
S_11066288.jpg,train,train,False
S_11066289.jpg,train,train,False
S_11066294.jpg,train,train,False
S_11066298.jpg,train,train,False
S_11066308.jpg,train,train,False
S_11066309.jpg,train,train,False
S_11066373.jpg,train,train,False
S_11066409.jpg,train,train,False
S_11066424.jpg,train,train,False
S_11066432.jpg,train,train,False
S_11066434.jpg,train,train,False
S_11066473.jpg,val,val,False
S_11066476.jpg,train,train,False
S_11066533.jpg,train,train,False
S_11066535.jpg,train,train,False
S_11066552.jpg,train,train,False
S_11066553.jpg,train,train,False
S_11066781.jpg,train,train,False
S_11066783.jpg,train,train,False
S_11067134.jpg,train,train,False
S_11067135.jpg,train,train,False
S_11067172.jpg,train,train,False
S_11067180.jpg,train,train,False
S_11067181.jpg,train,train,False
S_11067183.jpg,train,train,False
S_11067184.jpg,train,train,False
S_11067185.jpg,train,train,False
S_11067230.jpg,val,val,False
S_11067231.jpg,train,train,False
S_11067233.jpg,val,val,False
S_11067234.jpg,train,train,False
S_11067264.jpg,train,train,False
S_11067266.jpg,train,train,False
S_11067279.jpg,train,train,False
S_11067294.jpg,train,train,False
S_11067296.jpg,train,train,False
S_11067309.jpg,train,train,False
S_11067311.jpg,val,val,False
S_11067366.jpg,train,train,False
S_11067426.jpg,train,train,False
S_11067427.jpg,train,train,False
S_11067428.jpg,train,train,False
S_11067539.jpg,train,train,False
S_11067577.jpg,train,train,False
S_11067579.jpg,val,val,False
S_11067581.jpg,train,train,False
S_11067582.jpg,train,train,False
S_11067586.jpg,train,train,False
S_11067589.jpg,train,train,False
S_11067590.jpg,train,train,False
S_11067594.jpg,train,train,False
S_11067599.jpg,train,train,False
S_11067600.jpg,train,train,False
S_11067605.jpg,val,val,False
S_11067607.jpg,train,train,False
S_11067608.jpg,train,train,False
S_11067616.jpg,val,val,False
S_11067617.jpg,train,train,False
S_11067619.jpg,train,train,False
S_11067624.jpg,train,train,False
S_11067655.jpg,val,val,False
S_11067656.jpg,train,train,False
S_11067843.jpg,train,train,False
S_11067844.jpg,train,train,False
S_11067845.jpg,train,train,False
S_11067846.jpg,train,train,False
S_11067880.jpg,train,train,False
S_11067885.jpg,train,train,False
S_11067886.jpg,train,train,False
S_11068131.jpg,val,val,False
S_11068133.jpg,train,train,False
S_11068144.jpg,train,train,False
S_11068304.jpg,train,train,False
S_11068306.jpg,train,train,False
S_11068407.jpg,train,train,False
S_11068409.jpg,train,train,False
S_11068413.jpg,train,train,False
S_11068415.jpg,train,train,False
S_11068417.jpg,train,train,False
S_11068459.jpg,train,train,False
S_11068463.jpg,val,val,False
S_11068464.jpg,train,train,False
S_11068468.jpg,train,train,False
S_11068470.jpg,train,train,False
S_11068473.jpg,train,train,False
S_11068475.jpg,train,train,False
S_11068476.jpg,train,train,False
S_11068477.jpg,train,train,False
S_11068489.jpg,train,train,False
S_11069277.jpg,train,train,False
S_11069284.jpg,val,val,False
S_11069287.jpg,train,train,False
S_11070490.jpg,train,train,False
S_11070492.jpg,train,train,False
S_11070582.jpg,train,train,False
S_11070584.jpg,train,train,False
S_11070586.jpg,val,val,False
S_11070596.jpg,val,val,False
S_11070607.jpg,val,val,False
S_11070609.jpg,val,val,False
S_11070612.jpg,val,val,False
S_11070869.jpg,val,val,False
S_11071035.jpg,train,train,False
S_11071696.jpg,train,train,False
S_11073125.jpg,val,val,False
S_11073196.jpg,train,train,False
S_11073280.jpg,train,train,False
S_11073306.jpg,val,val,False
S_11073307.jpg,train,train,False
S_11073309.jpg,train,train,False
S_11073311.jpg,val,val,False
S_11073312.jpg,train,train,False
S_11073313.jpg,val,val,False
S_11073315.jpg,train,train,False
S_11073316.jpg,val,val,False
S_11073317.jpg,val,val,False
S_11073320.jpg,val,val,False
S_11073321.jpg,val,val,False
S_11073346.jpg,train,train,False
S_11073348.jpg,train,train,False
S_11073350.jpg,train,train,False
S_11073351.jpg,train,train,False
S_11073352.jpg,train,train,False
S_11073353.jpg,train,train,False
S_11073355.jpg,train,train,False
S_11073356.jpg,train,train,False
S_11073357.jpg,train,train,False
S_11073365.jpg,train,train,False
S_11073367.jpg,train,train,False
S_11073368.jpg,train,train,False
S_11073372.jpg,train,train,False
S_11073374.jpg,train,train,False
S_11073389.jpg,train,train,False
S_11073391.jpg,train,train,False
S_11073393.jpg,val,val,False
S_11073394.jpg,train,train,False
S_11073395.jpg,val,val,False
S_11073397.jpg,train,train,False
S_11073398.jpg,train,train,False
S_11073399.jpg,val,val,False
S_11073401.jpg,val,val,False
S_11073403.jpg,train,train,False
S_11073423.jpg,val,val,False
S_11073425.jpg,train,train,False
S_11073426.jpg,train,train,False
S_11073427.jpg,train,train,False
S_11073429.jpg,val,val,False
S_11073430.jpg,val,val,False
S_11073431.jpg,train,train,False
S_11073433.jpg,train,train,False
S_11073434.jpg,train,train,False
S_11073436.jpg,val,val,False
S_11073438.jpg,train,train,False
S_11073442.jpg,train,train,False
S_11073444.jpg,train,train,False
S_11073446.jpg,train,train,False
S_11073449.jpg,train,train,False
S_11073904.jpg,train,train,False
S_11073906.jpg,train,train,False
S_11073908.jpg,train,train,False
S_11073910.jpg,train,train,False
S_11073917.jpg,train,train,False
S_11073918.jpg,val,val,False
S_11073919.jpg,train,train,False
S_11073923.jpg,train,train,False
S_11073925.jpg,train,train,False
S_11073936.jpg,train,train,False
S_11073943.jpg,train,train,False
S_11073945.jpg,train,train,False
S_11073949.jpg,train,train,False
S_11073956.jpg,train,train,False
S_11073957.jpg,train,train,False
S_11073960.jpg,train,train,False
S_11073965.jpg,train,train,False
S_11073966.jpg,train,train,False
S_11073969.jpg,train,train,False
S_11074092.jpg,train,train,False
S_11074096.jpg,train,train,False
S_11074098.jpg,train,train,False
S_11074100.jpg,train,train,False
S_11074120.jpg,val,val,False
S_11074126.jpg,train,train,False
S_11074130.jpg,train,train,False
S_11074172.jpg,train,train,False
S_11074174.jpg,train,train,False
S_11074176.jpg,train,train,False
S_11074177.jpg,train,train,False
S_11074184.jpg,val,val,False
S_11074204.jpg,train,train,False
S_11074214.jpg,train,train,False
S_11074216.jpg,val,val,False
S_11074218.jpg,train,train,False
S_11074220.jpg,train,train,False
S_11075490.jpg,train,train,False
S_11075495.jpg,train,train,False
S_11075496.jpg,train,train,False
S_11075498.jpg,train,train,False
S_11075500.jpg,train,train,False
S_11076523.jpg,train,train,False
S_11076534.jpg,train,train,False
S_11076656.jpg,train,train,False
S_11076667.jpg,train,train,False
S_11076689.jpg,train,train,False
S_11077161.jpg,val,val,False
S_11077166.jpg,train,train,False
S_11077195.jpg,train,train,False
S_11077198.jpg,train,train,False
S_11077206.jpg,val,val,False
S_11077218.jpg,train,train,False
S_11077221.jpg,train,train,False
S_11077222.jpg,train,train,False
S_11077223.jpg,train,train,False
S_11077295.jpg,train,train,False
S_11077297.jpg,train,train,False
S_11077299.jpg,train,train,False
S_11077301.jpg,val,val,False
S_11077306.jpg,val,val,False
S_11077309.jpg,train,train,False
S_11077353.jpg,train,train,False
S_11077355.jpg,train,train,False
S_11077357.jpg,train,train,False
S_11077358.jpg,train,train,False
S_11077721.jpg,train,train,False
S_11077723.jpg,val,val,False
S_11077741.jpg,train,train,False
S_11080301.jpg,val,val,False
S_11080303.jpg,train,train,False
S_11080311.jpg,val,val,False
S_11080318.jpg,train,train,False
S_11080322.jpg,train,train,False
S_11080323.jpg,val,val,False
S_11080324.jpg,train,train,False
S_11080325.jpg,train,train,False
S_11080326.jpg,train,train,False
S_11080333.jpg,val,val,False
S_11080359.jpg,train,train,False
S_11080362.jpg,val,val,False
S_11080365.jpg,train,train,False
S_11080391.jpg,train,train,False
S_11080394.jpg,train,train,False
S_11080397.jpg,val,val,False
S_11080399.jpg,val,val,False
S_11080402.jpg,val,val,False
S_11080403.jpg,train,train,False
S_11080405.jpg,val,val,False
S_11080408.jpg,val,val,False
S_11080426.jpg,train,train,False
S_11080474.jpg,train,train,False
S_11080549.jpg,train,train,False
S_11080560.jpg,train,train,False
S_11080582.jpg,train,train,False
S_11080583.jpg,train,train,False
S_11080589.jpg,train,train,False
S_11080610.jpg,train,train,False
S_11080616.jpg,train,train,False
S_11080646.jpg,train,train,False
S_11080651.jpg,train,train,False
S_11080652.jpg,train,train,False
S_11080653.jpg,train,train,False
S_11080654.jpg,val,val,False
S_11080655.jpg,train,train,False
S_11080670.jpg,val,val,False
S_11080679.jpg,val,val,False
S_11080681.jpg,val,val,False
S_11080691.jpg,val,val,False
S_11080700.jpg,val,val,False
S_11080707.jpg,train,train,False
S_11080797.jpg,train,train,False
S_11080818.jpg,train,train,False
S_11080848.jpg,train,train,False
S_11080941.jpg,val,val,False
S_11081012.jpg,val,val,False
S_11081013.jpg,train,train,False
S_11081027.jpg,train,train,False
S_11081037.jpg,train,train,False
S_11081042.jpg,train,train,False
S_11081064.jpg,train,train,False
S_11081066.jpg,train,train,False
S_11081067.jpg,train,train,False
S_11081069.jpg,train,train,False
S_11081070.jpg,train,train,False
S_11081075.jpg,train,train,False
S_11081139.jpg,train,train,False
S_11081143.jpg,train,train,False
S_11081148.jpg,train,train,False
S_11081156.jpg,val,val,False
S_11081157.jpg,train,train,False
S_11081159.jpg,train,train,False
S_11081160.jpg,train,train,False
S_11081163.jpg,train,train,False
S_11081164.jpg,train,train,False
S_11081165.jpg,val,val,False
S_11081168.jpg,train,train,False
S_11081213.jpg,train,train,False
S_11081248.jpg,train,train,False
S_11081256.jpg,val,val,False
S_11081284.jpg,train,train,False
S_11081421.jpg,train,train,False
S_11082601.jpg,val,val,False
S_11082646.jpg,train,train,False
S_11082686.jpg,train,train,False
S_11082706.jpg,train,train,False
S_11082711.jpg,train,train,False
S_11082716.jpg,train,train,False
S_11082720.jpg,train,train,False
S_11082741.jpg,train,train,False
S_11082742.jpg,train,train,False
S_11082744.jpg,val,val,False
S_11082749.jpg,val,val,False
S_11082756.jpg,train,train,False
S_11082761.jpg,train,train,False
S_11082769.jpg,train,train,False
S_11082790.jpg,train,train,False
S_11082793.jpg,train,train,False
S_11082794.jpg,train,train,False
S_11082795.jpg,train,train,False
S_11082800.jpg,train,train,False
S_11082804.jpg,val,val,False
S_11082818.jpg,train,train,False
S_11082819.jpg,val,val,False
S_11082820.jpg,train,train,False
S_11082863.jpg,train,train,False
S_11082889.jpg,val,val,False
S_11082891.jpg,val,val,False
S_11082892.jpg,train,train,False
S_11082900.jpg,train,train,False
S_11082913.jpg,train,train,False
S_11082914.jpg,val,val,False
S_11082917.jpg,val,val,False
S_11082966.jpg,val,val,False
S_11082970.jpg,train,train,False
S_11082971.jpg,val,val,False
S_11082982.jpg,train,train,False
S_11082983.jpg,train,train,False
S_11082992.jpg,val,val,False
S_11082995.jpg,train,train,False
S_11083021.jpg,val,val,False
S_11083023.jpg,train,train,False
S_11083025.jpg,val,val,False
S_11083034.jpg,train,train,False
S_11083045.jpg,train,train,False
S_11083121.jpg,train,train,False
S_11083123.jpg,train,train,False
S_11083124.jpg,train,train,False
S_11083133.jpg,train,train,False
S_11083134.jpg,train,train,False
S_11083140.jpg,val,val,False
S_11083144.jpg,val,val,False
S_11083212.jpg,val,val,False
S_11083225.jpg,train,train,False
S_11083258.jpg,train,train,False
S_11083311.jpg,train,train,False
S_11083326.jpg,train,train,False
S_11083351.jpg,train,train,False
S_11083475.jpg,train,train,False
S_11083491.jpg,train,train,False
S_11083502.jpg,train,train,False
S_11083527.jpg,train,train,False
S_11083531.jpg,train,train,False
S_11083549.jpg,train,train,False
S_11083587.jpg,train,train,False
S_11083588.jpg,train,train,False
S_11083592.jpg,train,train,False
S_11083606.jpg,train,train,False
S_11083610.jpg,train,train,False
S_11083628.jpg,train,train,False
S_11083689.jpg,train,train,False
S_11083754.jpg,train,train,False
S_11083847.jpg,train,train,False
S_11083867.jpg,train,train,False
S_11083878.jpg,train,train,False
S_11083897.jpg,train,train,False
S_11083903.jpg,train,train,False
S_11085001.jpg,train,train,False
S_11085007.jpg,val,val,False
S_11085011.jpg,train,train,False
S_11085017.jpg,train,train,False
S_11085021.jpg,train,train,False
S_11085046.jpg,train,train,False
S_11085063.jpg,train,train,False
S_11085081.jpg,train,train,False
S_11085111.jpg,val,val,False
S_11085130.jpg,train,train,False
S_11085137.jpg,train,train,False
S_11085370.jpg,train,train,False
S_11085603.jpg,train,train,False
S_11086262.jpg,train,train,False
S_11086273.jpg,train,train,False
S_11086295.jpg,train,train,False
S_11086300.jpg,train,train,False
S_11086305.jpg,train,train,False
S_11086306.jpg,train,train,False
S_11086333.jpg,train,train,False
S_11086335.jpg,train,train,False
S_11086349.jpg,train,train,False
S_11086625.jpg,train,train,False
S_11086699.jpg,train,train,False
S_11086720.jpg,val,val,False
S_11086722.jpg,train,train,False
S_11086730.jpg,val,val,False
S_11086732.jpg,train,train,False
S_11087098.jpg,val,val,False
S_11087103.jpg,train,train,False
S_11087104.jpg,train,train,False
S_11087107.jpg,train,train,False
S_11087126.jpg,val,val,False
S_11087606.jpg,train,train,False
S_11087609.jpg,train,train,False
S_11088812.jpg,train,train,False
S_11088819.jpg,train,train,False
S_11088820.jpg,train,train,False
S_11090583.jpg,train,train,False
S_11090651.jpg,train,train,False
S_11090993.jpg,train,train,False
S_11092034.jpg,val,val,False
S_11094042.jpg,train,train,False
S_11094043.jpg,train,train,False
S_11094477.jpg,train,train,False
S_11095383.jpg,val,val,False
S_11095385.jpg,train,train,False
S_11096812.jpg,val,val,False
S_11096814.jpg,train,train,False
S_11096896.jpg,train,train,False
S_11097533.jpg,val,val,False
S_11099280.jpg,train,train,False
S_11100317.jpg,train,train,False
S_11103387.jpg,train,train,False
S_11103422.jpg,val,val,False
S_11103429.jpg,train,train,False
S_11103814.jpg,train,train,False
S_11103849.jpg,train,train,False
S_11103855.jpg,train,train,False
S_11103856.jpg,train,train,False
S_11103857.jpg,val,val,False
S_11103903.jpg,val,val,False
S_11103914.jpg,val,val,False
S_11103997.jpg,train,train,False
S_11104119.jpg,train,train,False
S_11104120.jpg,val,val,False
S_11104387.jpg,train,train,False
S_11105487.jpg,train,train,False
S_11105488.jpg,val,val,False
S_11105489.jpg,train,train,False
S_11105550.jpg,val,val,False
S_11106717.jpg,train,train,False
S_11107342.jpg,train,train,False
S_11107343.jpg,val,val,False
S_11107346.jpg,train,train,False
S_11107347.jpg,train,train,False
S_11109391.jpg,train,train,False
S_11109392.jpg,train,train,False
S_11109874.jpg,train,train,False
S_11110079.jpg,val,val,False
S_11110232.jpg,train,train,False
S_11110824.jpg,val,val,False
S_11110867.jpg,train,train,False
S_11111106.jpg,train,train,False
S_11111524.jpg,train,train,False
S_11111874.jpg,train,train,False
S_11112304.jpg,train,train,False
S_11113517.jpg,train,train,False
S_11113937.jpg,train,train,False
S_11114205.jpg,train,train,False
S_11114290.jpg,train,train,False
S_11117129.jpg,train,train,False
S_11117191.jpg,val,val,False
S_11117366.jpg,train,train,False
S_11118046.jpg,train,train,False
S_11118674.jpg,val,val,False
S_11118758.jpg,train,train,False
S_11121334.jpg,train,train,False
S_11123681.jpg,val,val,False
S_11124098.jpg,train,train,False
S_11124099.jpg,val,val,False
S_11124627.jpg,train,train,False
S_11124660.jpg,train,train,False
S_11125222.jpg,train,train,False
S_11125228.jpg,val,val,False
S_11125231.jpg,train,train,False
S_11125479.jpg,train,train,False
S_11125542.jpg,val,val,False
S_11125753.jpg,train,train,False
S_11125758.jpg,train,train,False
S_11125761.jpg,train,train,False
S_11125762.jpg,val,val,False
S_11126042.jpg,val,val,False
S_11126179.jpg,train,train,False
S_11126294.jpg,val,val,False
S_11126569.jpg,train,train,False
S_11126612.jpg,train,train,False
S_11126617.jpg,train,train,False
S_11126998.jpg,train,train,False
S_11127976.jpg,train,train,False
S_11128632.jpg,val,val,False
S_11128952.jpg,train,train,False
S_11128983.jpg,train,train,False
S_11129363.jpg,train,train,False
S_11129719.jpg,train,train,False
S_11129963.jpg,train,train,False
S_11130433.jpg,train,train,False
S_11130478.jpg,val,val,False
S_11130594.jpg,train,train,False
S_11130595.jpg,train,train,False
S_11130596.jpg,train,train,False
S_11130745.jpg,train,train,False
S_11130746.jpg,train,train,False
S_11131810.jpg,val,val,False
S_11131837.jpg,val,val,False
S_11131842.jpg,val,val,False
S_11131843.jpg,train,train,False
S_11132029.jpg,val,val,False
S_11132180.jpg,train,train,False
S_11132284.jpg,train,train,False
S_11132285.jpg,train,train,False
S_11133019.jpg,train,train,False
S_11133301.jpg,train,train,False
S_11135347.jpg,train,train,False
S_11135955.jpg,train,train,False
S_11136532.jpg,train,train,False
S_11137697.jpg,val,val,False
S_11137759.jpg,train,train,False
S_11140263.jpg,train,train,False
S_11141766.jpg,val,val,False
S_11142065.jpg,val,val,False
S_11142811.jpg,train,train,False
S_11142846.jpg,train,train,False
S_11143222.jpg,train,train,False
S_11144018.jpg,train,train,False
S_11144019.jpg,train,train,False
S_11144020.jpg,train,train,False
S_11144021.jpg,train,train,False
S_11144106.jpg,train,train,False
S_11144107.jpg,train,train,False
S_11144279.jpg,train,train,False
S_11144280.jpg,train,train,False
S_11144373.jpg,train,train,False
S_11144540.jpg,val,val,False
S_11144541.jpg,val,val,False
S_11144542.jpg,train,train,False
S_11144672.jpg,train,train,False
S_11144673.jpg,train,train,False
S_11144675.jpg,train,train,False
S_11144693.jpg,train,train,False
S_11144866.jpg,train,train,False
S_11144867.jpg,train,train,False
S_11144941.jpg,train,train,False
S_11144942.jpg,val,val,False
S_11145049.jpg,train,train,False
S_11145050.jpg,train,train,False
S_11145061.jpg,train,train,False
S_11145842.jpg,train,train,False
S_11145843.jpg,val,val,False
S_11145865.jpg,train,train,False
S_11146111.jpg,train,train,False
S_11146229.jpg,train,train,False
S_11146487.jpg,train,train,False
S_11146633.jpg,train,train,False
S_11147530.jpg,train,train,False
S_11147536.jpg,train,train,False
S_11147537.jpg,train,train,False
S_11147538.jpg,train,train,False
S_11147717.jpg,train,train,False
S_11147718.jpg,train,train,False
S_11147839.jpg,train,train,False
S_11148075.jpg,train,train,False
S_11148855.jpg,train,train,False
S_11149405.jpg,train,train,False
S_11149612.jpg,train,train,False
S_11149613.jpg,val,val,False
S_11150259.jpg,train,train,False
S_11150475.jpg,train,train,False
S_11150649.jpg,val,val,False
S_11150662.jpg,val,val,False
S_11151149.jpg,val,val,False
S_11151738.jpg,train,train,False
S_11152005.jpg,train,train,False
S_11152101.jpg,train,train,False
S_11152102.jpg,train,train,False
S_11152128.jpg,val,val,False
S_11152514.jpg,train,train,False
S_11152515.jpg,train,train,False
S_11152555.jpg,train,train,False
S_11152648.jpg,train,train,False
S_11152959.jpg,train,train,False
S_11152987.jpg,train,train,False
S_11152990.jpg,val,val,False
S_11153172.jpg,train,train,False
S_11153176.jpg,train,train,False
S_11153209.jpg,train,train,False
S_11153213.jpg,train,train,False
S_11153214.jpg,train,train,False
S_11153257.jpg,train,train,False
S_11153309.jpg,train,train,False
S_11153314.jpg,train,train,False
S_11153350.jpg,train,train,False
S_11153395.jpg,train,train,False
S_11153543.jpg,val,val,False
S_11153550.jpg,train,train,False
S_11153551.jpg,train,train,False
S_11153563.jpg,train,train,False
S_11153582.jpg,val,val,False
S_11153597.jpg,train,train,False
S_11153639.jpg,val,val,False
S_11153773.jpg,train,train,False
S_11153775.jpg,train,train,False
S_11153784.jpg,train,train,False
S_11153787.jpg,train,train,False
S_11153791.jpg,train,train,False
S_11153799.jpg,val,val,False
S_11153835.jpg,val,val,False
S_11153846.jpg,train,train,False
S_11153880.jpg,val,val,False
S_11154016.jpg,val,val,False
S_11154027.jpg,train,train,False
S_11154034.jpg,train,train,False
S_11154074.jpg,train,train,False
S_11154125.jpg,train,train,False
S_11154128.jpg,train,train,False
S_11154324.jpg,val,val,False
S_11154340.jpg,train,train,False
S_11154366.jpg,train,train,False
S_11154370.jpg,train,train,False
S_11154375.jpg,train,train,False
S_11154728.jpg,train,train,False
S_11154755.jpg,train,train,False
S_11155136.jpg,train,train,False
S_11155219.jpg,val,val,False
S_11155234.jpg,train,train,False
S_11155246.jpg,train,train,False
S_11155261.jpg,train,train,False
S_11155393.jpg,train,train,False
S_11155397.jpg,train,train,False
S_11155413.jpg,train,train,False
S_11155415.jpg,train,train,False
S_11155426.jpg,train,train,False
S_11155476.jpg,train,train,False
S_11155477.jpg,val,val,False
S_11155501.jpg,train,train,False
S_11155504.jpg,val,val,False
S_11155506.jpg,train,train,False
S_11155523.jpg,train,train,False
S_11155608.jpg,val,val,False
S_11156278.jpg,train,train,False
S_11157016.jpg,train,train,False
S_11157018.jpg,train,train,False
S_11157200.jpg,train,train,False
S_11157382.jpg,train,train,False
S_11157491.jpg,train,train,False
S_11157492.jpg,train,train,False
S_11157539.jpg,train,train,False
S_11157563.jpg,train,train,False
S_11157564.jpg,train,train,False
S_11157565.jpg,train,train,False
S_11157568.jpg,val,val,False
S_11157569.jpg,val,val,False
S_11157570.jpg,val,val,False
S_11157645.jpg,val,val,False
S_11157681.jpg,val,val,False
S_11157810.jpg,train,train,False
S_11158088.jpg,train,train,False
S_11158110.jpg,train,train,False
S_11158153.jpg,train,train,False
S_11158155.jpg,train,train,False
S_11158199.jpg,train,train,False
S_11158222.jpg,train,train,False
S_11158242.jpg,train,train,False
S_11158253.jpg,val,val,False
S_11158293.jpg,val,val,False
S_11158420.jpg,train,train,False
S_11158421.jpg,train,train,False
S_11158459.jpg,val,val,False
S_11158535.jpg,val,val,False
S_11158596.jpg,train,train,False
S_11158646.jpg,train,train,False
S_11158684.jpg,train,train,False
S_11158747.jpg,train,train,False
S_11158757.jpg,val,val,False
S_11159421.jpg,train,train,False
S_11159430.jpg,train,train,False
S_11159487.jpg,val,val,False
S_11165092.jpg,val,val,False
S_11171971.jpg,train,train,False
S_11174676.jpg,train,train,False
S_11174687.jpg,train,train,False
S_11174753.jpg,train,train,False
S_11174829.jpg,val,val,False
S_11176846.jpg,train,train,False
S_11177210.jpg,train,train,False
S_11178072.jpg,train,train,False
S_11178748.jpg,train,train,False
S_11179914.jpg,train,train,False
S_11180461.jpg,train,train,False
S_11180466.jpg,train,train,False
S_11180492.jpg,train,train,False
S_11180499.jpg,train,train,False
S_11180525.jpg,val,val,False
S_11180526.jpg,train,train,False
S_11180530.jpg,train,train,False
S_11180541.jpg,train,train,False
S_11180547.jpg,val,val,False
S_11180548.jpg,train,train,False
S_11181326.jpg,train,train,False
S_11181538.jpg,train,train,False
S_11181541.jpg,val,val,False
S_11182818.jpg,train,train,False
S_11183671.jpg,train,train,False
S_11184716.jpg,val,val,False
S_11184836.jpg,train,train,False
S_11185096.jpg,train,train,False
S_11185099.jpg,train,train,False
S_11185100.jpg,train,train,False
S_11185308.jpg,train,train,False
S_11186252.jpg,train,train,False
S_11186253.jpg,train,train,False
S_11186304.jpg,val,val,False
S_11186844.jpg,train,train,False
S_11188272.jpg,val,val,False
S_11188757.jpg,val,val,False
S_11189655.jpg,train,train,False
S_11189975.jpg,train,train,False
S_11189994.jpg,train,train,False
S_11190004.jpg,val,val,False
S_11190544.jpg,train,train,False
S_11190566.jpg,train,train,False
S_11190746.jpg,train,train,False
S_11190902.jpg,train,train,False
S_11190905.jpg,val,val,False
S_11190926.jpg,train,train,False
S_11192095.jpg,train,train,False
S_11192102.jpg,train,train,False
S_11192108.jpg,train,train,False
S_11192109.jpg,train,train,False
S_11192514.jpg,train,train,False
S_11195409.jpg,train,train,False
S_11197359.jpg,train,train,False
S_11197387.jpg,train,train,False
S_11197391.jpg,train,train,False
S_11197394.jpg,train,train,False
S_11197423.jpg,train,train,False
S_11197424.jpg,train,train,False
S_11197452.jpg,train,train,False
S_11197457.jpg,train,train,False
S_11197476.jpg,train,train,False
S_11197478.jpg,val,val,False
S_11197763.jpg,train,train,False
S_11198594.jpg,train,train,False
S_11198595.jpg,train,train,False
S_11198598.jpg,val,val,False
S_11201130.jpg,train,train,False
S_11205072.jpg,train,train,False
S_11205482.jpg,train,train,False
S_11208154.jpg,val,val,False
S_11211829.jpg,train,train,False
S_11215327.jpg,train,train,False
S_11215696.jpg,train,train,False
S_11216655.jpg,train,train,False
S_11217143.jpg,train,train,False
S_11218086.jpg,train,train,False
S_11219287.jpg,train,train,False
S_11220617.jpg,train,train,False
S_11220631.jpg,train,train,False
S_11221437.jpg,train,train,False
S_11222042.jpg,train,train,False
S_11222066.jpg,train,train,False
S_11222094.jpg,train,train,False
S_11222148.jpg,val,val,False
S_11222282.jpg,train,train,False
S_11222496.jpg,train,train,False
S_11222597.jpg,val,val,False
S_11222627.jpg,train,train,False
S_11222632.jpg,train,train,False
S_11222633.jpg,train,train,False
S_11222634.jpg,train,train,False
S_11222644.jpg,train,train,False
S_11222805.jpg,train,train,False
S_11222814.jpg,train,train,False
S_11222820.jpg,train,train,False
S_11222840.jpg,train,train,False
S_11226188.jpg,train,train,False
S_11226205.jpg,train,train,False
S_11226238.jpg,train,train,False
S_11226244.jpg,val,val,False
S_11232355.jpg,train,train,False
S_11232362.jpg,train,train,False
S_11232364.jpg,train,train,False
S_11232393.jpg,train,train,False
S_11232688.jpg,val,val,False
S_11232689.jpg,train,train,False
S_11232690.jpg,val,val,False
S_11232691.jpg,train,train,False
S_11232699.jpg,train,train,False
S_11232700.jpg,train,train,False
S_11232701.jpg,train,train,False
S_11233311.jpg,train,train,False
S_11233313.jpg,train,train,False
S_11233901.jpg,train,train,False
S_11233902.jpg,train,train,False
S_11234196.jpg,train,train,False
S_11234486.jpg,train,train,False
S_11234489.jpg,train,train,False
S_11235068.jpg,train,train,False
S_11235285.jpg,train,train,False
S_11235377.jpg,train,train,False
S_11235381.jpg,val,val,False
S_11235388.jpg,val,val,False
S_11235389.jpg,val,val,False
S_11236249.jpg,train,train,False
S_11236834.jpg,train,train,False
S_11240572.jpg,train,train,False
S_11240585.jpg,train,train,False
S_11243959.jpg,train,train,False
S_11244289.jpg,train,train,False
S_11244719.jpg,train,train,False
S_11244911.jpg,train,train,False
S_11266794.jpg,train,train,False
S_11266806.jpg,val,val,False
S_11300917.jpg,train,train,False
S_11306624.jpg,train,train,False
S_11323543.jpg,val,val,False
S_11327622.jpg,train,train,False
S_11329436.jpg,val,val,False
S_11329977.jpg,train,train,False
S_11332365.jpg,train,train,False
S_11332683.jpg,train,train,False
S_11333401.jpg,train,train,False
S_11334682.jpg,val,val,False
S_11335634.jpg,val,val,False
S_11336108.jpg,val,val,False
S_11336349.jpg,train,train,False
S_11337055.jpg,train,train,False
S_11339247.jpg,train,train,False
S_11339563.jpg,train,train,False
S_11340713.jpg,val,val,False
S_11340946.jpg,train,train,False
S_11341815.jpg,train,train,False
S_11342469.jpg,val,val,False
S_11348021.jpg,train,train,False
S_11348072.jpg,val,val,False
S_11348099.jpg,train,train,False
S_11348101.jpg,train,train,False
S_11348111.jpg,train,train,False
S_11348123.jpg,train,train,False
S_11348810.jpg,train,train,False
S_11348865.jpg,train,train,False
S_11350098.jpg,train,train,False
S_11350101.jpg,val,val,False
S_11350102.jpg,train,train,False
S_11350103.jpg,val,val,False
S_11350119.jpg,val,val,False
S_11350124.jpg,train,train,False
S_11350128.jpg,val,val,False
S_11350132.jpg,train,train,False
S_11350133.jpg,train,train,False
S_11350135.jpg,train,train,False
S_11350195.jpg,train,train,False
S_11350286.jpg,train,train,False
S_11350292.jpg,val,val,False
S_11350298.jpg,train,train,False
S_11350344.jpg,train,train,False
S_11350355.jpg,train,train,False
S_11350362.jpg,train,train,False
S_11350363.jpg,val,train,True
S_11350366.jpg,train,train,False
S_11350372.jpg,train,train,False
S_11350461.jpg,train,train,False
S_11351016.jpg,train,train,False
S_11351046.jpg,train,train,False
S_11351099.jpg,train,train,False
S_11351353.jpg,train,train,False
S_11351355.jpg,train,train,False
S_11351526.jpg,val,val,False
S_11351536.jpg,train,train,False
S_11351553.jpg,val,val,False
S_11351617.jpg,train,train,False
S_11351711.jpg,train,train,False
S_11351878.jpg,train,train,False
S_11351885.jpg,val,val,False
S_11351933.jpg,train,train,False
S_11352018.jpg,train,train,False
S_11365940.jpg,train,train,False
S_11369708.jpg,train,train,False
S_11369716.jpg,train,train,False
S_11369723.jpg,train,train,False
S_11370019.jpg,train,train,False
S_11370026.jpg,val,val,False
S_11370040.jpg,val,val,False
S_11370235.jpg,val,val,False
S_11370351.jpg,train,train,False
S_11370356.jpg,val,val,False
S_11370373.jpg,train,train,False
S_11370433.jpg,train,train,False
S_11370486.jpg,train,train,False
S_11370791.jpg,train,train,False
S_11370917.jpg,train,train,False
S_11370930.jpg,val,val,False
S_11371164.jpg,train,train,False
S_11371173.jpg,train,train,False
S_11371211.jpg,train,train,False
S_11372095.jpg,train,train,False
S_11372631.jpg,train,train,False
S_11372643.jpg,train,train,False
S_11373902.jpg,train,train,False
S_11375224.jpg,train,train,False
S_11375234.jpg,val,val,False
S_11375407.jpg,val,val,False
S_11375566.jpg,val,val,False
S_11375606.jpg,train,train,False
S_11376057.jpg,train,train,False
S_11376735.jpg,val,val,False
S_11378956.jpg,train,train,False
S_11379009.jpg,train,train,False
S_11379016.jpg,train,train,False
S_11379019.jpg,val,val,False
S_11379021.jpg,train,train,False
S_11379023.jpg,train,train,False
S_11379025.jpg,val,val,False
S_11379080.jpg,train,train,False
S_11379085.jpg,train,train,False
S_11379101.jpg,val,val,False
S_11379129.jpg,train,train,False
S_11379140.jpg,val,val,False
S_11379154.jpg,train,train,False
S_11379163.jpg,train,train,False
S_11379267.jpg,train,train,False
S_11379269.jpg,train,train,False
S_11379325.jpg,train,train,False
S_11379359.jpg,train,train,False
S_11379552.jpg,train,train,False
S_11384875.jpg,train,train,False
S_11387825.jpg,train,train,False
S_11388631.jpg,train,train,False
S_11388632.jpg,train,train,False
S_11388633.jpg,train,train,False
S_11389167.jpg,val,val,False
S_11389486.jpg,val,val,False
S_11390269.jpg,val,val,False
S_11390658.jpg,train,train,False
S_11390700.jpg,train,train,False
S_11390717.jpg,train,train,False
S_11390752.jpg,train,train,False
S_11390846.jpg,train,train,False
S_11390897.jpg,train,train,False
S_11406562.jpg,train,train,False
S_11461602.jpg,train,train,False
S_11461641.jpg,val,val,False
S_11461663.jpg,val,val,False
S_11462024.jpg,train,train,False
S_11462031.jpg,train,train,False
S_11462039.jpg,val,val,False
S_11462209.jpg,train,train,False
S_11462211.jpg,train,train,False
S_11462214.jpg,train,train,False
S_11462260.jpg,train,train,False
S_11462274.jpg,val,val,False
S_11462322.jpg,train,train,False
S_11462341.jpg,train,train,False
S_11462350.jpg,train,train,False
S_11462355.jpg,train,train,False
S_11462522.jpg,train,train,False
S_11462531.jpg,val,val,False
S_11462533.jpg,train,train,False
S_11462535.jpg,train,train,False
S_11462536.jpg,train,train,False
S_11462537.jpg,val,val,False
S_11462538.jpg,train,train,False
S_11462539.jpg,train,train,False
S_11462541.jpg,train,train,False
S_11462542.jpg,train,train,False
S_11462550.jpg,train,train,False
S_11462555.jpg,train,train,False
S_11462557.jpg,train,train,False
S_11462558.jpg,train,train,False
S_11462560.jpg,train,train,False
S_11462561.jpg,train,train,False
S_11462562.jpg,train,train,False
S_11462563.jpg,train,train,False
S_11462564.jpg,train,train,False
S_11462565.jpg,train,train,False
S_11462566.jpg,val,val,False
S_11462567.jpg,train,train,False
S_11462569.jpg,train,train,False
S_11462570.jpg,train,train,False
S_11462571.jpg,train,train,False
S_11462572.jpg,val,val,False
S_11462574.jpg,train,train,False
S_11462577.jpg,train,train,False
S_11462581.jpg,val,val,False
S_11462585.jpg,train,train,False
S_11462586.jpg,train,train,False
S_11462587.jpg,train,train,False
S_11462588.jpg,train,train,False
S_11462591.jpg,train,train,False
S_11462596.jpg,train,train,False
S_11462597.jpg,val,val,False
S_11462598.jpg,train,train,False
S_11462599.jpg,train,train,False
S_11462604.jpg,val,val,False
S_11462607.jpg,train,train,False
S_11462608.jpg,train,train,False
S_11462610.jpg,train,train,False
S_11462614.jpg,train,train,False
S_11462615.jpg,val,val,False
S_11462616.jpg,train,train,False
S_11462617.jpg,val,val,False
S_11462620.jpg,train,train,False
S_11462621.jpg,train,train,False
S_11462622.jpg,train,train,False
S_11462623.jpg,train,train,False
S_11462624.jpg,train,train,False
S_11462625.jpg,train,train,False
S_11462626.jpg,train,train,False
S_11462627.jpg,train,train,False
S_11462628.jpg,train,train,False
S_11462629.jpg,train,train,False
S_11462630.jpg,train,train,False
S_11462643.jpg,train,train,False
S_11462645.jpg,train,train,False
S_11462646.jpg,train,train,False
S_11462647.jpg,train,train,False
S_11462648.jpg,train,train,False
S_11462651.jpg,train,train,False
S_11462652.jpg,train,train,False
S_11462658.jpg,train,train,False
S_11462659.jpg,train,train,False
S_11462660.jpg,train,train,False
S_11462661.jpg,val,val,False
S_11462669.jpg,train,train,False
S_11462673.jpg,val,val,False
S_11462675.jpg,train,train,False
S_11462676.jpg,train,train,False
S_11462678.jpg,train,train,False
S_11462679.jpg,train,train,False
S_11462680.jpg,val,val,False
S_11462685.jpg,train,train,False
S_11462687.jpg,train,train,False
S_11462688.jpg,train,train,False
S_11462689.jpg,train,train,False
S_11462690.jpg,val,val,False
S_11462691.jpg,train,train,False
S_11462692.jpg,train,train,False
S_11462694.jpg,train,train,False
S_11462695.jpg,train,train,False
S_11462696.jpg,val,val,False
S_11462697.jpg,train,train,False
S_11462698.jpg,val,val,False
S_11462699.jpg,val,val,False
S_11462701.jpg,train,train,False
S_11462702.jpg,train,train,False
S_11462706.jpg,train,train,False
S_11462707.jpg,train,train,False
S_11462715.jpg,train,train,False
S_11462716.jpg,val,val,False
S_11462718.jpg,train,train,False
S_11462719.jpg,train,train,False
S_11462722.jpg,train,train,False
S_11462723.jpg,train,train,False
S_11462724.jpg,train,train,False
S_11462727.jpg,train,train,False
S_11462728.jpg,train,train,False
S_11462735.jpg,train,train,False
S_11462736.jpg,val,val,False
S_11462737.jpg,val,val,False
S_11462738.jpg,train,train,False
S_11462739.jpg,train,train,False
S_11462740.jpg,train,train,False
S_11462742.jpg,train,train,False
S_11462745.jpg,train,train,False
S_11462746.jpg,train,train,False
S_11462748.jpg,train,train,False
S_11462749.jpg,val,val,False
S_11462750.jpg,train,train,False
S_11462752.jpg,train,train,False
S_11462753.jpg,train,train,False
S_11462755.jpg,train,train,False
S_11462757.jpg,train,train,False
S_11462758.jpg,val,val,False
S_11462759.jpg,train,train,False
S_11462760.jpg,train,train,False
S_11462761.jpg,val,val,False
S_11462763.jpg,val,val,False
S_11462764.jpg,train,train,False
S_11462767.jpg,train,train,False
S_11462768.jpg,train,train,False
S_11462769.jpg,train,train,False
S_11462770.jpg,train,train,False
S_11462781.jpg,train,train,False
S_11462782.jpg,val,val,False
S_11462783.jpg,train,train,False
S_11462784.jpg,train,train,False
S_11462786.jpg,train,train,False
S_11462787.jpg,val,val,False
S_11462788.jpg,train,train,False
S_11462789.jpg,val,val,False
S_11462790.jpg,train,train,False
S_11462796.jpg,train,train,False
S_11462797.jpg,train,train,False
S_11462800.jpg,train,train,False
S_11462805.jpg,train,train,False
S_11462806.jpg,train,train,False
S_11462808.jpg,train,train,False
S_11462809.jpg,train,train,False
S_11462813.jpg,train,train,False
S_11462822.jpg,train,train,False
S_11462823.jpg,train,train,False
S_11462824.jpg,train,train,False
S_11462825.jpg,train,train,False
S_11462826.jpg,train,train,False
S_11462827.jpg,train,train,False
S_11462828.jpg,train,train,False
S_11462829.jpg,val,val,False
S_11462831.jpg,train,train,False
S_11462832.jpg,train,train,False
S_11462833.jpg,train,train,False
S_11462834.jpg,train,train,False
S_11462835.jpg,train,train,False
S_11462836.jpg,train,train,False
S_11462837.jpg,train,train,False
S_11462839.jpg,val,val,False
S_11462841.jpg,train,train,False
S_11462847.jpg,train,train,False
S_11462852.jpg,val,val,False
S_11462854.jpg,train,train,False
S_11462855.jpg,train,train,False
S_11462856.jpg,train,train,False
S_11462857.jpg,train,train,False
S_11462858.jpg,train,train,False
S_11462859.jpg,train,train,False
S_11462860.jpg,train,train,False
S_11462861.jpg,val,val,False
S_11462862.jpg,val,val,False
S_11462863.jpg,train,train,False
S_11462864.jpg,train,train,False
S_11462865.jpg,train,train,False
S_11462867.jpg,train,train,False
S_11462868.jpg,train,train,False
S_11462870.jpg,train,train,False
S_11462872.jpg,train,train,False
S_11462873.jpg,val,val,False
S_11462874.jpg,val,val,False
S_11462875.jpg,val,val,False
S_11462876.jpg,val,val,False
S_11462877.jpg,train,train,False
S_11462878.jpg,train,train,False
S_11462879.jpg,val,val,False
S_11462880.jpg,train,train,False
S_11462884.jpg,train,train,False
S_11462885.jpg,val,val,False
S_11462889.jpg,train,train,False
S_11462891.jpg,val,val,False
S_11462892.jpg,train,train,False
S_11462893.jpg,train,train,False
S_11462894.jpg,train,train,False
S_11462895.jpg,train,train,False
S_11462897.jpg,train,train,False
S_11462899.jpg,train,train,False
S_11462901.jpg,train,train,False
S_11462903.jpg,train,train,False
S_11462905.jpg,train,train,False
S_11462907.jpg,train,train,False
S_11462908.jpg,train,train,False
S_11462910.jpg,train,train,False
S_11462914.jpg,train,train,False
S_11462916.jpg,train,train,False
S_11462918.jpg,train,train,False
S_11462919.jpg,train,train,False
S_11462922.jpg,val,val,False
S_11462923.jpg,val,val,False
S_11462925.jpg,train,train,False
S_11462926.jpg,val,val,False
S_11462927.jpg,train,train,False
S_11462928.jpg,train,train,False
S_11462929.jpg,train,train,False
S_11462930.jpg,train,train,False
S_11462931.jpg,train,train,False
S_11462936.jpg,val,val,False
S_11462939.jpg,train,train,False
S_11462942.jpg,val,val,False
S_11462943.jpg,train,train,False
S_11462944.jpg,val,val,False
S_11462945.jpg,train,train,False
S_11462950.jpg,train,train,False
S_11462951.jpg,train,train,False
S_11462954.jpg,train,train,False
S_11462956.jpg,train,train,False
S_11462957.jpg,val,val,False
S_11462958.jpg,train,train,False
S_11462959.jpg,val,val,False
S_11462960.jpg,train,train,False
S_11462961.jpg,train,train,False
S_11462962.jpg,train,train,False
S_11462963.jpg,val,val,False
S_11462964.jpg,train,train,False
S_11462966.jpg,val,val,False
S_11462967.jpg,train,train,False
S_11462968.jpg,train,train,False
S_11462973.jpg,train,train,False
S_11462974.jpg,train,train,False
S_11462975.jpg,train,train,False
S_11462976.jpg,train,train,False
S_11462979.jpg,train,train,False
S_11462980.jpg,train,train,False
S_11462982.jpg,train,train,False
S_11462983.jpg,train,train,False
S_11462984.jpg,val,val,False
S_11462986.jpg,val,val,False
S_11462990.jpg,train,train,False
S_11462991.jpg,train,train,False
S_11463001.jpg,val,val,False
S_11463002.jpg,train,train,False
S_11463004.jpg,train,train,False
S_11463005.jpg,train,train,False
S_11463010.jpg,val,val,False
S_11463011.jpg,val,val,False
S_11463012.jpg,train,train,False
S_11463013.jpg,train,train,False
S_11463014.jpg,train,train,False
S_11463020.jpg,train,train,False
S_11463021.jpg,train,train,False
S_11463023.jpg,train,train,False
S_11463029.jpg,train,train,False
S_11463030.jpg,train,train,False
S_11463031.jpg,val,val,False
S_11463032.jpg,train,train,False
S_11463034.jpg,train,train,False
S_11463042.jpg,train,train,False
S_11463044.jpg,val,val,False
S_11463045.jpg,val,val,False
S_11463051.jpg,train,train,False
S_11463053.jpg,train,train,False
S_11463056.jpg,val,val,False
S_11463058.jpg,train,train,False
S_11463059.jpg,train,train,False
S_11463060.jpg,train,train,False
S_11463062.jpg,train,train,False
S_11463065.jpg,train,train,False
S_11463068.jpg,train,train,False
S_11463070.jpg,train,train,False
S_11463071.jpg,train,train,False
S_11463072.jpg,train,train,False
S_11463073.jpg,train,train,False
S_11463077.jpg,train,train,False
S_11463078.jpg,train,train,False
S_11463079.jpg,train,train,False
S_11463080.jpg,train,train,False
S_11463081.jpg,train,train,False
S_11463083.jpg,train,train,False
S_11463084.jpg,train,train,False
S_11463085.jpg,val,val,False
S_11463086.jpg,train,train,False
S_11463087.jpg,train,train,False
S_11463088.jpg,train,train,False
S_11463090.jpg,train,train,False
S_11463091.jpg,train,train,False
S_11463094.jpg,train,train,False
S_11463095.jpg,val,val,False
S_11463101.jpg,train,train,False
S_11463106.jpg,val,val,False
S_11463107.jpg,train,train,False
S_11463108.jpg,val,val,False
S_11463109.jpg,train,train,False
S_11463110.jpg,train,train,False
S_11463112.jpg,train,train,False
S_11463113.jpg,train,train,False
S_11463116.jpg,train,train,False
S_11463120.jpg,train,train,False
S_11463122.jpg,train,train,False
S_11463123.jpg,train,train,False
S_11463124.jpg,val,val,False
S_11463125.jpg,train,train,False
S_11463126.jpg,train,train,False
S_11463127.jpg,train,train,False
S_11463134.jpg,train,train,False
S_11463135.jpg,val,val,False
S_11463136.jpg,train,train,False
S_11463137.jpg,train,train,False
S_11463138.jpg,train,train,False
S_11463141.jpg,val,val,False
S_11463145.jpg,train,train,False
S_11463146.jpg,train,train,False
S_11463147.jpg,val,val,False
S_11463148.jpg,train,train,False
S_11463149.jpg,train,train,False
S_11463150.jpg,val,val,False
S_11463151.jpg,train,train,False
S_11463152.jpg,train,train,False
S_11463153.jpg,train,train,False
S_11463154.jpg,train,train,False
S_11463156.jpg,train,train,False
S_11463157.jpg,train,train,False
S_11463158.jpg,train,train,False
S_11463160.jpg,train,train,False
S_11463161.jpg,train,train,False
S_11463162.jpg,train,train,False
S_11463163.jpg,train,train,False
S_11463164.jpg,val,val,False
S_11463166.jpg,train,train,False
S_11463169.jpg,val,val,False
S_11463175.jpg,train,train,False
S_11463176.jpg,train,train,False
S_11463177.jpg,train,train,False
S_11463178.jpg,train,train,False
S_11463182.jpg,train,train,False
S_11463184.jpg,train,train,False
S_11463193.jpg,train,train,False
S_11463195.jpg,val,val,False
S_11463198.jpg,train,train,False
S_11463202.jpg,train,train,False
S_11463204.jpg,train,train,False
S_11463207.jpg,val,val,False
S_11463208.jpg,train,train,False
S_11463209.jpg,train,train,False
S_11463210.jpg,val,val,False
S_11463212.jpg,train,train,False
S_11463215.jpg,train,train,False
S_11463218.jpg,val,val,False
S_11463220.jpg,train,train,False
S_11463222.jpg,train,train,False
S_11463223.jpg,train,train,False
S_11463224.jpg,val,val,False
S_11463227.jpg,val,val,False
S_11463228.jpg,val,val,False
S_11463229.jpg,train,train,False
S_11463230.jpg,train,train,False
S_11463231.jpg,train,train,False
S_11463232.jpg,val,val,False
S_11463233.jpg,train,train,False
S_11463235.jpg,train,train,False
S_11463237.jpg,val,val,False
S_11463238.jpg,train,train,False
S_11463239.jpg,train,train,False
S_11463240.jpg,train,train,False
S_11463242.jpg,train,train,False
S_11463243.jpg,val,val,False
S_11463245.jpg,val,val,False
S_11463247.jpg,train,train,False
S_11463248.jpg,train,train,False
S_11463249.jpg,train,train,False
S_11463253.jpg,train,train,False
S_11463254.jpg,val,val,False
S_11463255.jpg,val,val,False
S_11463257.jpg,train,train,False
S_11463260.jpg,val,val,False
S_11463262.jpg,train,train,False
S_11463263.jpg,train,train,False
S_11463264.jpg,train,train,False
S_11463268.jpg,train,train,False
S_11463274.jpg,train,train,False
S_11463276.jpg,val,val,False
S_11463278.jpg,train,train,False
S_11463279.jpg,train,train,False
S_11463280.jpg,val,val,False
S_11463281.jpg,train,train,False
S_11463282.jpg,train,train,False
S_11463283.jpg,train,train,False
S_11463284.jpg,train,train,False
S_11463285.jpg,val,val,False
S_11463286.jpg,train,train,False
S_11463292.jpg,train,train,False
S_11463293.jpg,train,train,False
S_11463308.jpg,train,train,False
S_11463312.jpg,train,train,False
S_11463313.jpg,train,train,False
S_11463314.jpg,train,train,False
S_11463315.jpg,val,val,False
S_11463316.jpg,train,train,False
S_11463321.jpg,train,train,False
S_11463324.jpg,train,train,False
S_11463330.jpg,train,train,False
S_11463334.jpg,train,train,False
S_11463342.jpg,train,train,False
S_11463344.jpg,train,train,False
S_11463345.jpg,train,train,False
S_11463357.jpg,train,train,False
S_11463370.jpg,val,val,False
S_11463374.jpg,train,train,False
S_11463375.jpg,train,train,False
S_11463379.jpg,train,train,False
S_11463383.jpg,train,train,False
S_11463386.jpg,train,train,False
S_11463387.jpg,train,train,False
S_11463391.jpg,train,train,False
S_11463393.jpg,train,train,False
S_11463394.jpg,val,val,False
S_11463395.jpg,train,train,False
S_11463396.jpg,train,train,False
S_11463399.jpg,train,train,False
S_11463402.jpg,train,train,False
S_11463410.jpg,train,train,False
S_11463416.jpg,train,train,False
S_11463417.jpg,train,train,False
S_11463421.jpg,train,train,False
S_11463431.jpg,val,val,False
S_11463432.jpg,train,train,False
S_11463433.jpg,train,train,False
S_11463434.jpg,train,train,False
S_11463444.jpg,train,train,False
S_11463445.jpg,train,train,False
S_11463446.jpg,val,val,False
S_11463462.jpg,train,train,False
S_11463463.jpg,train,train,False
S_11463468.jpg,val,val,False
S_11463469.jpg,train,train,False
S_11463470.jpg,train,train,False
S_11463471.jpg,train,train,False
S_11463488.jpg,train,train,False
S_11463493.jpg,train,train,False
S_11463498.jpg,train,train,False
S_11463499.jpg,train,train,False
S_11463500.jpg,train,train,False
S_11463501.jpg,val,val,False
S_11463507.jpg,train,train,False
S_11463510.jpg,train,train,False
S_11463515.jpg,train,train,False
S_11463516.jpg,train,train,False
S_11463517.jpg,val,val,False
S_11463522.jpg,train,train,False
S_11463526.jpg,train,train,False
S_11463527.jpg,train,train,False
S_11463529.jpg,train,train,False
S_11463533.jpg,val,val,False
S_11463534.jpg,val,val,False
S_11463538.jpg,train,train,False
S_11463540.jpg,train,train,False
S_11463541.jpg,val,val,False
S_11463545.jpg,train,train,False
S_11463546.jpg,train,train,False
S_11463550.jpg,val,val,False
S_11463551.jpg,train,train,False
S_11463553.jpg,val,val,False
S_11463561.jpg,train,train,False
S_11463564.jpg,train,train,False
S_11463565.jpg,train,train,False
S_11463566.jpg,train,train,False
S_11463570.jpg,train,train,False
S_11463572.jpg,val,val,False
S_11463583.jpg,train,train,False
S_11463584.jpg,train,train,False
S_11463589.jpg,train,train,False
S_11463590.jpg,train,train,False
S_11463592.jpg,val,val,False
S_11463598.jpg,train,train,False
S_11463603.jpg,train,train,False
S_11463607.jpg,train,train,False
S_11463615.jpg,train,train,False
S_11463620.jpg,train,train,False
S_11463621.jpg,train,train,False
S_11463624.jpg,train,train,False
S_11463626.jpg,train,train,False
S_11463741.jpg,train,train,False
S_11463744.jpg,train,train,False
S_11463745.jpg,train,train,False
S_11463747.jpg,train,train,False
S_11463748.jpg,train,train,False
S_11463752.jpg,val,val,False
S_11463754.jpg,train,train,False
S_11464102.jpg,train,train,False
S_11464199.jpg,train,train,False
S_11464208.jpg,val,val,False
S_11464214.jpg,train,train,False
S_11464222.jpg,train,train,False
S_11464224.jpg,train,train,False
S_11465746.jpg,train,train,False
S_11474377.jpg,train,train,False
S_11474382.jpg,train,train,False
S_11474397.jpg,train,train,False
S_11487730.jpg,val,val,False
S_11487770.jpg,train,train,False
S_11487779.jpg,train,train,False
S_11502758.jpg,train,train,False
S_11502837.jpg,train,train,False
S_11502841.jpg,train,train,False
S_11502854.jpg,train,train,False
S_11502858.jpg,train,train,False
S_11502867.jpg,train,train,False
S_11502869.jpg,train,train,False
S_11504680.jpg,train,train,False
S_11504681.jpg,train,train,False
S_11504682.jpg,train,train,False
S_11504687.jpg,train,train,False
S_11504688.jpg,val,val,False
S_11504689.jpg,train,train,False
S_11504691.jpg,train,train,False
S_11504692.jpg,train,train,False
S_11504694.jpg,val,val,False
S_11504696.jpg,train,train,False
S_11504698.jpg,train,train,False
S_11504699.jpg,train,train,False
S_11504701.jpg,train,train,False
S_11504717.jpg,train,train,False
S_11504718.jpg,val,val,False
S_11504723.jpg,train,train,False
S_11504724.jpg,train,train,False
S_11504725.jpg,val,val,False
S_11504726.jpg,val,val,False
S_11504728.jpg,train,train,False
S_11504730.jpg,train,train,False
S_11504731.jpg,val,val,False
S_11504732.jpg,train,train,False
S_11504733.jpg,val,val,False
S_11504734.jpg,train,train,False
S_11504735.jpg,train,train,False
S_11504737.jpg,val,val,False
S_11504739.jpg,train,train,False
S_11504741.jpg,train,train,False
S_11504748.jpg,train,train,False
S_11504759.jpg,train,train,False
S_11504761.jpg,train,train,False
S_11504762.jpg,train,train,False
S_11504763.jpg,train,train,False
S_11504767.jpg,train,train,False
S_11504772.jpg,train,train,False
S_11504773.jpg,train,train,False
S_11504775.jpg,train,train,False
S_11504784.jpg,train,train,False
S_11504785.jpg,train,train,False
S_11504786.jpg,train,train,False
S_11504788.jpg,val,val,False
S_11504789.jpg,val,val,False
S_11504791.jpg,val,val,False
S_11504808.jpg,train,train,False
S_11504946.jpg,train,train,False
S_11504961.jpg,train,train,False
S_11525958.jpg,train,train,False
S_11527151.jpg,train,train,False
S_11527371.jpg,val,val,False
S_11527526.jpg,train,train,False
S_11527820.jpg,val,val,False
S_11529338.jpg,train,train,False
S_11529378.jpg,val,val,False
S_11529468.jpg,val,val,False
S_11529483.jpg,train,train,False
S_11529792.jpg,val,val,False
S_11529854.jpg,train,train,False
S_11530024.jpg,train,train,False
S_11530791.jpg,train,train,False
S_11532193.jpg,train,train,False
S_11533410.jpg,train,train,False
S_11533422.jpg,val,val,False
S_11533745.jpg,train,train,False
S_11533757.jpg,train,train,False
S_11533786.jpg,train,train,False
S_11533831.jpg,val,val,False
S_11534036.jpg,train,train,False
S_11534041.jpg,train,train,False
S_11534063.jpg,train,train,False
S_11534252.jpg,val,val,False
S_11534893.jpg,val,val,False
S_11545740.jpg,train,train,False
S_11546130.jpg,train,train,False
S_11547801.jpg,train,train,False
S_11556071.jpg,train,train,False
S_11567832.jpg,train,train,False
S_11568376.jpg,train,train,False
S_11569887.jpg,train,train,False
S_11570132.jpg,train,train,False
S_11572613.jpg,train,train,False
S_11575164.jpg,train,train,False
S_11575487.jpg,train,train,False
S_11575542.jpg,val,val,False
S_11575579.jpg,val,val,False
S_11575845.jpg,train,train,False
S_11575858.jpg,train,train,False
S_11575861.jpg,train,train,False
S_11577228.jpg,train,train,False
S_11577272.jpg,train,train,False
S_11580881.jpg,train,train,False
S_11580910.jpg,train,train,False
S_11584936.jpg,val,val,False
S_11588702.jpg,train,train,False
S_11594727.jpg,val,val,False
S_11605608.jpg,train,train,False
S_11610337.jpg,train,train,False
S_11613629.jpg,train,train,False
S_11624166.jpg,train,train,False
S_11624167.jpg,train,train,False
S_11624240.jpg,train,train,False
S_11624242.jpg,train,train,False
S_11624243.jpg,train,train,False
S_11624246.jpg,val,val,False
S_11624248.jpg,train,train,False
S_11624250.jpg,train,train,False
S_11624428.jpg,train,train,False
S_11625620.jpg,train,train,False
S_11625622.jpg,train,train,False
S_11625631.jpg,train,train,False
S_11625632.jpg,val,val,False
S_11625633.jpg,train,train,False
S_11625828.jpg,train,train,False
S_11625848.jpg,train,train,False
S_11625850.jpg,train,train,False
S_11625867.jpg,train,train,False
S_11625878.jpg,train,train,False
S_11625908.jpg,train,train,False
S_11625909.jpg,train,train,False
S_11625910.jpg,train,train,False
S_11625913.jpg,train,train,False
S_11625921.jpg,train,train,False
S_11625923.jpg,train,train,False
S_11625926.jpg,train,train,False
S_11625927.jpg,train,train,False
S_11625930.jpg,train,train,False
S_11625932.jpg,train,train,False
S_11625936.jpg,train,train,False
S_11625937.jpg,train,train,False
S_11625939.jpg,train,train,False
S_11625940.jpg,train,train,False
S_11625941.jpg,train,train,False
S_11625942.jpg,train,train,False
S_11625944.jpg,train,train,False
S_11625947.jpg,train,train,False
S_11625948.jpg,train,train,False
S_11625951.jpg,train,train,False
S_11625957.jpg,train,train,False
S_11625959.jpg,val,val,False
S_11625987.jpg,train,train,False
S_11626108.jpg,val,val,False
S_11626232.jpg,train,train,False
S_11626241.jpg,train,train,False
S_11626249.jpg,train,train,False
S_11626261.jpg,train,train,False
S_11626262.jpg,train,train,False
S_11626263.jpg,train,train,False
S_11626264.jpg,train,train,False
S_11626267.jpg,train,train,False
S_11626278.jpg,train,train,False
S_11626363.jpg,train,train,False
S_11626366.jpg,train,train,False
S_11626374.jpg,val,val,False
S_11626375.jpg,train,train,False
S_11626376.jpg,train,train,False
S_11626377.jpg,train,train,False
S_11626381.jpg,train,train,False
S_11626395.jpg,train,train,False
S_11626396.jpg,train,train,False
S_11626400.jpg,val,val,False
S_11626432.jpg,train,train,False
S_11626454.jpg,train,train,False
S_11626457.jpg,train,train,False
S_11626474.jpg,val,val,False
S_11626486.jpg,train,train,False
S_11626489.jpg,train,train,False
S_11626504.jpg,val,val,False
S_11626523.jpg,train,train,False
S_11626546.jpg,train,train,False
S_11626549.jpg,train,train,False
S_11626555.jpg,train,train,False
S_11626559.jpg,val,val,False
S_11626565.jpg,train,train,False
S_11626570.jpg,train,train,False
S_11626581.jpg,train,train,False
S_11626597.jpg,train,train,False
S_11626602.jpg,train,train,False
S_11626613.jpg,train,train,False
S_11626639.jpg,train,train,False
S_11627607.jpg,train,train,False
S_11627612.jpg,train,train,False
S_11628093.jpg,train,train,False
S_11628148.jpg,train,train,False
S_11631631.jpg,train,train,False
S_11631633.jpg,train,train,False
S_11631644.jpg,train,train,False
S_11631684.jpg,train,train,False
S_11631689.jpg,train,train,False
S_11631723.jpg,train,train,False
S_11631730.jpg,train,train,False
S_11631731.jpg,train,train,False
S_11631743.jpg,train,train,False
S_11631801.jpg,train,train,False
S_11631810.jpg,train,train,False
S_11631814.jpg,train,train,False
S_11631817.jpg,train,train,False
S_11631837.jpg,train,train,False
S_11631842.jpg,train,train,False
S_11631879.jpg,val,val,False
S_11631895.jpg,train,train,False
S_11631951.jpg,train,train,False
S_11631959.jpg,train,train,False
S_11631984.jpg,val,val,False
S_11632190.jpg,train,train,False
S_11632198.jpg,train,train,False
S_11632207.jpg,train,train,False
S_11632241.jpg,train,train,False
S_11632393.jpg,train,train,False
S_11632445.jpg,train,train,False
S_11632506.jpg,train,train,False
S_11632616.jpg,train,train,False
S_11652464.jpg,train,train,False
S_11652475.jpg,val,val,False
S_11652670.jpg,train,train,False
S_11652683.jpg,train,train,False
S_11652692.jpg,val,val,False
S_11652728.jpg,train,train,False
S_11652732.jpg,val,val,False
S_11652734.jpg,val,val,False
S_11656476.jpg,train,train,False
S_11675614.jpg,val,val,False
S_11680436.jpg,val,val,False
S_11683607.jpg,train,train,False
S_11684016.jpg,val,val,False
S_11689803.jpg,val,val,False
S_11690501.jpg,train,train,False
S_11691082.jpg,train,train,False
S_11695028.jpg,train,train,False
S_11703975.jpg,train,train,False
S_11713460.jpg,val,val,False
S_11723843.jpg,val,val,False
S_11728976.jpg,train,train,False
S_11729559.jpg,val,val,False
S_11731040.jpg,train,train,False
S_11733699.jpg,train,train,False
S_11737071.jpg,train,train,False
S_11739349.jpg,train,train,False
S_11739353.jpg,val,val,False
S_11750668.jpg,train,train,False
S_11755098.jpg,train,train,False
S_11755157.jpg,train,train,False
S_11757372.jpg,train,train,False
S_11757454.jpg,val,val,False
S_11757455.jpg,train,train,False
S_11757797.jpg,train,train,False
S_11757798.jpg,train,train,False
S_11757844.jpg,train,train,False
S_11758006.jpg,train,train,False
S_11758029.jpg,train,train,False
S_11758267.jpg,train,train,False
S_11758274.jpg,train,train,False
S_11758340.jpg,train,train,False
S_11758348.jpg,val,val,False
S_11758367.jpg,train,train,False
S_11758398.jpg,train,train,False
S_11758417.jpg,train,train,False
S_11758444.jpg,train,train,False
S_11759508.jpg,val,val,False
S_11759517.jpg,val,val,False
S_11759519.jpg,train,train,False
S_11759526.jpg,train,train,False
S_11759530.jpg,train,train,False
S_11759579.jpg,train,train,False
S_11759582.jpg,train,train,False
S_11759596.jpg,val,val,False
S_11759612.jpg,train,train,False
S_11759616.jpg,train,train,False
S_11759621.jpg,val,val,False
S_11759640.jpg,train,train,False
S_11759763.jpg,train,train,False
S_11759764.jpg,train,train,False
S_11759770.jpg,train,train,False
S_11760121.jpg,train,train,False
S_11760216.jpg,train,train,False
S_11760546.jpg,train,train,False
S_11760571.jpg,train,train,False
S_11760594.jpg,train,train,False
S_11760761.jpg,train,train,False
S_11760862.jpg,train,train,False
S_11760871.jpg,train,train,False
S_11760997.jpg,val,val,False
S_11760999.jpg,train,train,False
S_11761007.jpg,val,val,False
S_11761024.jpg,train,train,False
S_11761032.jpg,val,val,False
S_11761057.jpg,val,val,False
S_11761060.jpg,train,train,False
S_11761061.jpg,train,train,False
S_11761067.jpg,train,train,False
S_11761097.jpg,train,train,False
S_11761100.jpg,train,train,False
S_11761101.jpg,val,val,False
S_11761102.jpg,train,train,False
S_11761105.jpg,train,train,False
S_11761111.jpg,train,train,False
S_11761121.jpg,train,train,False
S_11761175.jpg,train,train,False
S_11761185.jpg,train,train,False
S_11761250.jpg,train,train,False
S_11761261.jpg,train,train,False
S_11761334.jpg,train,train,False
S_11761403.jpg,train,train,False
S_11761435.jpg,val,val,False
S_11761524.jpg,train,train,False
S_11761525.jpg,train,train,False
S_11761589.jpg,train,train,False
S_11762098.jpg,train,train,False
S_11762131.jpg,train,train,False
S_11762911.jpg,val,train,True
S_11762934.jpg,train,train,False
S_11763249.jpg,train,train,False
S_11763554.jpg,train,train,False
S_11763565.jpg,val,val,False
S_11763898.jpg,train,train,False
S_11763899.jpg,train,train,False
S_11764003.jpg,train,train,False
S_11764023.jpg,val,val,False
S_11764094.jpg,train,train,False
S_11764420.jpg,train,train,False
S_11764520.jpg,val,val,False
S_11764670.jpg,train,train,False
S_11764678.jpg,train,train,False
S_11764680.jpg,train,train,False
S_11764682.jpg,train,train,False
S_11764736.jpg,train,train,False
S_11764740.jpg,val,val,False
S_11764897.jpg,train,train,False
S_11765064.jpg,train,train,False
S_11765213.jpg,val,val,False
S_11765215.jpg,train,train,False
S_11765272.jpg,train,train,False
S_11765300.jpg,val,val,False
S_11765895.jpg,train,train,False
S_11765960.jpg,val,val,False
S_11765980.jpg,val,val,False
S_11766402.jpg,train,train,False
S_11766470.jpg,val,val,False
S_11766582.jpg,train,train,False
S_11766623.jpg,train,train,False
S_11766844.jpg,val,val,False
S_11766884.jpg,train,train,False
S_11767354.jpg,train,train,False
S_11767666.jpg,train,train,False
S_11767679.jpg,train,train,False
S_11767712.jpg,val,val,False
S_11767715.jpg,train,train,False
S_11767734.jpg,train,train,False
S_11767761.jpg,train,train,False
S_11767795.jpg,train,train,False
S_11767808.jpg,train,train,False
S_11767848.jpg,train,train,False
S_11767854.jpg,train,train,False
S_11767907.jpg,val,val,False
S_11767947.jpg,train,train,False
S_11767997.jpg,train,train,False
S_11768001.jpg,val,val,False
S_11768040.jpg,train,train,False
S_11768056.jpg,train,train,False
S_11768065.jpg,train,train,False
S_11768079.jpg,train,train,False
S_11768125.jpg,val,val,False
S_11768148.jpg,val,val,False
S_11768152.jpg,train,train,False
S_11768154.jpg,train,train,False
S_11768167.jpg,train,train,False
S_11768169.jpg,train,train,False
S_11768293.jpg,train,train,False
S_11768294.jpg,val,val,False
S_11768295.jpg,val,val,False
S_11768301.jpg,train,train,False
S_11768331.jpg,train,train,False
S_11768380.jpg,val,val,False
S_11768598.jpg,train,train,False
S_11768707.jpg,train,train,False
S_11769004.jpg,train,train,False
S_11769442.jpg,train,train,False
S_11769450.jpg,val,val,False
S_11769456.jpg,train,train,False
S_11769466.jpg,train,train,False
S_11769491.jpg,train,train,False
S_11769510.jpg,train,train,False
S_11769516.jpg,train,train,False
S_11769518.jpg,train,train,False
S_11769535.jpg,train,train,False
S_11769541.jpg,train,train,False
S_11769551.jpg,val,val,False
S_11769582.jpg,train,train,False
S_11769587.jpg,train,train,False
S_11769594.jpg,train,train,False
S_11769597.jpg,train,train,False
S_11769598.jpg,train,train,False
S_11769608.jpg,train,train,False
S_11769614.jpg,train,train,False
S_11769638.jpg,train,train,False
S_11769654.jpg,train,train,False
S_11826396.jpg,val,val,False
S_11830401.jpg,train,train,False
S_11830415.jpg,train,train,False
S_11832989.jpg,val,val,False
S_11832994.jpg,train,train,False
S_11833020.jpg,train,train,False
S_11833186.jpg,train,train,False
S_11833187.jpg,train,train,False
S_11833196.jpg,train,train,False
S_11833197.jpg,val,val,False
S_11833198.jpg,train,train,False
S_11833199.jpg,val,val,False
S_11833200.jpg,train,train,False
S_11833202.jpg,val,val,False
S_11833207.jpg,train,train,False
S_11833208.jpg,train,train,False
S_11833211.jpg,train,train,False
S_11833212.jpg,train,train,False
S_11833217.jpg,train,train,False
S_11833218.jpg,train,train,False
S_11833221.jpg,train,train,False
S_11833222.jpg,val,val,False
S_11833223.jpg,train,train,False
S_11833224.jpg,train,train,False
S_11833225.jpg,train,train,False
S_11833229.jpg,train,train,False
S_11833230.jpg,train,train,False
S_11833231.jpg,val,val,False
S_11833233.jpg,train,train,False
S_11833234.jpg,train,train,False
S_11833237.jpg,train,train,False
S_11833239.jpg,train,train,False
S_11833240.jpg,train,train,False
S_11833246.jpg,train,train,False
S_11833251.jpg,train,train,False
S_11833252.jpg,train,train,False
S_11833254.jpg,val,val,False
S_11833255.jpg,val,val,False
S_11833256.jpg,train,train,False
S_11833258.jpg,train,train,False
S_11833290.jpg,train,train,False
S_11833291.jpg,train,train,False
S_11833299.jpg,train,train,False
S_11833342.jpg,train,train,False
S_11833404.jpg,val,val,False
S_11833447.jpg,train,train,False
S_11833462.jpg,train,train,False
S_11833463.jpg,train,train,False
S_11833464.jpg,train,train,False
S_11833465.jpg,train,train,False
S_11833466.jpg,train,train,False
S_11833468.jpg,train,train,False
S_11833473.jpg,train,train,False
S_11833482.jpg,train,train,False
S_11833515.jpg,train,train,False
S_11833518.jpg,train,train,False
S_11833557.jpg,train,train,False
S_11833558.jpg,train,train,False
S_11833586.jpg,val,val,False
S_11833587.jpg,train,train,False
S_11833588.jpg,train,train,False
S_11833589.jpg,train,train,False
S_11833590.jpg,train,train,False
S_11833591.jpg,train,train,False
S_11833592.jpg,train,train,False
S_11833593.jpg,train,train,False
S_11833594.jpg,val,val,False
S_11833595.jpg,val,val,False
S_11833597.jpg,val,val,False
S_11833598.jpg,train,train,False
S_11833599.jpg,train,train,False
S_11833600.jpg,train,train,False
S_11833601.jpg,train,train,False
S_11833602.jpg,train,train,False
S_11833604.jpg,train,train,False
S_11833605.jpg,val,val,False
S_11833606.jpg,train,train,False
S_11833607.jpg,train,train,False
S_11833608.jpg,train,train,False
S_11833610.jpg,train,train,False
S_11833611.jpg,train,train,False
S_11833612.jpg,train,train,False
S_11833614.jpg,train,train,False
S_11833615.jpg,train,train,False
S_11833616.jpg,train,train,False
S_11833617.jpg,train,train,False
S_11833618.jpg,train,train,False
S_11833619.jpg,train,train,False
S_11833621.jpg,train,train,False
S_11833622.jpg,train,train,False
S_11833625.jpg,train,train,False
S_11833627.jpg,train,train,False
S_11833632.jpg,train,train,False
S_11833633.jpg,train,train,False
S_11833634.jpg,train,train,False
S_11833635.jpg,train,train,False
S_11833636.jpg,val,val,False
S_11833637.jpg,train,train,False
S_11833638.jpg,train,train,False
S_11833639.jpg,train,train,False
S_11833641.jpg,train,train,False
S_11833642.jpg,train,train,False
S_11833643.jpg,train,train,False
S_11833645.jpg,train,train,False
S_11833646.jpg,val,val,False
S_11833647.jpg,train,train,False
S_11833648.jpg,val,val,False
S_11833649.jpg,train,train,False
S_11833650.jpg,train,train,False
S_11833651.jpg,train,train,False
S_11833653.jpg,train,train,False
S_11833654.jpg,val,val,False
S_11833655.jpg,train,train,False
S_11833656.jpg,train,train,False
S_11833658.jpg,train,train,False
S_11833659.jpg,val,val,False
S_11833660.jpg,train,train,False
S_11833661.jpg,train,train,False
S_11833662.jpg,train,train,False
S_11833664.jpg,val,val,False
S_11833666.jpg,train,train,False
S_11833667.jpg,val,val,False
S_11833668.jpg,val,val,False
S_11833669.jpg,train,train,False
S_11833670.jpg,val,val,False
S_11833672.jpg,train,train,False
S_11833673.jpg,train,train,False
S_11833674.jpg,val,val,False
S_11833676.jpg,train,train,False
S_11833677.jpg,train,train,False
S_11833678.jpg,train,train,False
S_11833679.jpg,train,train,False
S_11833680.jpg,train,train,False
S_11833682.jpg,train,train,False
S_11833683.jpg,train,train,False
S_11833684.jpg,val,val,False
S_11833686.jpg,train,train,False
S_11833687.jpg,val,val,False
S_11833688.jpg,train,train,False
S_11833689.jpg,train,train,False
S_11833690.jpg,train,train,False
S_11833691.jpg,val,val,False
S_11833692.jpg,train,train,False
S_11833693.jpg,val,val,False
S_11833694.jpg,train,train,False
S_11833695.jpg,train,train,False
S_11833696.jpg,train,train,False
S_11833697.jpg,val,val,False
S_11833698.jpg,train,train,False
S_11833699.jpg,train,train,False
S_11833700.jpg,train,train,False
S_11833701.jpg,val,val,False
S_11833702.jpg,train,train,False
S_11833704.jpg,train,train,False
S_11833705.jpg,train,train,False
S_11833706.jpg,train,train,False
S_11833707.jpg,train,train,False
S_11833709.jpg,train,train,False
S_11833711.jpg,train,train,False
S_11833712.jpg,train,train,False
S_11833713.jpg,train,train,False
S_11833714.jpg,train,train,False
S_11833715.jpg,val,val,False
S_11833716.jpg,train,train,False
S_11833717.jpg,train,train,False
S_11833718.jpg,train,train,False
S_11833720.jpg,train,train,False
S_11833721.jpg,val,val,False
S_11833723.jpg,train,train,False
S_11833724.jpg,val,val,False
S_11833725.jpg,val,val,False
S_11833726.jpg,train,train,False
S_11833727.jpg,train,train,False
S_11833728.jpg,train,train,False
S_11833729.jpg,train,train,False
S_11833730.jpg,train,train,False
S_11833731.jpg,train,train,False
S_11833732.jpg,train,train,False
S_11833736.jpg,train,train,False
S_11833738.jpg,val,val,False
S_11833739.jpg,train,train,False
S_11833740.jpg,train,train,False
S_11833743.jpg,train,train,False
S_11833744.jpg,train,train,False
S_11833745.jpg,train,train,False
S_11833746.jpg,train,train,False
S_11833747.jpg,val,val,False
S_11833748.jpg,train,train,False
S_11833749.jpg,val,val,False
S_11833750.jpg,train,train,False
S_11833751.jpg,train,train,False
S_11833753.jpg,train,train,False
S_11833754.jpg,train,train,False
S_11833755.jpg,train,train,False
S_11833756.jpg,val,val,False
S_11833757.jpg,train,train,False
S_11833758.jpg,train,train,False
S_11833760.jpg,val,val,False
S_11833764.jpg,train,train,False
S_11833767.jpg,val,val,False
S_11833771.jpg,train,train,False
S_11833772.jpg,train,train,False
S_11833773.jpg,train,train,False
S_11833775.jpg,train,train,False
S_11833776.jpg,train,train,False
S_11833777.jpg,train,train,False
S_11833778.jpg,val,val,False
S_11833779.jpg,train,train,False
S_11833780.jpg,train,train,False
S_11833781.jpg,train,train,False
S_11833788.jpg,train,train,False
S_11833790.jpg,train,train,False
S_11833791.jpg,train,train,False
S_11833794.jpg,train,train,False
S_11833798.jpg,train,train,False
S_11833800.jpg,train,train,False
S_11833804.jpg,train,train,False
S_11833822.jpg,train,train,False
S_11833826.jpg,train,train,False
S_11833827.jpg,train,train,False
S_11833828.jpg,val,val,False
S_11833829.jpg,val,val,False
S_11833830.jpg,train,train,False
S_11833831.jpg,train,train,False
S_11833835.jpg,val,val,False
S_11833836.jpg,train,train,False
S_11833837.jpg,train,train,False
S_11833838.jpg,train,train,False
S_11833841.jpg,val,val,False
S_11833842.jpg,val,val,False
S_11833844.jpg,train,train,False
S_11833845.jpg,train,train,False
S_11833846.jpg,train,train,False
S_11833847.jpg,val,val,False
S_11833848.jpg,train,train,False
S_11833849.jpg,val,val,False
S_11833850.jpg,train,train,False
S_11833851.jpg,train,train,False
S_11833852.jpg,train,train,False
S_11833854.jpg,train,train,False
S_11833855.jpg,train,train,False
S_11833856.jpg,train,train,False
S_11833858.jpg,val,val,False
S_11833859.jpg,train,train,False
S_11833860.jpg,train,train,False
S_11833861.jpg,train,train,False
S_11833862.jpg,train,train,False
S_11833864.jpg,train,train,False
S_11833865.jpg,train,train,False
S_11833866.jpg,train,train,False
S_11833868.jpg,train,train,False
S_11833869.jpg,train,train,False
S_11833870.jpg,train,train,False
S_11833872.jpg,train,train,False
S_11833901.jpg,train,train,False
S_11833904.jpg,train,train,False
S_11833906.jpg,train,train,False
S_11833910.jpg,train,train,False
S_11833912.jpg,train,train,False
S_11833914.jpg,train,train,False
S_11833917.jpg,train,train,False
S_11833920.jpg,train,train,False
S_11833925.jpg,val,val,False
S_11833927.jpg,train,train,False
S_11833928.jpg,train,train,False
S_11833929.jpg,train,train,False
S_11833933.jpg,val,val,False
S_11833934.jpg,train,train,False
S_11833935.jpg,train,train,False
S_11833936.jpg,train,train,False
S_11833939.jpg,train,train,False
S_11833940.jpg,train,train,False
S_11833944.jpg,train,train,False
S_11833946.jpg,train,train,False
S_11833952.jpg,train,train,False
S_11833963.jpg,train,train,False
S_11833970.jpg,val,val,False
S_11833996.jpg,train,train,False
S_11834007.jpg,train,train,False
S_11834011.jpg,train,train,False
S_11834018.jpg,train,train,False
S_11834028.jpg,train,train,False
S_11834029.jpg,train,train,False
S_11834030.jpg,train,train,False
S_11834031.jpg,val,val,False
S_11834034.jpg,train,train,False
S_11834035.jpg,train,train,False
S_11834036.jpg,train,train,False
S_11834037.jpg,train,train,False
S_11834040.jpg,train,train,False
S_11834041.jpg,train,train,False
S_11834043.jpg,val,val,False
S_11834045.jpg,val,val,False
S_11834046.jpg,train,train,False
S_11834048.jpg,train,train,False
S_11834049.jpg,train,train,False
S_11834050.jpg,train,train,False
S_11834052.jpg,train,train,False
S_11834053.jpg,train,train,False
S_11834054.jpg,train,train,False
S_11834056.jpg,train,train,False
S_11834057.jpg,train,train,False
S_11834058.jpg,train,train,False
S_11834059.jpg,train,train,False
S_11834061.jpg,train,train,False
S_11834062.jpg,train,train,False
S_11834063.jpg,train,train,False
S_11834064.jpg,train,train,False
S_11834065.jpg,train,train,False
S_11834067.jpg,train,train,False
S_11834068.jpg,train,train,False
S_11834069.jpg,train,train,False
S_11834070.jpg,train,train,False
S_11834071.jpg,train,train,False
S_11834072.jpg,train,train,False
S_11834073.jpg,train,train,False
S_11834074.jpg,val,val,False
S_11834088.jpg,train,train,False
S_11834655.jpg,train,train,False
S_11834765.jpg,train,train,False
S_11834766.jpg,train,train,False
S_11834954.jpg,train,train,False
S_11839010.jpg,train,train,False
S_11839103.jpg,train,train,False
S_11839267.jpg,train,train,False
S_11839789.jpg,train,train,False
S_11840175.jpg,train,train,False
S_11841301.jpg,train,train,False
S_11841378.jpg,train,train,False
S_11841381.jpg,train,train,False
S_11841382.jpg,train,train,False
S_11841383.jpg,train,train,False
S_11841385.jpg,train,train,False
S_11841389.jpg,val,val,False
S_11841411.jpg,train,train,False
S_11841452.jpg,train,train,False
S_11841473.jpg,train,train,False
S_11841476.jpg,val,val,False
S_11841486.jpg,train,train,False
S_11841487.jpg,train,train,False
S_11841488.jpg,train,train,False
S_11841513.jpg,train,train,False
S_11841529.jpg,train,train,False
S_11841533.jpg,train,train,False
S_11841571.jpg,train,train,False
S_11841573.jpg,train,train,False
S_11841580.jpg,train,train,False
S_11841584.jpg,train,train,False
S_11841589.jpg,val,val,False
S_11841590.jpg,train,train,False
S_11841591.jpg,val,val,False
S_11841593.jpg,train,train,False
S_11841594.jpg,train,train,False
S_11841596.jpg,train,train,False
S_11841613.jpg,train,train,False
S_11841616.jpg,train,train,False
S_11841745.jpg,train,train,False
S_11841757.jpg,train,train,False
S_11841769.jpg,train,train,False
S_11841803.jpg,val,val,False
S_11841813.jpg,train,train,False
S_11841839.jpg,train,train,False
S_11842013.jpg,train,train,False
S_11842193.jpg,train,train,False
S_11842228.jpg,train,train,False
S_11842253.jpg,train,train,False
S_11842260.jpg,train,train,False
S_11842438.jpg,train,train,False
S_11842733.jpg,train,train,False
S_11842763.jpg,train,train,False
S_11842765.jpg,val,val,False
S_11842768.jpg,train,train,False
S_11842769.jpg,train,train,False
S_11842771.jpg,train,train,False
S_11842906.jpg,train,train,False
S_11842909.jpg,train,train,False
S_11842955.jpg,train,train,False
S_11843066.jpg,val,val,False
S_11843288.jpg,train,train,False
S_11843399.jpg,val,val,False
S_11844601.jpg,train,train,False
S_11844787.jpg,train,train,False
S_11844790.jpg,train,train,False
S_11844912.jpg,train,train,False
S_11844946.jpg,train,train,False
S_11845011.jpg,train,train,False
S_11845016.jpg,train,train,False
S_11845027.jpg,train,train,False
S_11845056.jpg,train,train,False
S_11845395.jpg,train,train,False
S_11845476.jpg,val,val,False
S_11845479.jpg,train,train,False
S_11845481.jpg,train,train,False
S_11845482.jpg,val,val,False
S_11845483.jpg,train,train,False
S_11845509.jpg,train,train,False
S_11845538.jpg,train,train,False
S_11845546.jpg,train,train,False
S_11845625.jpg,train,train,False
S_11845649.jpg,val,val,False
S_11845696.jpg,val,val,False
S_11845736.jpg,train,train,False
S_11845748.jpg,train,train,False
S_11845749.jpg,train,train,False
S_11845787.jpg,train,train,False
S_11846069.jpg,train,train,False
S_11846071.jpg,val,val,False
S_11846074.jpg,val,val,False
S_11846075.jpg,train,train,False
S_11846076.jpg,train,train,False
S_11846318.jpg,train,train,False
S_11846319.jpg,train,train,False
S_11846325.jpg,train,train,False
S_11846592.jpg,train,train,False
S_11846593.jpg,train,train,False
S_11846594.jpg,train,train,False
S_11846713.jpg,val,val,False
S_11846715.jpg,train,train,False
S_11846717.jpg,val,val,False
S_11846740.jpg,val,val,False
S_11846749.jpg,train,train,False
S_11846750.jpg,train,train,False
S_11846751.jpg,train,train,False
S_11846756.jpg,val,val,False
S_11846831.jpg,train,train,False
S_11846899.jpg,train,train,False
S_11846901.jpg,train,train,False
S_11846902.jpg,val,val,False
S_11846975.jpg,train,train,False
S_11846978.jpg,train,train,False
S_11846981.jpg,train,train,False
S_11847261.jpg,train,train,False
S_11847502.jpg,val,val,False
S_11847821.jpg,train,train,False
S_11847873.jpg,train,train,False
S_11848033.jpg,train,train,False
S_11848034.jpg,train,train,False
S_11848038.jpg,train,train,False
S_11848113.jpg,val,val,False
S_11848114.jpg,train,train,False
S_11848177.jpg,train,train,False
S_11848321.jpg,train,train,False
S_11848323.jpg,val,val,False
S_11848601.jpg,val,val,False
S_11848693.jpg,train,train,False
S_11848785.jpg,train,train,False
S_11849023.jpg,train,train,False
S_11849210.jpg,train,train,False
S_11849454.jpg,val,val,False
S_11849813.jpg,train,train,False
S_11849821.jpg,train,train,False
S_11850030.jpg,train,train,False
S_11850282.jpg,train,train,False
S_11850293.jpg,train,train,False
S_11850308.jpg,train,train,False
S_11850311.jpg,val,val,False
S_11850312.jpg,val,val,False
S_11850435.jpg,train,train,False
S_11850460.jpg,val,val,False
S_11850462.jpg,train,train,False
S_11850620.jpg,val,val,False
S_11850641.jpg,val,val,False
S_11850671.jpg,train,train,False
S_11850978.jpg,train,train,False
S_11851325.jpg,train,train,False
S_11851733.jpg,val,val,False
S_11852266.jpg,train,train,False
S_11852574.jpg,val,val,False
S_11852575.jpg,train,train,False
S_11852653.jpg,train,train,False
S_11853085.jpg,train,train,False
S_11853236.jpg,val,val,False
S_11853237.jpg,train,train,False
S_11853336.jpg,train,train,False
S_11853647.jpg,train,train,False
S_11853857.jpg,val,val,False
S_11853898.jpg,train,train,False
S_11853935.jpg,train,train,False
S_11854010.jpg,train,train,False
S_11854069.jpg,train,train,False
S_11854090.jpg,train,train,False
S_11854105.jpg,train,train,False
S_11854143.jpg,train,train,False
S_11854164.jpg,train,train,False
S_11854169.jpg,train,train,False
S_11854172.jpg,train,train,False
S_11854180.jpg,train,train,False
S_11854181.jpg,val,val,False
S_11854286.jpg,train,train,False
S_11854287.jpg,val,val,False
S_11854295.jpg,train,train,False
S_11854710.jpg,val,val,False
S_11855448.jpg,train,train,False
S_11856156.jpg,train,train,False
S_11856459.jpg,train,train,False
S_11856493.jpg,train,train,False
S_11856495.jpg,train,train,False
S_11856530.jpg,train,train,False
S_11856549.jpg,train,train,False
S_11857161.jpg,train,train,False
S_11857246.jpg,train,train,False
S_11857283.jpg,val,val,False
S_11857334.jpg,train,train,False
S_11857852.jpg,train,train,False
S_11858002.jpg,train,train,False
S_11858012.jpg,train,train,False
S_11858046.jpg,train,train,False
S_11858157.jpg,train,train,False
S_11858166.jpg,train,train,False
S_11858342.jpg,train,train,False
S_11858391.jpg,val,val,False
S_11858743.jpg,train,train,False
S_11858824.jpg,train,train,False
S_11858901.jpg,train,train,False
S_11858948.jpg,train,train,False
S_11859015.jpg,train,train,False
S_11859071.jpg,train,train,False
S_11859846.jpg,val,val,False
S_11860304.jpg,train,train,False
S_11860418.jpg,val,val,False
S_11860631.jpg,val,val,False
S_11860654.jpg,val,val,False
S_11860682.jpg,train,train,False
S_11860825.jpg,train,train,False
S_11860942.jpg,train,train,False
S_11860982.jpg,train,train,False
S_11861075.jpg,train,train,False
S_11861240.jpg,train,train,False
S_11861251.jpg,train,train,False
S_11861650.jpg,train,val,True
S_11861651.jpg,train,train,False
S_11861666.jpg,val,val,False
S_11861667.jpg,train,train,False
S_11861858.jpg,train,train,False
S_11862156.jpg,train,train,False
S_11862334.jpg,train,train,False
S_11862362.jpg,train,train,False
S_11862414.jpg,train,train,False
S_11863542.jpg,train,train,False
S_11863599.jpg,train,train,False
S_11863639.jpg,train,train,False
S_11863641.jpg,train,train,False
S_11863647.jpg,train,train,False
S_11863684.jpg,train,train,False
S_11863703.jpg,train,train,False
S_11863806.jpg,train,train,False
S_11863862.jpg,train,train,False
S_11863974.jpg,train,train,False
S_11863984.jpg,val,val,False
S_11864153.jpg,train,train,False
S_11867426.jpg,val,val,False
S_11868315.jpg,train,train,False
S_11869115.jpg,train,train,False
S_11869126.jpg,val,val,False
S_11869127.jpg,train,train,False
S_11869914.jpg,train,train,False
S_11869915.jpg,train,train,False
S_11869980.jpg,train,train,False
S_11870665.jpg,train,train,False
S_11870767.jpg,train,train,False
S_11870769.jpg,train,train,False
S_11870807.jpg,val,val,False
S_11871096.jpg,train,train,False
S_11871185.jpg,train,train,False
S_11871229.jpg,val,val,False
S_11871263.jpg,train,train,False
S_11871288.jpg,train,train,False
S_11871298.jpg,train,train,False
S_11871353.jpg,train,train,False
S_11872356.jpg,train,train,False
S_11873027.jpg,train,train,False
S_11873037.jpg,train,train,False
S_11873145.jpg,train,train,False
S_11873149.jpg,val,val,False
S_11873199.jpg,train,train,False
S_11873255.jpg,train,train,False
S_11873258.jpg,train,train,False
S_11873271.jpg,train,train,False
S_11873324.jpg,train,train,False
S_11873349.jpg,val,val,False
S_11873388.jpg,train,train,False
S_11873580.jpg,val,val,False
S_11873593.jpg,train,train,False
S_11875467.jpg,train,train,False
S_11875816.jpg,val,val,False
S_11875952.jpg,val,val,False
S_11876145.jpg,val,val,False
S_11876146.jpg,train,train,False
S_11877863.jpg,val,val,False
S_11878344.jpg,train,train,False
S_11878825.jpg,train,train,False
S_11878853.jpg,train,train,False
S_11878947.jpg,val,val,False
S_11879328.jpg,train,train,False
S_11879426.jpg,train,train,False
S_11879427.jpg,train,train,False
S_11879458.jpg,train,train,False
S_11879470.jpg,train,train,False
S_11879481.jpg,train,train,False
S_11879564.jpg,train,train,False
S_11879612.jpg,train,train,False
S_11879613.jpg,train,train,False
S_11879852.jpg,train,train,False
S_11881099.jpg,val,val,False
S_11881406.jpg,train,train,False
S_11881407.jpg,train,train,False
S_11882082.jpg,train,train,False
S_11882197.jpg,train,train,False
S_11882454.jpg,train,train,False
S_11882946.jpg,train,train,False
S_11882949.jpg,train,train,False
S_11882975.jpg,train,train,False
S_11882979.jpg,val,val,False
S_11883069.jpg,train,train,False
S_11883135.jpg,train,train,False
S_11883414.jpg,train,train,False
S_11883415.jpg,train,train,False
S_11883416.jpg,train,train,False
S_11883457.jpg,val,val,False
S_11883852.jpg,train,train,False
S_11884125.jpg,train,train,False
S_11884503.jpg,train,train,False
S_11885038.jpg,train,train,False
S_11885309.jpg,train,train,False
S_11885310.jpg,train,train,False
S_11885804.jpg,val,val,False
S_11886061.jpg,val,val,False
S_11886078.jpg,train,train,False
S_11886123.jpg,train,train,False
S_11887602.jpg,train,train,False
S_11887814.jpg,val,val,False
S_11887831.jpg,train,train,False
S_11887833.jpg,train,train,False
S_11888708.jpg,train,train,False
S_11888761.jpg,train,train,False
S_11888779.jpg,train,train,False
S_11888833.jpg,train,train,False
S_11889165.jpg,train,train,False
S_11889463.jpg,train,train,False
S_11889468.jpg,val,val,False
S_11891002.jpg,val,val,False
S_11891003.jpg,train,train,False
S_11891006.jpg,train,train,False
S_11891494.jpg,train,train,False
S_11891496.jpg,train,train,False
S_11892286.jpg,train,train,False
S_11892519.jpg,val,val,False
S_11893397.jpg,train,train,False
S_11893404.jpg,train,train,False
S_11893609.jpg,train,train,False
S_11893653.jpg,val,val,False
S_11894502.jpg,train,train,False
S_11894505.jpg,train,train,False
S_11894552.jpg,train,train,False
S_11894558.jpg,train,train,False
S_11894604.jpg,train,train,False
S_11894614.jpg,train,train,False
S_11894833.jpg,train,train,False
S_11895553.jpg,train,train,False
S_11895554.jpg,train,train,False
S_11895589.jpg,val,val,False
S_11895721.jpg,train,train,False
S_11896199.jpg,train,train,False
S_11896412.jpg,train,train,False
S_11896422.jpg,train,train,False
S_11896424.jpg,val,val,False
S_11896425.jpg,val,val,False
S_11896428.jpg,train,train,False
S_11896433.jpg,train,train,False
S_11896438.jpg,train,train,False
S_11896440.jpg,train,train,False
S_11896442.jpg,train,train,False
S_11897132.jpg,train,train,False
S_11897309.jpg,train,train,False
S_11897381.jpg,val,val,False
S_11897503.jpg,train,train,False
S_11897533.jpg,train,train,False
S_11897720.jpg,train,train,False
S_11897731.jpg,train,train,False
S_11897792.jpg,train,train,False
S_11897803.jpg,val,val,False
S_11898086.jpg,train,train,False
S_11898954.jpg,train,train,False
S_11898957.jpg,train,train,False
S_11899120.jpg,train,train,False
S_11899142.jpg,val,val,False
S_11899176.jpg,train,train,False
S_11900242.jpg,train,train,False
S_11900281.jpg,train,train,False
S_11900673.jpg,train,train,False
S_11900986.jpg,train,train,False
S_11900995.jpg,train,train,False
S_11901755.jpg,val,val,False
S_11902081.jpg,val,val,False
S_11902108.jpg,train,train,False
S_11902219.jpg,train,train,False
S_11902330.jpg,train,train,False
S_11902531.jpg,train,train,False
S_11903046.jpg,train,train,False
S_11903558.jpg,train,train,False
S_11903570.jpg,train,train,False
S_11903581.jpg,train,train,False
S_11903592.jpg,val,val,False
S_11903603.jpg,train,train,False
S_11903669.jpg,val,val,False
S_11903671.jpg,train,train,False
S_11903696.jpg,train,train,False
S_11903701.jpg,val,val,False
S_11903702.jpg,train,train,False
S_11903711.jpg,train,train,False
S_11903739.jpg,val,val,False
S_11903794.jpg,train,train,False
S_11903821.jpg,train,train,False
S_11903845.jpg,val,val,False
S_11903861.jpg,train,val,True
S_11903882.jpg,train,train,False
S_11903887.jpg,train,train,False
S_11904423.jpg,train,train,False
S_11904505.jpg,train,train,False
S_11904599.jpg,val,val,False
S_11904602.jpg,val,val,False
S_11904616.jpg,train,train,False
S_11904998.jpg,train,train,False
S_11905081.jpg,train,train,False
S_11905680.jpg,train,train,False
S_11905697.jpg,train,train,False
S_11905708.jpg,train,train,False
S_11905910.jpg,train,train,False
S_11905923.jpg,train,train,False
S_11905995.jpg,train,train,False
S_11906259.jpg,train,train,False
S_11906305.jpg,train,train,False
S_11906345.jpg,train,train,False
S_11906346.jpg,train,train,False
S_11906389.jpg,train,train,False
S_11906409.jpg,train,train,False
S_11906410.jpg,train,train,False
S_11906414.jpg,train,train,False
S_11906458.jpg,val,val,False
S_11906459.jpg,train,train,False
S_11906470.jpg,train,train,False
S_11906890.jpg,val,val,False
S_11907175.jpg,train,train,False
S_11908463.jpg,train,train,False
S_11910062.jpg,train,train,False
S_11913183.jpg,val,val,False
S_11913243.jpg,train,train,False
S_11913509.jpg,train,train,False
S_11913634.jpg,train,train,False
S_11913637.jpg,train,train,False
S_11913758.jpg,train,train,False
S_11914026.jpg,train,train,False
S_11914282.jpg,train,train,False
S_11914293.jpg,train,train,False
S_11914305.jpg,val,val,False
S_11914380.jpg,train,train,False
S_11914531.jpg,val,val,False
S_11914537.jpg,train,train,False
S_11914736.jpg,train,train,False
S_11915124.jpg,train,train,False
S_11915128.jpg,val,val,False
S_11915154.jpg,val,val,False
S_11915278.jpg,train,train,False
S_11916065.jpg,val,val,False
S_11916502.jpg,train,train,False
S_11916537.jpg,train,train,False
S_11916797.jpg,train,train,False
S_11916986.jpg,train,train,False
S_11917316.jpg,val,val,False
S_11917323.jpg,train,train,False
S_11917332.jpg,train,val,True
S_11917333.jpg,train,train,False
S_11917376.jpg,train,train,False
S_11917408.jpg,val,val,False
S_11917427.jpg,train,train,False
S_11917429.jpg,train,train,False
S_11917430.jpg,train,train,False
S_11917485.jpg,val,val,False
S_11917501.jpg,val,val,False
S_11917551.jpg,train,train,False
S_11917560.jpg,train,train,False
S_11917563.jpg,train,train,False
S_11917570.jpg,train,train,False
S_11917574.jpg,val,val,False
S_11917576.jpg,train,train,False
S_11917577.jpg,train,train,False
S_11917584.jpg,train,train,False
S_11917595.jpg,train,train,False
S_11917604.jpg,train,train,False
S_11917639.jpg,train,train,False
S_11917644.jpg,train,train,False
S_11917712.jpg,train,train,False
S_11917713.jpg,val,val,False
S_11917725.jpg,train,train,False
S_11917733.jpg,train,train,False
S_11917734.jpg,train,train,False
S_11917756.jpg,train,train,False
S_11917783.jpg,train,train,False
S_11917848.jpg,train,train,False
S_11917870.jpg,train,train,False
S_11917874.jpg,train,train,False
S_11917936.jpg,val,val,False
S_11917942.jpg,train,train,False
S_11917961.jpg,train,train,False
S_11918026.jpg,train,train,False
S_11918164.jpg,train,train,False
S_11918196.jpg,train,train,False
S_11918205.jpg,val,train,True
S_11918264.jpg,train,train,False
S_11918304.jpg,train,train,False
S_11918307.jpg,train,train,False
S_11918318.jpg,val,val,False
S_11918384.jpg,train,train,False
S_11918423.jpg,train,train,False
S_11918620.jpg,train,train,False
S_11918720.jpg,train,train,False
S_11918756.jpg,train,train,False
S_11918767.jpg,train,train,False
S_11918774.jpg,train,train,False
S_11918778.jpg,val,val,False
S_11919031.jpg,train,train,False
S_11919034.jpg,train,train,False
S_11919213.jpg,train,train,False
S_11919224.jpg,train,train,False
S_11919305.jpg,val,val,False
S_11919307.jpg,val,val,False
S_11919327.jpg,train,train,False
S_11919368.jpg,val,val,False
S_11919369.jpg,train,train,False
S_11919370.jpg,val,val,False
S_11919371.jpg,train,train,False
S_11919660.jpg,train,train,False
S_11919818.jpg,val,val,False
S_11920421.jpg,train,train,False
S_11920435.jpg,val,val,False
S_11920593.jpg,train,train,False
S_11920605.jpg,train,train,False
S_11920606.jpg,train,train,False
S_11921478.jpg,train,train,False
S_11921482.jpg,train,train,False
S_11921523.jpg,train,train,False
S_11921549.jpg,train,train,False
S_11921550.jpg,val,val,False
S_11921775.jpg,train,train,False
S_11921779.jpg,train,train,False
S_11922399.jpg,train,train,False
S_11922436.jpg,val,val,False
S_11922463.jpg,train,train,False
S_11922473.jpg,train,train,False
S_11922537.jpg,train,train,False
S_11922681.jpg,val,val,False
S_11922697.jpg,train,train,False
S_11922703.jpg,train,train,False
S_11922725.jpg,train,train,False
S_11922854.jpg,train,train,False
S_11922855.jpg,train,train,False
S_11922891.jpg,train,train,False
S_11922892.jpg,train,train,False
S_11922920.jpg,train,train,False
S_11922932.jpg,train,train,False
S_11922933.jpg,val,val,False
S_11922958.jpg,train,train,False
S_11922959.jpg,train,train,False
S_11922960.jpg,train,train,False
S_11922973.jpg,train,train,False
S_11922986.jpg,train,train,False
S_11923572.jpg,val,val,False
S_11923783.jpg,train,train,False
S_11923980.jpg,train,train,False
S_11923999.jpg,train,train,False
S_11924138.jpg,train,train,False
S_11924149.jpg,train,train,False
S_11924384.jpg,train,train,False
S_11924429.jpg,train,train,False
S_11924451.jpg,train,train,False
S_11924698.jpg,train,train,False
S_11924717.jpg,val,val,False
S_11924718.jpg,train,train,False
S_11924726.jpg,train,train,False
S_11924814.jpg,val,val,False
S_11924847.jpg,train,train,False
S_11924858.jpg,train,train,False
S_11924869.jpg,train,train,False
S_11924870.jpg,train,train,False
S_11924890.jpg,train,train,False
S_11924892.jpg,train,train,False
S_11924922.jpg,val,val,False
S_11924929.jpg,val,val,False
S_11924930.jpg,train,train,False
S_11924931.jpg,train,train,False
S_11924944.jpg,train,train,False
S_11924945.jpg,train,train,False
S_11924947.jpg,train,train,False
S_11924950.jpg,train,train,False
S_11924955.jpg,train,train,False
S_11924966.jpg,train,train,False
S_11924977.jpg,train,train,False
S_11925005.jpg,train,train,False
S_11925025.jpg,train,train,False
S_11925051.jpg,train,train,False
S_11925056.jpg,train,train,False
S_11925076.jpg,train,train,False
S_11925143.jpg,val,val,False
S_11925174.jpg,train,train,False
S_11925312.jpg,train,train,False
S_11925353.jpg,train,train,False
S_11925354.jpg,train,train,False
S_11925437.jpg,train,train,False
S_11925510.jpg,train,train,False
S_11925517.jpg,train,train,False
S_11925679.jpg,train,train,False
S_11925687.jpg,train,train,False
S_11925692.jpg,train,train,False
S_11925745.jpg,val,val,False
S_11925783.jpg,val,val,False
S_11925792.jpg,train,train,False
S_11925804.jpg,train,train,False
S_11925805.jpg,val,val,False
S_11925809.jpg,train,train,False
S_11925840.jpg,train,train,False
S_11925962.jpg,val,val,False
S_11926450.jpg,train,train,False
S_11926500.jpg,train,train,False
S_11926542.jpg,train,train,False
S_11926657.jpg,train,train,False
S_11927088.jpg,val,val,False
S_11927204.jpg,train,train,False
S_11927431.jpg,val,val,False
S_11927433.jpg,val,val,False
S_11927487.jpg,train,train,False
S_11927494.jpg,train,train,False
S_11927673.jpg,train,train,False
S_11927721.jpg,train,train,False
S_11928118.jpg,train,train,False
S_11928177.jpg,train,train,False
S_11928263.jpg,train,train,False
S_11928407.jpg,val,val,False
S_11928765.jpg,train,train,False
S_11928825.jpg,val,val,False
S_11928868.jpg,train,train,False
S_11929002.jpg,train,train,False
S_11929003.jpg,val,val,False
S_11929056.jpg,train,train,False
S_11930766.jpg,val,val,False
S_11930933.jpg,train,train,False
S_11930934.jpg,train,train,False
S_11931086.jpg,train,train,False
S_11931096.jpg,train,train,False
S_11931105.jpg,train,train,False
S_11931108.jpg,train,train,False
S_11931758.jpg,val,val,False
S_11931761.jpg,val,val,False
S_11931904.jpg,train,train,False
S_11932091.jpg,train,train,False
S_11932136.jpg,train,train,False
S_11932170.jpg,val,val,False
S_11932179.jpg,train,train,False
S_11932361.jpg,val,val,False
S_11932399.jpg,train,train,False
S_11933623.jpg,train,train,False
S_11933630.jpg,train,train,False
S_11934133.jpg,val,val,False
S_11934368.jpg,train,train,False
S_11934517.jpg,train,train,False
S_11934576.jpg,train,train,False
S_11934593.jpg,train,train,False
S_11934606.jpg,train,train,False
S_11935614.jpg,train,train,False
S_11937967.jpg,train,train,False
S_11938021.jpg,train,train,False
S_11938645.jpg,val,val,False
S_11938646.jpg,train,train,False
S_11940179.jpg,train,train,False
S_11940853.jpg,val,val,False
S_11941223.jpg,train,train,False
S_11941241.jpg,train,train,False
S_11941255.jpg,train,train,False
S_11941262.jpg,train,train,False
S_11941265.jpg,train,train,False
S_11941465.jpg,train,train,False
S_11941470.jpg,train,train,False
S_11941472.jpg,train,train,False
S_11941474.jpg,train,train,False
S_11941491.jpg,val,val,False
S_11941493.jpg,train,train,False
S_11941495.jpg,train,train,False
S_11941501.jpg,train,train,False
S_11941530.jpg,train,train,False
S_11941534.jpg,train,train,False
S_11941536.jpg,train,train,False
S_11941538.jpg,train,train,False
S_11941539.jpg,train,train,False
S_11942077.jpg,train,train,False
S_11942214.jpg,train,train,False
S_11942215.jpg,train,train,False
S_11942216.jpg,train,train,False
S_11942217.jpg,train,train,False
S_11942218.jpg,val,val,False
S_11942219.jpg,train,train,False
S_11942331.jpg,train,train,False
S_11942333.jpg,train,train,False
S_11942677.jpg,train,train,False
S_11943044.jpg,train,train,False
S_11943386.jpg,train,train,False
S_11943448.jpg,train,train,False
S_11943475.jpg,val,val,False
S_11943499.jpg,train,train,False
S_11943524.jpg,train,train,False
S_11943733.jpg,train,train,False
S_11943735.jpg,train,train,False
S_11943739.jpg,train,train,False
S_11943741.jpg,train,train,False
S_11943744.jpg,train,train,False
S_11943746.jpg,train,train,False
S_11943752.jpg,val,val,False
S_11943753.jpg,train,train,False
S_11943756.jpg,train,train,False
S_11943769.jpg,train,train,False
S_11943772.jpg,val,val,False
S_11943774.jpg,train,train,False
S_11943777.jpg,train,train,False
S_11943791.jpg,val,val,False
S_11943792.jpg,train,train,False
S_11943794.jpg,train,train,False
S_11943851.jpg,train,train,False
S_11944965.jpg,train,train,False
S_11945089.jpg,train,train,False
S_11948256.jpg,train,train,False
S_11948262.jpg,train,train,False
S_11948266.jpg,train,train,False
S_11948269.jpg,val,val,False
S_11948272.jpg,val,val,False
S_12000051.jpg,train,train,False
S_12000052.jpg,val,val,False
S_12000182.jpg,train,train,False
S_12000232.jpg,val,val,False
S_12000250.jpg,val,val,False
S_12000252.jpg,train,train,False
S_12000323.jpg,train,train,False
S_12000330.jpg,val,val,False
S_12000331.jpg,train,train,False
S_12000333.jpg,train,train,False
S_12000337.jpg,val,val,False
S_12000345.jpg,train,train,False
S_12000346.jpg,val,val,False
S_12000348.jpg,train,train,False
S_12000355.jpg,train,train,False
S_12000428.jpg,train,train,False
S_12000429.jpg,train,train,False
S_12000445.jpg,train,train,False
S_12000458.jpg,val,val,False
S_12000487.jpg,train,train,False
S_12000536.jpg,train,train,False
S_12000537.jpg,train,train,False
S_12000586.jpg,val,val,False
S_12000749.jpg,train,train,False
S_12000807.jpg,train,train,False
S_12000810.jpg,train,train,False
S_12003608.jpg,train,train,False
S_12003816.jpg,train,train,False
S_12006446.jpg,train,train,False
S_12009126.jpg,train,train,False
S_12009524.jpg,val,val,False
S_12012025.jpg,train,train,False
S_12013543.jpg,train,train,False
S_12014111.jpg,val,val,False
S_12020520.jpg,train,train,False
S_12021185.jpg,val,val,False
S_12021191.jpg,train,train,False
S_12023874.jpg,train,train,False
S_12027176.jpg,train,train,False
S_12027854.jpg,train,train,False
S_12027855.jpg,val,val,False
S_12027856.jpg,val,val,False
S_12027857.jpg,val,val,False
S_12029202.jpg,train,train,False
S_12031544.jpg,train,train,False
S_12033220.jpg,train,train,False
S_12034547.jpg,train,train,False
S_12034549.jpg,train,train,False
S_12035894.jpg,train,train,False
S_12036278.jpg,train,train,False
S_12036556.jpg,train,train,False
S_12036559.jpg,train,train,False
S_12036577.jpg,train,train,False
S_12036607.jpg,train,train,False
S_12036624.jpg,train,train,False
S_12036629.jpg,train,train,False
S_12036632.jpg,train,train,False
S_12036635.jpg,train,train,False
S_12036645.jpg,val,val,False
S_12036650.jpg,train,train,False
S_12036653.jpg,train,train,False
S_12036662.jpg,train,train,False
S_12036772.jpg,val,val,False
S_12036800.jpg,train,train,False
S_12037142.jpg,train,train,False
S_12038199.jpg,val,val,False
S_12040955.jpg,train,train,False
S_12042472.jpg,val,val,False
S_12046033.jpg,val,val,False
S_12048301.jpg,val,val,False
S_12048424.jpg,train,train,False
S_12053535.jpg,train,train,False
S_12054265.jpg,train,train,False
S_12054791.jpg,train,train,False
S_12058602.jpg,train,train,False
S_12058604.jpg,train,train,False
S_12058711.jpg,val,val,False
S_12060467.jpg,train,train,False
S_12065041.jpg,train,train,False
S_12065678.jpg,val,val,False
S_12065693.jpg,train,train,False
S_12065721.jpg,val,val,False
S_12065853.jpg,train,train,False
S_12066027.jpg,train,train,False
S_12066108.jpg,train,train,False
S_12066109.jpg,val,val,False
S_12066112.jpg,train,train,False
S_12066113.jpg,train,train,False
S_12066117.jpg,val,val,False
S_12066119.jpg,train,train,False
S_12066120.jpg,train,train,False
S_12066121.jpg,train,train,False
S_12066122.jpg,train,train,False
S_12066123.jpg,train,train,False
S_12066129.jpg,train,train,False
S_12066130.jpg,train,train,False
S_12066138.jpg,train,train,False
S_12067515.jpg,train,train,False
S_12068884.jpg,train,train,False
S_12070086.jpg,train,train,False
S_12070516.jpg,val,val,False
S_12070517.jpg,val,val,False
S_12070884.jpg,val,val,False
S_12070922.jpg,train,train,False
S_12071294.jpg,train,train,False
S_12071375.jpg,val,val,False
S_12071715.jpg,train,train,False
S_12072040.jpg,val,val,False
S_12072042.jpg,val,val,False
S_12072643.jpg,train,train,False
S_12072861.jpg,val,val,False
S_12073218.jpg,train,train,False
S_12073680.jpg,train,train,False
S_12073895.jpg,train,train,False
S_12073920.jpg,val,val,False
S_12073927.jpg,train,train,False
S_12074052.jpg,val,val,False
S_12074093.jpg,train,train,False
S_12074098.jpg,train,train,False
S_12074099.jpg,train,train,False
S_12074101.jpg,train,train,False
S_12074105.jpg,train,train,False
S_12074107.jpg,val,val,False
S_12074109.jpg,val,val,False
S_12074110.jpg,train,train,False
S_12074112.jpg,train,train,False
S_12074115.jpg,train,train,False
S_12074116.jpg,val,val,False
S_12074117.jpg,train,train,False
S_12074141.jpg,train,train,False
S_12080035.jpg,val,val,False
S_12081044.jpg,train,train,False
S_12081342.jpg,val,val,False
S_12081357.jpg,train,train,False
S_12081863.jpg,train,train,False
S_12082351.jpg,val,val,False
S_12082456.jpg,val,val,False
S_12082623.jpg,train,train,False
S_12082684.jpg,train,train,False
S_12082890.jpg,train,train,False
S_12082891.jpg,val,val,False
S_12083146.jpg,train,train,False
S_12083528.jpg,train,train,False
S_12083656.jpg,train,train,False
S_12083803.jpg,train,train,False
S_12083871.jpg,train,train,False
S_12083927.jpg,train,train,False
S_12083930.jpg,train,train,False
S_12083934.jpg,val,val,False
S_12084169.jpg,train,train,False
S_12084394.jpg,train,train,False
S_12084428.jpg,train,train,False
S_12084489.jpg,train,train,False
S_12084494.jpg,train,train,False
S_12084596.jpg,train,train,False
S_12084788.jpg,val,val,False
S_12084802.jpg,train,train,False
S_12084831.jpg,train,train,False
S_12085373.jpg,train,train,False
S_12085389.jpg,train,train,False
S_12085517.jpg,train,train,False
S_12085535.jpg,train,train,False
S_12085582.jpg,train,train,False
S_12085584.jpg,train,train,False
S_12085666.jpg,train,train,False
S_12085808.jpg,train,train,False
S_12085862.jpg,train,train,False
S_12085863.jpg,train,train,False
S_12085864.jpg,val,val,False
S_12085871.jpg,train,train,False
S_12085877.jpg,train,train,False
S_12085912.jpg,train,train,False
S_12086001.jpg,train,train,False
S_12086070.jpg,train,train,False
S_12086122.jpg,val,val,False
S_12086218.jpg,train,train,False
S_12086236.jpg,train,train,False
S_12086271.jpg,train,train,False
S_12086280.jpg,train,train,False
S_12086454.jpg,val,val,False
S_12086478.jpg,train,train,False
S_12086824.jpg,train,train,False
S_12090451.jpg,train,train,False
S_12090465.jpg,train,train,False
S_12090503.jpg,train,train,False
S_12090508.jpg,train,train,False
S_12090569.jpg,train,train,False
S_12091263.jpg,train,train,False
S_12091264.jpg,val,val,False
S_12091265.jpg,train,train,False
S_12091269.jpg,train,train,False
S_12091275.jpg,train,train,False
S_12091276.jpg,train,train,False
S_12091280.jpg,train,train,False
S_12091283.jpg,train,train,False
S_12091289.jpg,train,train,False
S_12091330.jpg,train,train,False
S_12091432.jpg,train,train,False
S_12091537.jpg,train,train,False
S_12091539.jpg,train,train,False
S_12091618.jpg,train,train,False
S_12091619.jpg,train,train,False
S_12091620.jpg,train,train,False
S_12091626.jpg,train,train,False
S_12091664.jpg,train,train,False
S_12091665.jpg,val,val,False
S_12091669.jpg,train,train,False
S_12091685.jpg,val,val,False
S_12091686.jpg,train,train,False
S_12091705.jpg,train,train,False
S_12091713.jpg,train,train,False
S_12091725.jpg,train,train,False
S_12091726.jpg,val,val,False
S_12091734.jpg,val,val,False
S_12091757.jpg,train,train,False
S_12091778.jpg,train,train,False
S_12091837.jpg,train,train,False
S_12091846.jpg,val,val,False
S_12092006.jpg,val,val,False
S_12092008.jpg,train,train,False
S_12092072.jpg,train,train,False
S_12092078.jpg,train,train,False
S_12092138.jpg,val,val,False
S_12092228.jpg,train,train,False
S_12092236.jpg,val,val,False
S_12092851.jpg,train,train,False
S_12093025.jpg,train,train,False
S_12093662.jpg,train,train,False
S_12093770.jpg,train,train,False
S_12093771.jpg,val,val,False
S_12093888.jpg,train,train,False
S_12093897.jpg,val,val,False
S_12093936.jpg,train,train,False
S_12093948.jpg,train,train,False
S_12094237.jpg,val,val,False
S_12094855.jpg,val,val,False
S_12094907.jpg,val,val,False
S_12095288.jpg,train,train,False
S_12095954.jpg,train,train,False
S_12096474.jpg,train,train,False
S_12096475.jpg,train,train,False
S_12096529.jpg,val,val,False
S_12096532.jpg,train,train,False
S_12096533.jpg,train,train,False
S_12096540.jpg,val,val,False
S_12096545.jpg,train,train,False
S_12096546.jpg,train,train,False
S_12096547.jpg,train,train,False
S_12096548.jpg,val,val,False
S_12096565.jpg,train,train,False
S_12096641.jpg,train,train,False
S_12102033.jpg,train,train,False
S_12103855.jpg,train,train,False
S_12104796.jpg,train,train,False
S_12108218.jpg,val,val,False
S_12110853.jpg,train,train,False
S_12110854.jpg,train,train,False
S_12110856.jpg,train,train,False
S_12110976.jpg,train,train,False
S_12111059.jpg,train,train,False
S_12111220.jpg,val,val,False
S_12115605.jpg,val,val,False
S_12115633.jpg,train,train,False
S_12121895.jpg,train,train,False
S_12122957.jpg,train,train,False
S_12123148.jpg,train,train,False
S_12125578.jpg,train,train,False
S_12125639.jpg,val,val,False
S_12125677.jpg,val,val,False
S_12125686.jpg,val,val,False
S_12125714.jpg,train,train,False
S_12126556.jpg,train,train,False
S_12127137.jpg,train,train,False
S_12127227.jpg,train,train,False
S_12127799.jpg,train,train,False
S_12128252.jpg,train,train,False
S_12128256.jpg,train,train,False
S_12128912.jpg,train,train,False
S_12130104.jpg,train,train,False
S_12133718.jpg,train,train,False
S_12134769.jpg,train,train,False
S_12137205.jpg,train,train,False
S_12147004.jpg,train,train,False
S_12148648.jpg,train,train,False
S_12152586.jpg,train,train,False
S_12154240.jpg,train,train,False
S_12154867.jpg,train,train,False
S_12155151.jpg,train,train,False
S_12156108.jpg,train,train,False
S_12156123.jpg,train,train,False
S_12156141.jpg,train,train,False
S_12156143.jpg,val,val,False
S_12156144.jpg,train,train,False
S_12156154.jpg,val,val,False
S_12156156.jpg,train,train,False
S_12156519.jpg,val,val,False
S_12156590.jpg,val,val,False
S_12156692.jpg,val,val,False
S_12156817.jpg,train,train,False
S_12157119.jpg,train,train,False
S_12157120.jpg,train,train,False
S_12157125.jpg,val,val,False
S_12157127.jpg,train,train,False
S_12157135.jpg,train,train,False
S_12157136.jpg,train,train,False
S_12157137.jpg,train,train,False
S_12157151.jpg,train,train,False
S_12157159.jpg,val,val,False
S_12157161.jpg,train,train,False
S_12157163.jpg,train,train,False
S_12157167.jpg,train,train,False
S_12157176.jpg,train,train,False
S_12157181.jpg,val,val,False
S_12157235.jpg,val,val,False
S_12157273.jpg,val,val,False
S_12157278.jpg,train,train,False
S_12157296.jpg,train,val,True
S_12157297.jpg,val,val,False
S_12157304.jpg,train,train,False
S_12157308.jpg,train,train,False
S_12157314.jpg,train,train,False
S_12157315.jpg,train,train,False
S_12157455.jpg,train,train,False
S_12157459.jpg,val,val,False
S_12157461.jpg,val,val,False
S_12157469.jpg,train,train,False
S_12157481.jpg,train,train,False
S_12157486.jpg,train,train,False
S_12157518.jpg,train,train,False
S_12157529.jpg,train,train,False
S_12157531.jpg,train,train,False
S_12157535.jpg,train,train,False
S_12157582.jpg,train,train,False
S_12157583.jpg,train,train,False
S_12157584.jpg,train,train,False
S_12157585.jpg,train,train,False
S_12157654.jpg,train,train,False
S_12157662.jpg,train,train,False
S_12157740.jpg,train,train,False
S_12157742.jpg,train,train,False
S_12157743.jpg,train,train,False
S_12157782.jpg,val,val,False
S_12157814.jpg,train,train,False
S_12157834.jpg,train,train,False
S_12157836.jpg,train,train,False
S_12157860.jpg,train,train,False
S_12157863.jpg,val,val,False
S_12157864.jpg,val,val,False
S_12157896.jpg,train,train,False
S_12157907.jpg,val,val,False
S_12157908.jpg,val,val,False
S_12157914.jpg,train,train,False
S_12157916.jpg,val,val,False
S_12157918.jpg,train,train,False
S_12157929.jpg,val,val,False
S_12157942.jpg,train,train,False
S_12157966.jpg,train,train,False
S_12157971.jpg,train,train,False
S_12157972.jpg,train,train,False
S_12157987.jpg,train,train,False
S_12158010.jpg,train,train,False
S_12158434.jpg,val,val,False
S_12159852.jpg,train,train,False
S_12159886.jpg,train,train,False
S_12159892.jpg,train,train,False
S_12159893.jpg,train,train,False
S_12159898.jpg,train,train,False
S_12159903.jpg,val,val,False
S_12159908.jpg,train,train,False
S_12159936.jpg,train,train,False
S_12159937.jpg,train,train,False
S_12159938.jpg,val,val,False
S_12159939.jpg,train,train,False
S_12159940.jpg,train,train,False
S_12159941.jpg,train,train,False
S_12159942.jpg,train,train,False
S_12159945.jpg,train,train,False
S_12159946.jpg,train,train,False
S_12159947.jpg,train,train,False
S_12159948.jpg,train,train,False
S_12159967.jpg,val,val,False
S_12160052.jpg,train,train,False
S_12160095.jpg,train,train,False
S_12160105.jpg,train,train,False
S_12160109.jpg,train,train,False
S_12160110.jpg,train,train,False
S_12160115.jpg,train,train,False
S_12160117.jpg,train,train,False
S_12160171.jpg,train,train,False
S_12160194.jpg,train,train,False
S_12160203.jpg,val,val,False
S_12160219.jpg,train,train,False
S_12160244.jpg,val,val,False
S_12160313.jpg,train,train,False
S_12160337.jpg,val,val,False
S_12160406.jpg,val,val,False
S_12160418.jpg,train,train,False
S_12160427.jpg,train,train,False
S_12160480.jpg,train,train,False
S_12160522.jpg,train,train,False
S_12160682.jpg,train,train,False
S_12160732.jpg,val,val,False
S_12160853.jpg,train,train,False
S_12160854.jpg,train,train,False
S_12160855.jpg,val,val,False
S_12160861.jpg,train,train,False
S_12160865.jpg,train,train,False
S_12160873.jpg,train,train,False
S_12160881.jpg,train,train,False
S_12161085.jpg,train,train,False
S_12161086.jpg,train,train,False
S_12161089.jpg,train,train,False
S_12161091.jpg,train,train,False
S_12161092.jpg,train,train,False
S_12161095.jpg,train,train,False
S_12161104.jpg,train,train,False
S_12161105.jpg,train,train,False
S_12161107.jpg,train,train,False
S_12161127.jpg,val,val,False
S_12161177.jpg,train,train,False
S_12161197.jpg,train,train,False
S_12161452.jpg,train,train,False
S_12161468.jpg,train,train,False
S_12162670.jpg,val,val,False
S_12163886.jpg,train,train,False
S_12177924.jpg,train,train,False
S_12177930.jpg,train,train,False
S_12177947.jpg,val,val,False
S_12179454.jpg,val,val,False
S_12186600.jpg,train,train,False
S_12187368.jpg,train,train,False
S_12190107.jpg,train,train,False
S_12190331.jpg,val,val,False
S_12193643.jpg,train,train,False
S_12195399.jpg,train,train,False
S_12195635.jpg,train,train,False
S_12197025.jpg,val,val,False
S_12198044.jpg,train,train,False
S_12199099.jpg,train,train,False
S_12204049.jpg,train,train,False
S_12206918.jpg,train,train,False
S_12208274.jpg,train,train,False
S_12208314.jpg,val,val,False
S_12208687.jpg,train,train,False
S_12208707.jpg,val,val,False
S_12208713.jpg,train,train,False
S_12208761.jpg,train,train,False
S_12209696.jpg,train,train,False
S_12209701.jpg,train,train,False
S_12210378.jpg,train,train,False
S_12210380.jpg,train,train,False
S_12212149.jpg,train,train,False
S_12213163.jpg,train,train,False
S_12213182.jpg,train,train,False
S_12214008.jpg,train,train,False
S_12214009.jpg,train,train,False
S_12214010.jpg,train,train,False
S_12214035.jpg,train,train,False
S_12214038.jpg,train,train,False
S_12214065.jpg,train,train,False
S_12214109.jpg,train,train,False
S_12214210.jpg,train,train,False
S_12214229.jpg,train,train,False
S_12214230.jpg,train,train,False
S_12214355.jpg,val,val,False
S_12214384.jpg,train,train,False
S_12214420.jpg,train,train,False
S_12214432.jpg,train,train,False
S_12215089.jpg,train,train,False
S_12215143.jpg,val,val,False
S_12215164.jpg,train,train,False
S_12215261.jpg,train,train,False
S_12215308.jpg,val,val,False
S_12216039.jpg,train,train,False
S_12216077.jpg,val,val,False
S_12216138.jpg,val,val,False
S_12216194.jpg,val,val,False
S_12216290.jpg,train,train,False
S_12217382.jpg,train,train,False
S_12218073.jpg,val,val,False
S_12218762.jpg,train,train,False
S_12219426.jpg,val,val,False
S_12220468.jpg,val,val,False
S_12220469.jpg,train,train,False
S_12220568.jpg,train,train,False
S_12220569.jpg,val,val,False
S_12220607.jpg,train,train,False
S_12220697.jpg,train,train,False
S_12220756.jpg,train,train,False
S_12220772.jpg,train,train,False
S_12220820.jpg,train,train,False
S_12220874.jpg,train,train,False
S_12221533.jpg,train,train,False
S_12221589.jpg,train,train,False
S_12221590.jpg,train,train,False
S_12221761.jpg,val,val,False
S_12221895.jpg,val,val,False
S_12221973.jpg,train,train,False
S_12222008.jpg,train,train,False
S_12222126.jpg,train,train,False
S_12222138.jpg,train,train,False
S_12222154.jpg,train,train,False
S_12222229.jpg,train,train,False
S_12222258.jpg,train,train,False
S_12222264.jpg,train,train,False
S_12222837.jpg,val,val,False
S_12223295.jpg,train,train,False
S_12223297.jpg,train,train,False
S_12223322.jpg,train,train,False
S_12223324.jpg,train,train,False
S_12223325.jpg,train,train,False
S_12224183.jpg,val,val,False
S_12224349.jpg,train,train,False
S_12225379.jpg,train,train,False
S_12225391.jpg,val,val,False
S_12226425.jpg,train,train,False
S_12226476.jpg,train,train,False
S_12227802.jpg,train,train,False
S_12228571.jpg,train,train,False
S_12228674.jpg,train,train,False
S_12230535.jpg,val,val,False
S_12232801.jpg,train,train,False
S_12232807.jpg,train,train,False
S_12232808.jpg,train,train,False
S_12232812.jpg,train,train,False
S_12236574.jpg,train,train,False
S_12236620.jpg,train,train,False
S_12236644.jpg,train,train,False
S_12236688.jpg,train,train,False
S_12236737.jpg,train,train,False
S_12236747.jpg,train,train,False
S_12236761.jpg,val,val,False
S_12236800.jpg,train,train,False
S_12236818.jpg,train,train,False
S_12236831.jpg,train,train,False
S_12236832.jpg,train,train,False
S_12236836.jpg,val,val,False
S_12236840.jpg,train,train,False
S_12236841.jpg,train,train,False
S_12236852.jpg,train,train,False
S_12236854.jpg,train,train,False
S_12236855.jpg,train,train,False
S_12236856.jpg,val,val,False
S_12236861.jpg,train,train,False
S_12236866.jpg,train,train,False
S_12236870.jpg,val,val,False
S_12236871.jpg,train,train,False
S_12236872.jpg,val,val,False
S_12236874.jpg,val,val,False
S_12236875.jpg,train,train,False
S_12236888.jpg,train,train,False
S_12236889.jpg,train,train,False
S_12236891.jpg,train,train,False
S_12236915.jpg,val,val,False
S_12236923.jpg,train,train,False
S_12236935.jpg,val,val,False
S_12236936.jpg,train,train,False
S_12236953.jpg,train,train,False
S_12236954.jpg,train,train,False
S_12236958.jpg,train,train,False
S_12236968.jpg,train,train,False
S_12236997.jpg,train,train,False
S_12237000.jpg,val,val,False
S_12237210.jpg,val,val,False
S_12237211.jpg,train,train,False
S_12237498.jpg,val,val,False
S_12237698.jpg,train,train,False
S_12237702.jpg,train,train,False
S_12237703.jpg,val,val,False
S_12237922.jpg,train,train,False
S_12237933.jpg,train,train,False
S_12238414.jpg,val,val,False
S_12238462.jpg,train,train,False
S_12238755.jpg,val,val,False
S_12239243.jpg,val,val,False
S_12239245.jpg,train,train,False
S_12239247.jpg,train,train,False
S_12239253.jpg,train,train,False
S_12239270.jpg,train,train,False
S_12239271.jpg,train,train,False
S_12239307.jpg,train,train,False
S_12239309.jpg,train,train,False
S_12239312.jpg,train,train,False
S_12239315.jpg,train,train,False
S_12239317.jpg,train,train,False
S_12239385.jpg,train,train,False
S_12239388.jpg,train,train,False
S_12239396.jpg,val,val,False
S_12239408.jpg,train,train,False
S_12239422.jpg,val,val,False
S_12239427.jpg,train,train,False
S_12239466.jpg,train,train,False
S_12239468.jpg,train,train,False
S_12243957.jpg,train,train,False
S_12244481.jpg,train,train,False
S_12244508.jpg,train,train,False
S_12249671.jpg,train,train,False
S_12253490.jpg,train,train,False
S_12255352.jpg,train,train,False
S_12259020.jpg,val,val,False
S_12260255.jpg,train,train,False
S_12261671.jpg,train,train,False
S_12266232.jpg,val,val,False
S_12271594.jpg,val,val,False
S_12271911.jpg,train,train,False
S_12271939.jpg,train,train,False
S_12272411.jpg,train,train,False
S_12273592.jpg,val,val,False
S_12276284.jpg,train,train,False
S_12276994.jpg,train,train,False
S_12277218.jpg,train,train,False
S_12284767.jpg,train,train,False
S_12285289.jpg,val,val,False
S_12285481.jpg,train,train,False
S_12288967.jpg,train,train,False
S_12288968.jpg,val,val,False
S_12290573.jpg,val,val,False
S_12293479.jpg,train,train,False
S_12296612.jpg,train,train,False
S_12299409.jpg,val,val,False
S_12307613.jpg,train,train,False
S_12317161.jpg,val,val,False
S_12323308.jpg,train,train,False
S_12324807.jpg,train,train,False
S_12324982.jpg,val,val,False
S_12326623.jpg,train,train,False
S_12331663.jpg,train,train,False
S_12331869.jpg,train,train,False
S_12331871.jpg,train,train,False
S_12332734.jpg,train,train,False
S_12332749.jpg,train,train,False
S_12332855.jpg,train,train,False
S_12333605.jpg,train,train,False
S_12335149.jpg,val,val,False
S_12335473.jpg,train,train,False
S_12335753.jpg,train,train,False
S_12336254.jpg,train,train,False
S_12336442.jpg,train,train,False
S_12336530.jpg,val,val,False
S_12336533.jpg,train,train,False
S_12336617.jpg,val,val,False
S_12336618.jpg,train,train,False
S_12336619.jpg,train,train,False
S_12338300.jpg,val,val,False
S_12338301.jpg,train,train,False
S_12338304.jpg,train,train,False
S_12338371.jpg,train,train,False
S_12338375.jpg,val,val,False
S_12338396.jpg,train,train,False
S_12342602.jpg,train,train,False
S_12343008.jpg,val,val,False
S_12345337.jpg,train,train,False
S_12345428.jpg,train,train,False
S_12345430.jpg,train,train,False
S_12345789.jpg,train,train,False
S_12345884.jpg,val,val,False
S_12345961.jpg,val,val,False
S_12345998.jpg,train,train,False
S_12346012.jpg,train,train,False
S_12346026.jpg,train,train,False
S_12346122.jpg,train,train,False
S_12346150.jpg,train,train,False
S_12346151.jpg,train,train,False
S_12346159.jpg,val,val,False
S_12346276.jpg,train,train,False
S_12346301.jpg,val,val,False
S_12346313.jpg,train,train,False
S_12346334.jpg,train,train,False
S_12346357.jpg,train,train,False
S_12346545.jpg,train,train,False
S_12346560.jpg,train,train,False
S_12346596.jpg,train,train,False
S_12346633.jpg,train,train,False
S_12346674.jpg,train,train,False
S_12346690.jpg,val,val,False
S_12349091.jpg,train,train,False
S_12352304.jpg,train,train,False
S_12354414.jpg,val,val,False
S_12355392.jpg,train,train,False
S_12360529.jpg,train,train,False
S_12363373.jpg,train,train,False
S_12363797.jpg,train,train,False
S_12364277.jpg,train,train,False
S_12364570.jpg,train,train,False
S_12364697.jpg,train,train,False
S_12365446.jpg,val,val,False
S_12365852.jpg,train,train,False
S_12365859.jpg,train,train,False
S_12365878.jpg,train,train,False
S_12365881.jpg,train,train,False
S_12365894.jpg,val,val,False
S_12365895.jpg,train,train,False
S_12365909.jpg,train,train,False
S_12365929.jpg,train,train,False
S_12365932.jpg,train,train,False
S_12365944.jpg,train,train,False
S_12365945.jpg,train,train,False
S_12365955.jpg,train,train,False
S_12365964.jpg,train,train,False
S_12365965.jpg,train,train,False
S_12366132.jpg,val,val,False
S_12366272.jpg,train,train,False
S_12366316.jpg,train,train,False
S_12366467.jpg,val,val,False
S_12367063.jpg,train,train,False
S_12367160.jpg,val,val,False
S_12367195.jpg,val,val,False
S_12367709.jpg,train,train,False
S_12368160.jpg,train,train,False
S_12368233.jpg,train,train,False
S_12368235.jpg,val,val,False
S_12368242.jpg,train,train,False
S_12368303.jpg,val,val,False
S_12368381.jpg,train,train,False
S_12368455.jpg,train,train,False
S_12368459.jpg,train,train,False
S_12368470.jpg,train,train,False
S_12368479.jpg,train,train,False
S_12368622.jpg,train,train,False
S_12368637.jpg,train,train,False
S_12368652.jpg,train,train,False
S_12368689.jpg,train,train,False
S_12368711.jpg,train,train,False
S_12368713.jpg,train,train,False
S_12368741.jpg,val,val,False
S_12368850.jpg,train,train,False
S_12368862.jpg,train,train,False
S_12368892.jpg,train,train,False
S_12369041.jpg,train,train,False
S_12369042.jpg,train,train,False
S_12369050.jpg,train,train,False
S_12369051.jpg,train,train,False
S_12369135.jpg,train,train,False
S_12369166.jpg,train,train,False
S_12369268.jpg,val,val,False
S_12369364.jpg,train,train,False
S_12369385.jpg,val,val,False
S_12369415.jpg,train,train,False
S_12369426.jpg,train,train,False
S_12369653.jpg,train,train,False
S_12369655.jpg,train,train,False
S_12369709.jpg,train,train,False
S_12369751.jpg,train,train,False
S_12369760.jpg,train,train,False
S_12369903.jpg,train,train,False
S_12369911.jpg,train,train,False
S_12369914.jpg,train,train,False
S_12369921.jpg,train,train,False
S_12369938.jpg,train,train,False
S_12370021.jpg,val,val,False
S_12370031.jpg,train,train,False
S_12370411.jpg,train,train,False
S_12370435.jpg,train,train,False
S_12370490.jpg,train,train,False
S_12370689.jpg,train,train,False
S_12377127.jpg,train,train,False
S_12377566.jpg,train,train,False
S_12377950.jpg,val,val,False
S_12379096.jpg,train,train,False
S_12383448.jpg,train,train,False
S_12383775.jpg,train,train,False
S_12385455.jpg,train,train,False
S_12387977.jpg,train,train,False
S_12391721.jpg,val,val,False
S_12393639.jpg,train,train,False
S_12394109.jpg,train,train,False
S_12400433.jpg,train,train,False
S_12400490.jpg,train,train,False
S_12403242.jpg,val,val,False
S_12404229.jpg,train,train,False
S_12408058.jpg,train,train,False
S_12408563.jpg,train,train,False
S_12408825.jpg,train,train,False
S_12409361.jpg,train,train,False
S_12411294.jpg,train,train,False
S_12412711.jpg,val,val,False
S_12415789.jpg,train,train,False
S_12415792.jpg,train,train,False
S_12415798.jpg,train,train,False
S_12415800.jpg,val,val,False
S_12415809.jpg,train,train,False
S_12415815.jpg,train,train,False
S_12415821.jpg,train,train,False
S_12415830.jpg,train,train,False
S_12415848.jpg,val,val,False
S_12415852.jpg,train,train,False
S_12415855.jpg,train,train,False
S_12415856.jpg,train,train,False
S_12415858.jpg,train,train,False
S_12415895.jpg,train,train,False
S_12415907.jpg,train,train,False
S_12415912.jpg,train,train,False
S_12415938.jpg,train,train,False
S_12415940.jpg,train,train,False
S_12415943.jpg,train,train,False
S_12415944.jpg,val,val,False
S_12415950.jpg,val,val,False
S_12415951.jpg,train,train,False
S_12415995.jpg,val,val,False
S_12416067.jpg,train,train,False
S_12416856.jpg,train,train,False
S_12421615.jpg,train,train,False
S_12422061.jpg,val,val,False
S_12423347.jpg,train,train,False
S_12424274.jpg,val,val,False
S_12426543.jpg,train,train,False
S_12428805.jpg,train,train,False
S_12430934.jpg,train,train,False
S_12431650.jpg,train,train,False
S_12432203.jpg,train,train,False
S_12438933.jpg,train,train,False
S_12439401.jpg,train,train,False
S_12439441.jpg,train,train,False
S_12440759.jpg,train,train,False
S_12441800.jpg,train,train,False
S_12441902.jpg,train,train,False
S_12445187.jpg,val,val,False
S_12447122.jpg,train,train,False
S_12447622.jpg,train,train,False
S_12451174.jpg,val,val,False
S_12451181.jpg,val,val,False
S_12451184.jpg,train,train,False
S_12451198.jpg,train,train,False
S_12451209.jpg,train,train,False
S_12451230.jpg,train,train,False
S_12451231.jpg,val,val,False
S_12451239.jpg,train,train,False
S_12451247.jpg,train,train,False
S_12451289.jpg,train,train,False
S_12451314.jpg,train,train,False
S_12451345.jpg,val,val,False
S_12451355.jpg,train,train,False
S_12451407.jpg,train,train,False
S_12451409.jpg,train,train,False
S_12451527.jpg,train,train,False
S_12451548.jpg,val,val,False
S_12451550.jpg,val,val,False
S_12451577.jpg,train,train,False
S_12451663.jpg,train,train,False
S_12451686.jpg,train,train,False
S_12451699.jpg,train,train,False
S_12451702.jpg,train,train,False
S_12451724.jpg,train,train,False
S_12451732.jpg,train,train,False
S_12451742.jpg,train,train,False
S_12451839.jpg,train,train,False
S_12451924.jpg,train,train,False
S_12451947.jpg,train,train,False
S_12451962.jpg,train,train,False
S_12452337.jpg,train,train,False
S_12453118.jpg,train,train,False
S_12453390.jpg,val,val,False
S_12454511.jpg,train,train,False
S_12454519.jpg,train,train,False
S_12454532.jpg,train,train,False
S_12454910.jpg,train,train,False
S_12454954.jpg,train,train,False
S_12455094.jpg,val,val,False
S_12455214.jpg,train,train,False
S_12455491.jpg,train,train,False
S_12455769.jpg,train,train,False
S_12456079.jpg,train,train,False
S_12456652.jpg,val,val,False
S_12457740.jpg,train,train,False
S_12459343.jpg,train,train,False
S_12459545.jpg,train,train,False
S_12461179.jpg,train,train,False
S_12461188.jpg,val,val,False
S_12462445.jpg,val,val,False
S_12462616.jpg,train,train,False
S_12462635.jpg,train,train,False
S_12462646.jpg,train,train,False
S_12462658.jpg,train,train,False
S_12462818.jpg,train,train,False
S_12462838.jpg,val,val,False
S_12462882.jpg,train,train,False
S_12462885.jpg,train,train,False
S_12462935.jpg,train,train,False
S_12462960.jpg,train,train,False
S_12462991.jpg,train,train,False
S_12463019.jpg,val,val,False
S_12466247.jpg,train,train,False
S_12466593.jpg,train,train,False
S_12466596.jpg,train,train,False
S_12466613.jpg,train,train,False
S_12466625.jpg,val,val,False
S_12466668.jpg,train,train,False
S_12466691.jpg,train,train,False
S_12466702.jpg,val,val,False
S_12466703.jpg,train,train,False
S_12466711.jpg,train,train,False
S_12466712.jpg,train,train,False
S_12466719.jpg,train,train,False
S_12466722.jpg,train,train,False
S_12466726.jpg,val,val,False
S_12466733.jpg,val,val,False
S_12466738.jpg,train,train,False
S_12466776.jpg,train,train,False
S_12466807.jpg,train,train,False
S_12466832.jpg,train,train,False
S_12466871.jpg,train,train,False
S_12466872.jpg,train,train,False
S_12466886.jpg,train,train,False
S_12466894.jpg,train,train,False
S_12466896.jpg,val,val,False
S_12466899.jpg,val,val,False
S_12466900.jpg,train,train,False
S_12466908.jpg,train,train,False
S_12466933.jpg,train,train,False
S_12467104.jpg,train,train,False
S_12467214.jpg,val,val,False
S_12467250.jpg,train,train,False
S_12467252.jpg,train,train,False
S_12467366.jpg,train,train,False
S_12467424.jpg,train,train,False
S_12467447.jpg,train,train,False
S_12467986.jpg,train,train,False
S_12468209.jpg,train,train,False
S_12468416.jpg,train,train,False
S_12468429.jpg,val,val,False
S_12468453.jpg,train,train,False
S_12468494.jpg,train,train,False
S_12468534.jpg,train,train,False
S_12468536.jpg,train,train,False
S_12468546.jpg,train,train,False
S_12468554.jpg,train,train,False
S_12468570.jpg,train,train,False
S_12468583.jpg,train,train,False
S_12468634.jpg,train,train,False
S_12468643.jpg,train,train,False
S_12468661.jpg,train,train,False
S_12468680.jpg,train,train,False
S_12468689.jpg,train,train,False
S_12468694.jpg,train,train,False
S_12468701.jpg,val,val,False
S_12468793.jpg,train,train,False
S_12468822.jpg,train,train,False
S_12468827.jpg,train,train,False
S_12468893.jpg,train,train,False
S_12468912.jpg,train,train,False
S_12468955.jpg,train,train,False
S_12468961.jpg,train,train,False
S_12469071.jpg,train,train,False
S_12469094.jpg,train,train,False
S_12469255.jpg,train,train,False
S_12479110.jpg,train,train,False
S_12479800.jpg,train,train,False
S_12479818.jpg,train,train,False
S_12479823.jpg,val,val,False
S_12481431.jpg,train,train,False
S_12481433.jpg,train,train,False
S_12481443.jpg,train,train,False
S_12481452.jpg,train,train,False
S_12482202.jpg,val,val,False
S_12485092.jpg,train,train,False
S_12485382.jpg,val,val,False
S_12485549.jpg,train,train,False
S_12485857.jpg,val,val,False
S_12486366.jpg,val,val,False
S_12486529.jpg,train,train,False
S_12487289.jpg,train,train,False
S_12487980.jpg,val,val,False
S_12489949.jpg,val,val,False
S_12490060.jpg,train,train,False
S_12492010.jpg,train,train,False
S_12492372.jpg,train,train,False
S_12492424.jpg,train,train,False
S_12493321.jpg,train,train,False
S_12493449.jpg,train,train,False
S_12493549.jpg,train,train,False
S_12494175.jpg,train,train,False
S_12494763.jpg,val,val,False
S_12496090.jpg,train,train,False
S_12496554.jpg,train,train,False
S_12497752.jpg,train,train,False
S_12502497.jpg,train,train,False
S_12504184.jpg,train,train,False
S_12511030.jpg,train,train,False
S_12511053.jpg,val,val,False
S_12511054.jpg,val,val,False
S_12511175.jpg,val,val,False
S_12511186.jpg,train,train,False
S_12511187.jpg,train,train,False
S_12511198.jpg,train,train,False
S_12511199.jpg,train,train,False
S_12511221.jpg,train,train,False
S_12511296.jpg,train,train,False
S_12511329.jpg,train,train,False
S_12511349.jpg,train,train,False
S_12511428.jpg,train,train,False
S_12511442.jpg,train,train,False
S_12511445.jpg,train,train,False
S_12511492.jpg,val,val,False
S_12511586.jpg,train,train,False
S_12511601.jpg,train,train,False
S_12513964.jpg,train,train,False
S_12516611.jpg,train,train,False
S_12522848.jpg,train,train,False
S_12523822.jpg,train,train,False
S_12524682.jpg,train,train,False
S_12525640.jpg,train,train,False
S_12526415.jpg,val,val,False
S_12526924.jpg,train,train,False
S_12528977.jpg,train,train,False
S_12531047.jpg,train,train,False
S_12531053.jpg,train,train,False
S_12531094.jpg,train,train,False
S_12533451.jpg,train,train,False
S_12534604.jpg,train,train,False
S_12540614.jpg,train,train,False
S_12544307.jpg,train,train,False
S_12550577.jpg,val,val,False
S_12551430.jpg,val,val,False
S_12555738.jpg,train,train,False
S_12555884.jpg,val,val,False
S_12556280.jpg,train,train,False
S_12560598.jpg,val,val,False
S_12561459.jpg,train,train,False
S_12562267.jpg,train,train,False
S_12565309.jpg,train,train,False
S_12567712.jpg,train,train,False
S_12568939.jpg,train,train,False
S_12570250.jpg,val,val,False
S_12571071.jpg,train,train,False
S_12571180.jpg,train,train,False
S_12571189.jpg,train,train,False
S_12574774.jpg,val,val,False
S_12575829.jpg,train,train,False
S_12580266.jpg,val,val,False
S_12580972.jpg,train,train,False
S_12585228.jpg,val,val,False
S_12588225.jpg,train,train,False
S_12588878.jpg,train,train,False
S_12592405.jpg,train,train,False
S_12593648.jpg,val,val,False
S_12596825.jpg,train,train,False
S_12599557.jpg,train,train,False
S_12599578.jpg,train,train,False
S_12599629.jpg,train,train,False
S_12599655.jpg,val,val,False
S_12599838.jpg,train,train,False
S_12599839.jpg,train,train,False
S_12599841.jpg,val,val,False
S_12599842.jpg,train,train,False
S_12599849.jpg,train,train,False
S_12599850.jpg,train,train,False
S_12599884.jpg,train,train,False
S_12599907.jpg,train,train,False
S_12599923.jpg,train,train,False
S_12599964.jpg,train,train,False
S_12599993.jpg,train,train,False
S_12600012.jpg,train,train,False
S_12600026.jpg,val,val,False
S_12600032.jpg,train,train,False
S_12600090.jpg,train,train,False
S_12600115.jpg,train,train,False
S_12600128.jpg,val,val,False
S_12600154.jpg,train,train,False
S_12600180.jpg,train,train,False
S_12600204.jpg,val,val,False
S_12600234.jpg,train,train,False
S_12600277.jpg,train,train,False
S_12600291.jpg,val,val,False
S_12600334.jpg,train,train,False
S_12600538.jpg,val,val,False
S_12600712.jpg,train,train,False
S_12600718.jpg,train,train,False
S_12600719.jpg,train,train,False
S_12600762.jpg,train,train,False
S_12600812.jpg,train,train,False
S_12600995.jpg,train,train,False
S_12601074.jpg,train,train,False
S_12601163.jpg,train,train,False
S_12601199.jpg,train,train,False
S_12601210.jpg,train,train,False
S_12601429.jpg,train,train,False
S_12601430.jpg,train,train,False
S_12601438.jpg,val,val,False
S_12601444.jpg,train,train,False
S_12601445.jpg,train,train,False
S_12601452.jpg,train,train,False
S_12601464.jpg,train,train,False
S_12601471.jpg,train,train,False
S_12601539.jpg,train,train,False
S_12601617.jpg,val,val,False
S_12601736.jpg,train,train,False
S_12601748.jpg,train,train,False
S_12601766.jpg,val,val,False
S_12601767.jpg,train,train,False
S_12601906.jpg,train,train,False
S_12601925.jpg,train,train,False
S_12601927.jpg,train,train,False
S_12601945.jpg,val,val,False
S_12602063.jpg,train,train,False
S_12602145.jpg,train,train,False
S_12602146.jpg,train,train,False
S_12602302.jpg,train,train,False
S_12602444.jpg,val,val,False
S_12602465.jpg,train,train,False
S_12602469.jpg,train,train,False
S_12602573.jpg,train,train,False
S_12602610.jpg,val,val,False
S_12602737.jpg,val,val,False
S_12602740.jpg,train,train,False
S_12602744.jpg,train,train,False
S_12602754.jpg,train,train,False
S_12602806.jpg,train,train,False
S_12602836.jpg,train,train,False
S_12602861.jpg,train,train,False
S_12602920.jpg,train,train,False
S_12602929.jpg,train,train,False
S_12603036.jpg,train,train,False
S_12603209.jpg,train,train,False
S_12603215.jpg,train,train,False
S_12603371.jpg,train,train,False
S_12603379.jpg,train,train,False
S_12603397.jpg,train,train,False
S_12603602.jpg,val,val,False
S_12603635.jpg,train,train,False
S_12603714.jpg,train,train,False
S_12603944.jpg,train,train,False
S_12604225.jpg,train,train,False
S_12604289.jpg,train,train,False
S_12605130.jpg,train,train,False
S_12605816.jpg,val,val,False
S_12605920.jpg,train,train,False
S_12606489.jpg,train,train,False
S_12607324.jpg,train,train,False
S_12608427.jpg,train,train,False
S_12608702.jpg,val,val,False
S_12609900.jpg,train,train,False
S_12613333.jpg,train,train,False
S_12613334.jpg,train,train,False
S_12614069.jpg,val,val,False
S_12614079.jpg,train,train,False
S_12614084.jpg,train,train,False
S_12614134.jpg,train,train,False
S_12614420.jpg,train,train,False
S_12614439.jpg,train,train,False
S_12614456.jpg,train,train,False
S_12614457.jpg,train,train,False
S_12614508.jpg,train,train,False
S_12614509.jpg,val,val,False
S_12614617.jpg,val,val,False
S_12614697.jpg,val,val,False
S_12614878.jpg,val,val,False
S_12614928.jpg,train,train,False
S_12614938.jpg,train,train,False
S_12615251.jpg,train,train,False
S_12615441.jpg,train,train,False
S_12615468.jpg,train,train,False
S_12615684.jpg,val,val,False
S_12615685.jpg,val,val,False
S_12615687.jpg,train,train,False
S_12615781.jpg,train,train,False
S_12615840.jpg,train,train,False
S_12616223.jpg,train,train,False
S_12616645.jpg,train,train,False
S_12616648.jpg,train,train,False
S_12616649.jpg,train,train,False
S_12616650.jpg,train,train,False
S_12616655.jpg,train,train,False
S_12616657.jpg,train,train,False
S_12616660.jpg,train,train,False
S_12616662.jpg,train,train,False
S_12616679.jpg,train,train,False
S_12616685.jpg,train,train,False
S_12616813.jpg,train,train,False
S_12616860.jpg,train,train,False
S_12616932.jpg,train,train,False
S_12616935.jpg,val,val,False
S_12616952.jpg,val,val,False
S_12616978.jpg,train,train,False
S_12616987.jpg,train,train,False
S_12616991.jpg,val,val,False
S_12617040.jpg,val,val,False
S_12617041.jpg,val,val,False
S_12617096.jpg,train,train,False
S_12617103.jpg,train,train,False
S_12617116.jpg,val,val,False
S_12617122.jpg,val,val,False
S_12617127.jpg,val,val,False
S_12617128.jpg,train,train,False
S_12617139.jpg,val,val,False
S_12617146.jpg,train,train,False
S_12617148.jpg,train,train,False
S_12617149.jpg,train,train,False
S_12617158.jpg,train,train,False
S_12617168.jpg,train,train,False
S_12617187.jpg,train,train,False
S_12617188.jpg,val,val,False
S_12617193.jpg,train,train,False
S_12617221.jpg,train,train,False
S_12617250.jpg,train,train,False
S_12617257.jpg,val,val,False
S_12617265.jpg,train,train,False
S_12617307.jpg,train,train,False
S_12617308.jpg,train,train,False
S_12617312.jpg,val,val,False
S_12617313.jpg,train,train,False
S_12617348.jpg,val,val,False
Y_000001.jpg,train,train,False
Y_000006.jpg,train,train,False
Y_000007.jpg,train,train,False
Y_000008.jpg,val,val,False
Y_000011.jpg,train,train,False
Y_000012.jpg,train,train,False
Y_000013.jpg,train,train,False
Y_000014.jpg,train,train,False
Y_000015.jpg,val,val,False
Y_000016.jpg,train,train,False
Y_000017.jpg,val,val,False
Y_000018.jpg,train,train,False
Y_000019.jpg,train,train,False
Y_000020.jpg,train,train,False
Y_000021.jpg,train,train,False
Y_000024.jpg,train,train,False
Y_000026.jpg,train,train,False
Y_000028.jpg,val,val,False
Y_000029.jpg,train,train,False
Y_000030.jpg,train,train,False
Y_000031.jpg,train,train,False
Y_000032.jpg,train,train,False
Y_000033.jpg,train,train,False
Y_000036.jpg,train,train,False
Y_000043.jpg,train,train,False
Y_000046.jpg,val,val,False
Y_000049.jpg,train,train,False
Y_000052.jpg,train,train,False
Y_000055.jpg,train,train,False
Y_000061.jpg,train,train,False
Y_000062.jpg,train,train,False
Y_000063.jpg,train,train,False
Y_000064.jpg,train,train,False
Y_000068.jpg,train,train,False
Y_000069.jpg,train,train,False
Y_000071.jpg,train,train,False
Y_000072.jpg,train,train,False
Y_000075.jpg,val,val,False
Y_000076.jpg,train,train,False
Y_000078.jpg,train,train,False
Y_000079.jpg,train,train,False
Y_000081.jpg,val,val,False
Y_000082.jpg,train,train,False
Y_000083.jpg,train,train,False
Y_000085.jpg,train,train,False
Y_000088.jpg,train,train,False
Y_000090.jpg,train,train,False
Y_000092.jpg,train,train,False
Y_000094.jpg,train,train,False
Y_000096.jpg,train,train,False
Y_000099.jpg,train,train,False
Y_000104.jpg,train,train,False
Y_000105.jpg,train,train,False
Y_000106.jpg,train,train,False
Y_000107.jpg,train,train,False
Y_000108.jpg,train,train,False
Y_000110.jpg,val,val,False
Y_000111.jpg,train,train,False
Y_000112.jpg,train,train,False
Y_000113.jpg,train,train,False
Y_000114.jpg,train,train,False
Y_000115.jpg,train,train,False
Y_000116.jpg,train,train,False
Y_000117.jpg,train,train,False
Y_000118.jpg,train,train,False
Y_000119.jpg,train,train,False
Y_000120.jpg,train,train,False
Y_000121.jpg,train,train,False
Y_000122.jpg,val,val,False
Y_000123.jpg,train,train,False
Y_000124.jpg,val,val,False
Y_000125.jpg,train,train,False
Y_000126.jpg,val,val,False
Y_000128.jpg,train,train,False
Y_000130.jpg,train,train,False
Y_000131.jpg,train,train,False
Y_000132.jpg,train,train,False
Y_000136.jpg,train,train,False
Y_000141.jpg,train,train,False
Y_000142.jpg,train,train,False
Y_000143.jpg,train,train,False
Y_000144.jpg,train,train,False
Y_000146.jpg,train,train,False
Y_000147.jpg,train,train,False
Y_000149.jpg,train,train,False
Y_000151.jpg,val,val,False
Y_000153.jpg,train,train,False
Y_000154.jpg,train,train,False
Y_000155.jpg,train,train,False
Y_000156.jpg,train,train,False
Y_000157.jpg,train,train,False
Y_000158.jpg,train,train,False
Y_000159.jpg,train,train,False
Y_000163.jpg,val,val,False
Y_000164.jpg,train,train,False
Y_000165.jpg,train,train,False
Y_000170.jpg,train,train,False
Y_000171.jpg,train,train,False
Y_000173.jpg,train,train,False
Y_000174.jpg,train,train,False
Y_000175.jpg,train,train,False
Y_000176.jpg,train,train,False
Y_000177.jpg,train,train,False
Y_000178.jpg,train,train,False
Y_000181.jpg,train,train,False
Y_000182.jpg,val,val,False
Y_000185.jpg,val,val,False
Y_000188.jpg,val,val,False
Y_000189.jpg,train,train,False
Y_000190.jpg,train,train,False
Y_000191.jpg,train,train,False
Y_000192.jpg,train,train,False
Y_000193.jpg,train,train,False
Y_000202.jpg,train,train,False
Y_000203.jpg,val,val,False
Y_000204.jpg,train,train,False
Y_000205.jpg,train,train,False
Y_000211.jpg,train,train,False
Y_000212.jpg,train,train,False
Y_000215.jpg,train,train,False
Y_000217.jpg,train,train,False
Y_000218.jpg,train,train,False
Y_000221.jpg,train,train,False
Y_000222.jpg,train,train,False
Y_000223.jpg,train,train,False
Y_000224.jpg,train,train,False
Y_000225.jpg,val,val,False
Y_000226.jpg,train,train,False
Y_000228.jpg,train,train,False
Y_000232.jpg,train,train,False
Y_000233.jpg,train,train,False
Y_000234.jpg,train,train,False
Y_000235.jpg,train,train,False
Y_000236.jpg,train,train,False
Y_000238.jpg,train,train,False
Y_000239.jpg,train,train,False
Y_000240.jpg,train,train,False
Y_000241.jpg,train,train,False
Y_000244.jpg,val,val,False
Y_000245.jpg,train,train,False
Y_000246.jpg,train,train,False
Y_000247.jpg,val,val,False
Y_000248.jpg,train,train,False
Y_000249.jpg,train,train,False
Y_000251.jpg,val,val,False
Y_000253.jpg,val,val,False
Y_000254.jpg,train,train,False
Y_000255.jpg,train,train,False
Y_000256.jpg,val,val,False
Y_000257.jpg,train,train,False
Y_000260.jpg,train,train,False
Y_000271.jpg,train,train,False
Y_000273.jpg,train,train,False
Y_000274.jpg,train,train,False
Y_000275.jpg,train,train,False
Y_000276.jpg,train,train,False
Y_000278.jpg,val,val,False
Y_000281.jpg,train,train,False
Y_000285.jpg,train,train,False
Y_000286.jpg,train,train,False
Y_000287.jpg,train,train,False
Y_000288.jpg,train,train,False
Y_000289.jpg,train,train,False
Y_000291.jpg,train,train,False
Y_000293.jpg,val,val,False
Y_000297.jpg,train,train,False
Y_000298.jpg,train,train,False
Y_000299.jpg,train,train,False
Y_000300.jpg,train,train,False
Y_000301.jpg,val,val,False
Y_000302.jpg,train,train,False
Y_000303.jpg,train,train,False
Y_000304.jpg,train,train,False
Y_000305.jpg,train,train,False
Y_000306.jpg,train,train,False
Y_000307.jpg,train,train,False
Y_000308.jpg,train,train,False
Y_000309.jpg,train,train,False
Y_000314.jpg,train,train,False
Y_000320.jpg,train,train,False
Y_000322.jpg,val,val,False
Y_000328.jpg,train,train,False
Y_000329.jpg,train,train,False
Y_000331.jpg,train,train,False
Y_000332.jpg,train,train,False
Y_000333.jpg,train,train,False
Y_000345.jpg,train,train,False
Y_000348.jpg,train,train,False
Y_000349.jpg,train,train,False
Y_000350.jpg,train,train,False
Y_000353.jpg,train,train,False
Y_000357.jpg,train,train,False
Y_000359.jpg,train,train,False
Y_000362.jpg,train,train,False
Y_000365.jpg,train,train,False
Y_000370.jpg,train,train,False
Y_000371.jpg,train,train,False
Y_000372.jpg,train,train,False
Y_000376.jpg,train,train,False
Y_000377.jpg,train,train,False
Y_000381.jpg,train,train,False
Y_000383.jpg,train,train,False
Y_000387.jpg,val,val,False
Y_000391.jpg,train,train,False
Y_000392.jpg,train,train,False
Y_000393.jpg,val,val,False
Y_000394.jpg,train,train,False
Y_000395.jpg,train,train,False
Y_000396.jpg,train,train,False
Y_000399.jpg,train,train,False
Y_000402.jpg,val,val,False
Y_000406.jpg,train,train,False
Y_000409.jpg,train,train,False
Y_000410.jpg,train,train,False
Y_000411.jpg,train,train,False
Y_000412.jpg,train,train,False
Y_000413.jpg,train,train,False
Y_000414.jpg,train,train,False
Y_000415.jpg,train,train,False
Y_000416.jpg,train,train,False
Y_000417.jpg,train,train,False
Y_000418.jpg,train,train,False
Y_000419.jpg,train,train,False
Y_000420.jpg,val,val,False
Y_000422.jpg,train,train,False
Y_000423.jpg,train,train,False
Y_000425.jpg,val,val,False
Y_000427.jpg,val,val,False
Y_000433.jpg,train,train,False
Y_000434.jpg,train,train,False
Y_000436.jpg,train,train,False
Y_000440.jpg,train,train,False
Y_000441.jpg,train,train,False
Y_000442.jpg,train,train,False
Y_000444.jpg,train,train,False
Y_000446.jpg,train,train,False
Y_000447.jpg,train,train,False
Y_000448.jpg,val,val,False
Y_000450.jpg,train,train,False
Y_000451.jpg,val,val,False
Y_000452.jpg,train,train,False
Y_000453.jpg,train,train,False
Y_000454.jpg,train,train,False
Y_000455.jpg,train,train,False
Y_000456.jpg,train,train,False
Y_000457.jpg,val,val,False
Y_000458.jpg,train,train,False
Y_000459.jpg,val,val,False
Y_000460.jpg,train,train,False
Y_000461.jpg,train,train,False
Y_000462.jpg,train,train,False
Y_000463.jpg,train,train,False
Y_000464.jpg,train,train,False
Y_000465.jpg,train,train,False
Y_000466.jpg,train,train,False
Y_000467.jpg,train,train,False
Y_000468.jpg,val,val,False
Y_000469.jpg,train,train,False
Y_000470.jpg,train,train,False
Y_000471.jpg,train,train,False
Y_000472.jpg,train,train,False
Y_000473.jpg,train,train,False
Y_000474.jpg,train,train,False
Y_000475.jpg,train,train,False
Y_000476.jpg,train,train,False
Y_000477.jpg,train,train,False
Y_000478.jpg,train,train,False
Y_000479.jpg,train,train,False
Y_000480.jpg,train,train,False
Y_000481.jpg,train,train,False
Y_000482.jpg,train,train,False
Y_000483.jpg,train,train,False
Y_000484.jpg,train,train,False
Y_000485.jpg,train,train,False
Y_000499.jpg,train,train,False
Y_000500.jpg,train,train,False
Y_000511.jpg,train,train,False
Y_000517.jpg,train,train,False
Y_000520.jpg,val,val,False
Y_000522.jpg,val,val,False
Y_000523.jpg,val,val,False
Y_000524.jpg,train,train,False
Y_000535.jpg,train,train,False
Y_000546.jpg,train,train,False
Y_000553.jpg,val,val,False
Y_000565.jpg,val,val,False
Y_000573.jpg,train,train,False
Y_000577.jpg,val,val,False
Y_000578.jpg,train,train,False
Y_000579.jpg,train,train,False
Y_000580.jpg,train,train,False
Y_000582.jpg,train,train,False
Y_000583.jpg,train,train,False
Y_000584.jpg,train,train,False
Y_000585.jpg,val,val,False
Y_000586.jpg,train,train,False
Y_000587.jpg,train,train,False
Y_000588.jpg,train,train,False
Y_000589.jpg,train,train,False
Y_000590.jpg,train,train,False
Y_000591.jpg,train,train,False
Y_000592.jpg,train,train,False
Y_000593.jpg,val,val,False
Y_000594.jpg,train,train,False
Y_000595.jpg,train,train,False
Y_000596.jpg,train,train,False
Y_000597.jpg,val,val,False
Y_000598.jpg,train,train,False
Y_000599.jpg,val,val,False
Y_000600.jpg,train,train,False
Y_000601.jpg,train,train,False
Y_000602.jpg,val,val,False
Y_000603.jpg,train,train,False
Y_000604.jpg,train,train,False
Y_000605.jpg,train,train,False
Y_000606.jpg,train,train,False
Y_000607.jpg,train,train,False
Y_000608.jpg,train,train,False
Y_000611.jpg,train,train,False
Y_000612.jpg,train,train,False
Y_000613.jpg,train,train,False
Y_000614.jpg,train,train,False
Y_000615.jpg,train,train,False
Y_000616.jpg,train,train,False
Y_000627.jpg,train,train,False
Y_000628.jpg,train,train,False
Y_000630.jpg,train,train,False
Y_000647.jpg,val,val,False
Y_000652.jpg,val,val,False
Y_000653.jpg,train,train,False
Y_000654.jpg,val,val,False
Y_000655.jpg,train,train,False
Y_000656.jpg,train,train,False
Y_000659.jpg,train,train,False
Y_000660.jpg,train,train,False
Y_000661.jpg,train,train,False
Y_000662.jpg,train,train,False
Y_000663.jpg,train,train,False
Y_000664.jpg,train,train,False
Y_000665.jpg,train,train,False
Y_000666.jpg,train,train,False
Y_000667.jpg,train,train,False
Y_000668.jpg,train,train,False
Y_000669.jpg,train,train,False
Y_000670.jpg,train,train,False
Y_000671.jpg,train,train,False
Y_000672.jpg,train,train,False
Y_000673.jpg,train,train,False
Y_000674.jpg,train,train,False
Y_000675.jpg,train,train,False
Y_000678.jpg,val,val,False
Y_000680.jpg,val,val,False
Y_000682.jpg,val,val,False
Y_000683.jpg,train,train,False
Y_000684.jpg,train,train,False
Y_000685.jpg,train,train,False
Y_000686.jpg,val,val,False
Y_000687.jpg,val,val,False
Y_000688.jpg,train,train,False
Y_000689.jpg,train,train,False
Y_000690.jpg,val,val,False
Y_000691.jpg,val,val,False
Y_000692.jpg,train,train,False
Y_000693.jpg,train,train,False
Y_000694.jpg,train,train,False
Y_000695.jpg,train,train,False
Y_000696.jpg,train,train,False
Y_000697.jpg,train,train,False
Y_000698.jpg,train,train,False
Y_000699.jpg,train,train,False
Y_000701.jpg,train,train,False
Y_000703.jpg,train,train,False
Y_000704.jpg,train,train,False
Y_000705.jpg,train,train,False
Y_000706.jpg,train,train,False
Y_000707.jpg,train,train,False
Y_000708.jpg,val,val,False
Y_000709.jpg,train,train,False
Y_000710.jpg,train,train,False
Y_000711.jpg,train,train,False
Y_000712.jpg,train,train,False
Y_000713.jpg,train,train,False
Y_000714.jpg,train,train,False
Y_000715.jpg,train,train,False
Y_000716.jpg,val,val,False
Y_000717.jpg,train,train,False
Y_000720.jpg,val,val,False
Y_000721.jpg,val,val,False
Y_000722.jpg,train,train,False
Y_000723.jpg,train,train,False
Y_000724.jpg,train,train,False
Y_000725.jpg,train,train,False
Y_000726.jpg,train,train,False
Y_000727.jpg,train,train,False
Y_000728.jpg,train,train,False
Y_000729.jpg,train,train,False
Y_000730.jpg,train,train,False
Y_000731.jpg,train,train,False
Y_000732.jpg,train,train,False
Y_000733.jpg,train,train,False
Y_000734.jpg,train,train,False
Y_000735.jpg,val,val,False
Y_000736.jpg,train,train,False
Y_000737.jpg,train,train,False
Y_000738.jpg,train,train,False
Y_000739.jpg,train,train,False
Y_000740.jpg,train,train,False
Y_000741.jpg,train,train,False
Y_000742.jpg,train,train,False
Y_000743.jpg,train,train,False
Y_000744.jpg,val,val,False
Y_000745.jpg,train,train,False
Y_000746.jpg,train,train,False
Y_000747.jpg,train,train,False
Y_000748.jpg,train,train,False
Y_000749.jpg,train,train,False
Y_000750.jpg,train,train,False
Y_000751.jpg,train,train,False
Y_000752.jpg,train,train,False
Y_000753.jpg,train,train,False
Y_000754.jpg,train,train,False
Y_000755.jpg,train,train,False
Y_000756.jpg,train,train,False
Y_000757.jpg,train,train,False
Y_000758.jpg,train,train,False
Y_000759.jpg,train,train,False
Y_000760.jpg,train,train,False
Y_000761.jpg,train,train,False
Y_000762.jpg,train,train,False
Y_000763.jpg,train,train,False
Y_000764.jpg,train,train,False
Y_000765.jpg,train,train,False
Y_000766.jpg,train,train,False
Y_000767.jpg,train,train,False
Y_000768.jpg,train,train,False
Y_000769.jpg,train,train,False
Y_000770.jpg,train,train,False
Y_000771.jpg,train,train,False
Y_000772.jpg,val,val,False
Y_000773.jpg,train,train,False
Y_000774.jpg,train,train,False
Y_000775.jpg,train,train,False
Y_000776.jpg,train,train,False
Y_000777.jpg,train,train,False
Y_000778.jpg,val,val,False
Y_000779.jpg,val,val,False
Y_000780.jpg,train,train,False
Y_000781.jpg,train,train,False
Y_000782.jpg,train,train,False
Y_000783.jpg,train,train,False
Y_000784.jpg,val,val,False
Y_000785.jpg,train,train,False
Y_000786.jpg,train,train,False
Y_000787.jpg,train,train,False
Y_000788.jpg,train,train,False
Y_000789.jpg,train,train,False
Y_000790.jpg,val,val,False
Y_000791.jpg,train,train,False
Y_000792.jpg,train,train,False
Y_000793.jpg,train,train,False
Y_000794.jpg,train,train,False
Y_000795.jpg,train,train,False
Y_000796.jpg,train,train,False
Y_000797.jpg,train,train,False
Y_000798.jpg,train,train,False
Y_000799.jpg,train,train,False
Y_000800.jpg,val,val,False
Y_000802.jpg,val,val,False
Y_000803.jpg,train,train,False
Y_000804.jpg,train,train,False
Y_000805.jpg,train,train,False
Y_000806.jpg,train,train,False
Y_000807.jpg,train,train,False
Y_000809.jpg,train,train,False
Y_000810.jpg,train,train,False
Y_000811.jpg,train,train,False
Y_000812.jpg,val,val,False
Y_000813.jpg,val,val,False
Y_000814.jpg,train,train,False
Y_000815.jpg,train,train,False
Y_000816.jpg,val,val,False
Y_000817.jpg,train,train,False
Y_000818.jpg,train,train,False
Y_000821.jpg,val,val,False
Y_000822.jpg,train,train,False
Y_000823.jpg,train,train,False
Y_000824.jpg,train,train,False
Y_000825.jpg,train,train,False
Y_000826.jpg,train,train,False
Y_000827.jpg,val,val,False
Y_000828.jpg,train,train,False
Y_000829.jpg,train,train,False
Y_000830.jpg,train,train,False
Y_000831.jpg,val,val,False
Y_000832.jpg,val,val,False
Y_000833.jpg,val,val,False
Y_000834.jpg,val,val,False
Y_000837.jpg,train,train,False
Y_000838.jpg,train,train,False
Y_000839.jpg,val,val,False
Y_000840.jpg,train,train,False
Y_000841.jpg,train,train,False
Y_000842.jpg,train,train,False
Y_000843.jpg,train,train,False
Y_000844.jpg,train,train,False
Y_000845.jpg,train,train,False
Y_000846.jpg,val,val,False
Y_000847.jpg,train,train,False
Y_000848.jpg,val,val,False
Y_000849.jpg,val,val,False
Y_000850.jpg,train,train,False
Y_000851.jpg,train,train,False
Y_000852.jpg,train,train,False
Y_000853.jpg,train,train,False
Y_000854.jpg,train,train,False
Y_000855.jpg,val,val,False
Y_000856.jpg,val,val,False
Y_000857.jpg,train,train,False
Y_000858.jpg,train,train,False
Y_000859.jpg,train,train,False
Y_000860.jpg,train,train,False
Y_000861.jpg,train,train,False
Y_000862.jpg,train,train,False
Y_000863.jpg,val,val,False
Y_000864.jpg,train,train,False
Y_000865.jpg,train,train,False
Y_000866.jpg,train,train,False
Y_000867.jpg,train,train,False
Y_000868.jpg,train,train,False
Y_000869.jpg,val,val,False
Y_000870.jpg,train,train,False
Y_000871.jpg,train,train,False
Y_000872.jpg,train,train,False
Y_000873.jpg,train,train,False
Y_000874.jpg,train,train,False
Y_000876.jpg,train,train,False
Y_000877.jpg,train,train,False
Y_000878.jpg,train,train,False
Y_000879.jpg,train,train,False
Y_000880.jpg,train,train,False
Y_000881.jpg,train,train,False
Y_000882.jpg,train,train,False
Y_000883.jpg,val,val,False
Y_000884.jpg,train,train,False
Y_000885.jpg,train,train,False
Y_000886.jpg,train,train,False
Y_000887.jpg,train,train,False
Y_000888.jpg,train,train,False
Y_000889.jpg,val,val,False
Y_000890.jpg,val,val,False
Y_000891.jpg,train,train,False
Y_000892.jpg,train,train,False
Y_000894.jpg,train,train,False
Y_000895.jpg,train,train,False
Y_000896.jpg,train,train,False
Y_000897.jpg,train,train,False
Y_000898.jpg,train,train,False
Y_000899.jpg,train,train,False
Y_000900.jpg,val,val,False
Y_000902.jpg,val,val,False
Y_000903.jpg,train,train,False
Y_000904.jpg,train,train,False
Y_000905.jpg,val,val,False
Y_000906.jpg,train,train,False
Y_000907.jpg,train,train,False
Y_000908.jpg,val,val,False
Y_000909.jpg,train,train,False
Y_000910.jpg,train,train,False
Y_000911.jpg,val,val,False
Y_000912.jpg,train,train,False
Y_000913.jpg,train,train,False
Y_000914.jpg,train,train,False
Y_000915.jpg,train,train,False
Y_000916.jpg,val,val,False
Y_000917.jpg,train,train,False
Y_000918.jpg,train,train,False
Y_000919.jpg,train,train,False
Y_000920.jpg,train,train,False
Y_000921.jpg,train,train,False
Y_000922.jpg,val,val,False
Y_000923.jpg,train,train,False
Y_000924.jpg,val,val,False
Y_000925.jpg,train,train,False
Y_000926.jpg,val,val,False
Y_000927.jpg,train,train,False
Y_000928.jpg,train,train,False
Y_000929.jpg,train,train,False
Y_000930.jpg,val,val,False
Y_000931.jpg,val,val,False
Y_000932.jpg,train,train,False
Y_000933.jpg,train,train,False
Y_000934.jpg,train,train,False
Y_000935.jpg,train,train,False
Y_000936.jpg,train,train,False
Y_000937.jpg,val,val,False
Y_000938.jpg,train,train,False
Y_000939.jpg,train,train,False
Y_000940.jpg,val,val,False
Y_000941.jpg,train,train,False
Y_000942.jpg,train,train,False
Y_000943.jpg,train,train,False
Y_000944.jpg,train,train,False
Y_000945.jpg,train,train,False
Y_000947.jpg,train,train,False
Y_000949.jpg,train,train,False
Y_000950.jpg,train,train,False
Y_000951.jpg,val,val,False
Y_000952.jpg,train,train,False
Y_000953.jpg,train,train,False
Y_000954.jpg,train,train,False
Y_000955.jpg,train,train,False
Y_000956.jpg,train,train,False
Y_000957.jpg,train,train,False
Y_000958.jpg,val,val,False
Y_000959.jpg,val,val,False
Y_000960.jpg,val,val,False
Y_000964.jpg,train,train,False
Y_000967.jpg,train,train,False
Y_000969.jpg,train,train,False
Y_000970.jpg,train,train,False
Y_000971.jpg,train,train,False
Y_000972.jpg,train,train,False
Y_000973.jpg,train,train,False
Y_000974.jpg,train,train,False
Y_000975.jpg,train,train,False
Y_000976.jpg,train,train,False
Y_000977.jpg,train,train,False
Y_000978.jpg,train,train,False
Y_000979.jpg,train,train,False
Y_000980.jpg,train,train,False
Y_000981.jpg,train,train,False
Y_000982.jpg,train,train,False
Y_000983.jpg,val,val,False
Y_000984.jpg,train,train,False
Y_000985.jpg,train,train,False
Y_000986.jpg,val,val,False
Y_000987.jpg,val,val,False
Y_000988.jpg,train,train,False
Y_000989.jpg,train,train,False
Y_000990.jpg,train,train,False
Y_000991.jpg,train,train,False
Y_000992.jpg,train,train,False
Y_000994.jpg,train,train,False
Y_000995.jpg,val,val,False
Y_000996.jpg,train,train,False
Y_000997.jpg,train,train,False
Y_000998.jpg,train,train,False
Y_000999.jpg,train,train,False
Y_001000.jpg,val,val,False
Y_001001.jpg,train,train,False
Y_001002.jpg,train,train,False
Y_001003.jpg,train,train,False
Y_001004.jpg,val,val,False
Y_001005.jpg,train,train,False
Y_001006.jpg,train,train,False
Y_001007.jpg,train,train,False
Y_001008.jpg,train,train,False
Y_001009.jpg,val,val,False
Y_001010.jpg,train,train,False
Y_001011.jpg,train,train,False
Y_001012.jpg,train,train,False
Y_001013.jpg,train,train,False
Y_001014.jpg,train,train,False
Y_001017.jpg,train,train,False
Y_001018.jpg,train,train,False
Y_001019.jpg,train,train,False
Y_001020.jpg,val,val,False
Y_001021.jpg,train,train,False
Y_001022.jpg,train,train,False
Y_001024.jpg,train,train,False
Y_001025.jpg,val,val,False
Y_001026.jpg,val,train,True
Y_001028.jpg,train,train,False
Y_001029.jpg,val,val,False
Y_001030.jpg,val,val,False
Y_001031.jpg,val,val,False
Y_001032.jpg,val,val,False
Y_001033.jpg,train,train,False
Y_001034.jpg,train,train,False
Y_001035.jpg,train,train,False
Y_001037.jpg,train,train,False
Y_001038.jpg,train,train,False
Y_001039.jpg,train,train,False
Y_001052.jpg,val,val,False
Y_001077.jpg,train,train,False
Y_001124.jpg,train,train,False
Y_001126.jpg,train,train,False
Y_001133.jpg,train,train,False
Y_001134.jpg,train,train,False
Y_001135.jpg,train,train,False
Y_001136.jpg,val,val,False
Y_001137.jpg,train,train,False
Y_001139.jpg,train,train,False
Y_001140.jpg,train,train,False
Y_001141.jpg,train,train,False
Y_001143.jpg,train,train,False
Y_001144.jpg,train,train,False
Y_001145.jpg,val,val,False
Y_001146.jpg,train,train,False
Y_001147.jpg,train,train,False
Y_001148.jpg,train,train,False
Y_001150.jpg,val,val,False
Y_001151.jpg,val,val,False
Y_001154.jpg,val,val,False
Y_001155.jpg,train,train,False
Y_001156.jpg,val,val,False
Y_001157.jpg,train,train,False
Y_001158.jpg,val,val,False
Y_001159.jpg,train,train,False
Y_001160.jpg,train,train,False
Y_001162.jpg,val,val,False
Y_001163.jpg,train,train,False
Y_001164.jpg,train,train,False
Y_001165.jpg,train,train,False
Y_001166.jpg,train,train,False
Y_001167.jpg,train,train,False
Y_001168.jpg,train,train,False
Y_001169.jpg,train,train,False
Y_001170.jpg,train,train,False
Y_001171.jpg,train,train,False
Y_001172.jpg,train,train,False
Y_001173.jpg,train,train,False
Y_001175.jpg,val,val,False
Y_001176.jpg,train,train,False
Y_001178.jpg,val,val,False
Y_001179.jpg,train,train,False
Y_001180.jpg,val,val,False
Y_001181.jpg,train,train,False
Y_001182.jpg,train,train,False
Y_001183.jpg,train,train,False
Y_001184.jpg,train,train,False
Y_001185.jpg,train,train,False
Y_001186.jpg,train,train,False
Y_001187.jpg,val,val,False
Y_001189.jpg,train,train,False
Y_001190.jpg,train,train,False
Y_001191.jpg,train,train,False
Y_001192.jpg,train,train,False
Y_001193.jpg,val,val,False
Y_001194.jpg,train,train,False
Y_001195.jpg,train,train,False
Y_001197.jpg,val,val,False
Y_001198.jpg,train,train,False
Y_001199.jpg,train,train,False
Y_001200.jpg,val,val,False
Y_001201.jpg,train,train,False
Y_001202.jpg,train,train,False
Y_001203.jpg,train,train,False
Y_001204.jpg,train,train,False
Y_001205.jpg,train,train,False
Y_001206.jpg,train,train,False
Y_001207.jpg,val,val,False
Y_001208.jpg,train,train,False
Y_001209.jpg,train,train,False
Y_001210.jpg,val,val,False
Y_001211.jpg,train,train,False
Y_001212.jpg,train,train,False
Y_001213.jpg,train,train,False
Y_001214.jpg,train,train,False
Y_001215.jpg,val,val,False
Y_001216.jpg,train,train,False
Y_001217.jpg,train,train,False
Y_001220.jpg,val,val,False
Y_001221.jpg,val,val,False
Y_001222.jpg,train,train,False
Y_001229.jpg,train,train,False
Y_001231.jpg,train,train,False
Y_001236.jpg,train,train,False
Y_001240.jpg,train,train,False
Y_001243.jpg,val,val,False
Y_001244.jpg,train,train,False
Y_001249.jpg,train,train,False
Y_001250.jpg,train,train,False
Y_001253.jpg,train,train,False
Y_001254.jpg,train,train,False
Y_001255.jpg,val,val,False
Y_001257.jpg,train,train,False
Y_001258.jpg,train,train,False
Y_001259.jpg,val,val,False
Y_001260.jpg,train,train,False
Y_001261.jpg,val,val,False
Y_001262.jpg,train,train,False
Y_001263.jpg,val,val,False
Y_001264.jpg,train,train,False
Y_001265.jpg,train,train,False
Y_001266.jpg,train,train,False
Y_001267.jpg,train,train,False
Y_001273.jpg,train,train,False
Y_001275.jpg,val,val,False
Y_001276.jpg,val,val,False
Y_001279.jpg,val,val,False
Y_001288.jpg,val,val,False
Y_001289.jpg,train,train,False
Y_001290.jpg,train,train,False
Y_001291.jpg,train,train,False
Y_001292.jpg,train,train,False
Y_001293.jpg,train,train,False
Y_001294.jpg,train,train,False
Y_001296.jpg,train,train,False
Y_001297.jpg,train,train,False
Y_001310.jpg,val,val,False
Y_001318.jpg,train,train,False
Y_001324.jpg,train,train,False
Y_001325.jpg,train,train,False
Y_001326.jpg,train,train,False
Y_001339.jpg,train,train,False
Y_001343.jpg,train,train,False
Y_001346.jpg,train,train,False
Y_001351.jpg,train,train,False
Y_001356.jpg,train,train,False
Y_001357.jpg,train,train,False
Y_001358.jpg,train,train,False
Y_001359.jpg,val,val,False
Y_001360.jpg,val,val,False
Y_001361.jpg,val,val,False
Y_001362.jpg,train,train,False
Y_001363.jpg,train,train,False
Y_001364.jpg,train,train,False
Y_001365.jpg,train,train,False
Y_001366.jpg,train,train,False
Y_001367.jpg,train,train,False
Y_001368.jpg,train,train,False
Y_001369.jpg,train,train,False
Y_001370.jpg,train,train,False
Y_001372.jpg,train,train,False
Y_001374.jpg,train,train,False
Y_001375.jpg,train,train,False
Y_001377.jpg,train,train,False
Y_001378.jpg,val,val,False
Y_001390.jpg,train,train,False
Y_001399.jpg,val,val,False
Y_001405.jpg,train,train,False
Y_001406.jpg,train,train,False
Y_001419.jpg,train,train,False
Y_001424.jpg,train,train,False
Y_001425.jpg,train,train,False
Y_001427.jpg,train,train,False
Y_001436.jpg,val,val,False
Y_001439.jpg,train,train,False
Y_001443.jpg,train,train,False
Y_001448.jpg,train,train,False
Y_001451.jpg,train,train,False
Y_001452.jpg,train,train,False
Y_001457.jpg,train,train,False
Y_001459.jpg,train,train,False
Y_001471.jpg,train,train,False
Y_001473.jpg,val,val,False
Y_001475.jpg,val,val,False
Y_001476.jpg,train,train,False
Y_001484.jpg,train,train,False
Y_001485.jpg,val,val,False
Y_001488.jpg,val,val,False
Y_001497.jpg,val,val,False
Y_001499.jpg,train,train,False
Y_001500.jpg,val,val,False
Y_001507.jpg,train,train,False
Y_001510.jpg,train,train,False
Y_001527.jpg,val,val,False
Y_001530.jpg,train,train,False
Y_001544.jpg,train,train,False
Y_001546.jpg,train,train,False
Y_001548.jpg,train,train,False
Y_001551.jpg,train,train,False
Y_001553.jpg,train,train,False
Y_001560.jpg,train,train,False
Y_001563.jpg,train,train,False
Y_001564.jpg,train,train,False
Y_001565.jpg,train,train,False
Y_001569.jpg,val,val,False
Y_001570.jpg,train,train,False
Y_001571.jpg,train,train,False
Y_001576.jpg,train,train,False
Y_001580.jpg,train,train,False
Y_001587.jpg,train,train,False
Y_001589.jpg,train,train,False
Y_001595.jpg,train,train,False
Y_001610.jpg,train,train,False
Y_001611.jpg,train,train,False
Y_001612.jpg,val,val,False
Y_001613.jpg,train,train,False
Y_001614.jpg,train,train,False
Y_001615.jpg,val,val,False
Y_001616.jpg,train,train,False
Y_001618.jpg,train,train,False
Y_001619.jpg,train,train,False
Y_001620.jpg,val,val,False
Y_001621.jpg,train,train,False
Y_001622.jpg,train,train,False
Y_001624.jpg,train,train,False
Y_001626.jpg,train,train,False
Y_001650.jpg,val,val,False
Y_001651.jpg,val,val,False
Y_001659.jpg,train,train,False
Y_001660.jpg,train,train,False
Y_001661.jpg,train,train,False
Y_001663.jpg,val,val,False
Y_001665.jpg,train,train,False
Y_001666.jpg,val,val,False
Y_001667.jpg,train,train,False
Y_001669.jpg,train,train,False
Y_001671.jpg,train,train,False
Y_001672.jpg,train,train,False
Y_001673.jpg,train,train,False
Y_001674.jpg,val,val,False
Y_001675.jpg,train,train,False
Y_001676.jpg,val,val,False
Y_001677.jpg,train,train,False
Y_001680.jpg,train,train,False
Y_001681.jpg,train,train,False
Y_001682.jpg,train,train,False
Y_001683.jpg,train,train,False
Y_001684.jpg,train,train,False
Y_001769.jpg,train,train,False
Y_001771.jpg,train,train,False
Y_001772.jpg,train,train,False
Y_001773.jpg,val,val,False
Y_001774.jpg,train,train,False
Y_001777.jpg,val,val,False
Y_001778.jpg,train,train,False
Y_001779.jpg,train,train,False
Y_001780.jpg,train,train,False
Y_001781.jpg,train,train,False
Y_001782.jpg,train,train,False
Y_001783.jpg,val,val,False
Y_001784.jpg,train,train,False
Y_001785.jpg,train,train,False
Y_001786.jpg,val,val,False
Y_001787.jpg,train,train,False
Y_001788.jpg,train,train,False
Y_001789.jpg,val,val,False
Y_001790.jpg,train,train,False
Y_001791.jpg,train,train,False
Y_001793.jpg,train,train,False
Y_001795.jpg,train,train,False
Y_001796.jpg,train,train,False
Y_001797.jpg,train,train,False
Y_001798.jpg,train,train,False
Y_001799.jpg,train,train,False
Y_001800.jpg,train,train,False
Y_001801.jpg,train,train,False
Y_001802.jpg,train,train,False
Y_001803.jpg,val,val,False
Y_001804.jpg,train,train,False
Y_001805.jpg,train,train,False
Y_001806.jpg,train,train,False
Y_001807.jpg,train,val,True
Y_001808.jpg,train,train,False
Y_001809.jpg,train,train,False
Y_001810.jpg,train,train,False
Y_001811.jpg,val,val,False
Y_001812.jpg,val,val,False
Y_001813.jpg,train,train,False
Y_001814.jpg,val,val,False
Y_001815.jpg,train,train,False
Y_001817.jpg,train,train,False
Y_001819.jpg,train,train,False
Y_001820.jpg,train,train,False
Y_001821.jpg,train,train,False
Y_001822.jpg,train,train,False
Y_001823.jpg,train,train,False
Y_001824.jpg,train,train,False
Y_001825.jpg,val,val,False
Y_001826.jpg,train,train,False
Y_001827.jpg,train,train,False
Y_001828.jpg,train,train,False
Y_001829.jpg,train,train,False
Y_001830.jpg,train,train,False
Y_001831.jpg,train,train,False
Y_001832.jpg,val,val,False
Y_001833.jpg,train,train,False
Y_001834.jpg,train,train,False
Y_001835.jpg,train,train,False
Y_001836.jpg,train,train,False
Y_001837.jpg,val,val,False
Y_001838.jpg,train,train,False
Y_001839.jpg,train,train,False
Y_001840.jpg,train,train,False
Y_001841.jpg,train,train,False
Y_001842.jpg,train,train,False
Y_001843.jpg,train,train,False
Y_001844.jpg,train,train,False
Y_001845.jpg,val,val,False
Y_001846.jpg,val,val,False
Y_001847.jpg,train,train,False
Y_001848.jpg,train,train,False
Y_001851.jpg,train,train,False
Y_001852.jpg,val,val,False
Y_001853.jpg,train,train,False
Y_001854.jpg,train,train,False
Y_001855.jpg,train,train,False
Y_001857.jpg,val,val,False
Y_001858.jpg,train,train,False
Y_001859.jpg,train,train,False
Y_001860.jpg,val,val,False
Y_001861.jpg,val,val,False
Y_001863.jpg,train,train,False
Y_001864.jpg,val,val,False
Y_001865.jpg,train,train,False
Y_001866.jpg,train,train,False
Y_001867.jpg,train,train,False
Y_001868.jpg,train,train,False
Y_001869.jpg,train,train,False
Y_001870.jpg,train,train,False
Y_001871.jpg,val,val,False
Y_001872.jpg,train,train,False
Y_001873.jpg,train,train,False
Y_001874.jpg,train,train,False
Y_001875.jpg,train,train,False
Y_001876.jpg,train,train,False
Y_001877.jpg,train,train,False
Y_001878.jpg,train,train,False
Y_001879.jpg,train,train,False
Y_001880.jpg,val,val,False
Y_001881.jpg,train,train,False
Y_001882.jpg,val,val,False
Y_001883.jpg,train,train,False
Y_001884.jpg,train,train,False
Y_001885.jpg,train,train,False
Y_001886.jpg,train,train,False
Y_001887.jpg,train,train,False
Y_001888.jpg,train,train,False
Y_001890.jpg,train,train,False
Y_001891.jpg,train,train,False
Y_001892.jpg,train,train,False
Y_001893.jpg,train,train,False
Y_001894.jpg,train,train,False
Y_001895.jpg,train,train,False
Y_001896.jpg,train,train,False
Y_001897.jpg,train,train,False
Y_001898.jpg,train,train,False
Y_001899.jpg,train,train,False
Y_001900.jpg,val,val,False
Y_001901.jpg,train,train,False
Y_001902.jpg,train,train,False
Y_001903.jpg,train,train,False
Y_001904.jpg,train,train,False
Y_001905.jpg,train,train,False
Y_001906.jpg,train,train,False
Y_001907.jpg,train,train,False
Y_001908.jpg,train,train,False
Y_001909.jpg,train,train,False
Y_001910.jpg,train,train,False
Y_001911.jpg,train,train,False
Y_001912.jpg,train,train,False
Y_001913.jpg,train,train,False
Y_001914.jpg,train,train,False
Y_001915.jpg,val,val,False
Y_001916.jpg,train,train,False
Y_001917.jpg,train,train,False
Y_001918.jpg,train,train,False
Y_001919.jpg,train,train,False
Y_001920.jpg,val,val,False
Y_001921.jpg,train,train,False
Y_001922.jpg,train,train,False
Y_001923.jpg,train,train,False
Y_001924.jpg,val,val,False
Y_001925.jpg,train,train,False
Y_001926.jpg,train,train,False
Y_001927.jpg,train,train,False
Y_001928.jpg,train,train,False
Y_001929.jpg,train,train,False
Y_001930.jpg,train,train,False
Y_001931.jpg,val,val,False
Y_001932.jpg,train,train,False
Y_001933.jpg,train,train,False
Y_001935.jpg,train,train,False
Y_001936.jpg,val,val,False
Y_001937.jpg,train,train,False
Y_001938.jpg,train,train,False
Y_001939.jpg,train,train,False
Y_001940.jpg,train,train,False
Y_001941.jpg,train,train,False
Y_001942.jpg,val,val,False
Y_001943.jpg,train,train,False
Y_001944.jpg,train,train,False
Y_001945.jpg,train,train,False
Y_001946.jpg,val,val,False
Y_001947.jpg,train,train,False
Y_001948.jpg,train,train,False
Y_001949.jpg,train,train,False
Y_001950.jpg,train,train,False
Y_001951.jpg,train,train,False
Y_001952.jpg,train,train,False
Y_001957.jpg,train,train,False
Y_001959.jpg,train,train,False
Y_001960.jpg,train,train,False
Y_001962.jpg,train,train,False
Y_001963.jpg,train,train,False
Y_001964.jpg,val,val,False
Y_001965.jpg,val,val,False
Y_001967.jpg,val,val,False
Y_001968.jpg,train,train,False
Y_001969.jpg,train,train,False
Y_001970.jpg,train,train,False
Y_001971.jpg,train,train,False
Y_001972.jpg,val,val,False
Y_001973.jpg,train,train,False
Y_001974.jpg,val,val,False
Y_001975.jpg,train,train,False
Y_001976.jpg,train,train,False
Y_001977.jpg,val,val,False
Y_001978.jpg,train,train,False
Y_001982.jpg,train,train,False
Y_001985.jpg,val,val,False
Y_001986.jpg,val,val,False
Y_001987.jpg,train,train,False
Y_001988.jpg,train,train,False
Y_001989.jpg,train,train,False
Y_001990.jpg,train,train,False
Y_001991.jpg,val,val,False
Y_001992.jpg,val,val,False
Y_001993.jpg,train,train,False
Y_001994.jpg,train,train,False
Y_001995.jpg,train,train,False
Y_001996.jpg,train,train,False
Y_001997.jpg,train,train,False
Y_001998.jpg,val,val,False
Y_001999.jpg,train,train,False
Y_002001.jpg,train,train,False
Y_002002.jpg,train,train,False
Y_002003.jpg,val,val,False
Y_002004.jpg,train,train,False
Y_002005.jpg,train,train,False
Y_002006.jpg,val,val,False
Y_002007.jpg,train,train,False
Y_002015.jpg,train,train,False
Y_002016.jpg,train,train,False
Y_002017.jpg,train,train,False
Y_002018.jpg,train,train,False
Y_002019.jpg,train,train,False
Y_002020.jpg,val,val,False
Y_002021.jpg,train,train,False
Y_002022.jpg,train,train,False
Y_002023.jpg,train,train,False
Y_002026.jpg,train,train,False
Y_002027.jpg,val,val,False
Y_002028.jpg,val,val,False
Y_002029.jpg,train,train,False
Y_002030.jpg,val,val,False
Y_002031.jpg,train,train,False
Y_002032.jpg,train,train,False
Y_002033.jpg,train,train,False
Y_002034.jpg,val,val,False
Y_002035.jpg,train,train,False
Y_002036.jpg,train,train,False
Y_002037.jpg,train,train,False
Y_002039.jpg,val,val,False
Y_002040.jpg,train,train,False
Y_002041.jpg,train,train,False
Y_002042.jpg,train,train,False
Y_002043.jpg,train,train,False
Y_002044.jpg,val,val,False
Y_002045.jpg,train,train,False
Y_002046.jpg,val,val,False
Y_002047.jpg,train,train,False
Y_002048.jpg,train,train,False
Y_002050.jpg,train,train,False
Y_002051.jpg,train,train,False
Y_002052.jpg,train,train,False
Y_002053.jpg,val,val,False
Y_002054.jpg,train,train,False
Y_002055.jpg,train,train,False
Y_002056.jpg,train,train,False
Y_002057.jpg,train,train,False
Y_002058.jpg,val,val,False
Y_002059.jpg,val,val,False
Y_002060.jpg,train,train,False
Y_002061.jpg,train,train,False
Y_002062.jpg,val,val,False
Y_002064.jpg,val,val,False
Y_002065.jpg,train,train,False
Y_002066.jpg,train,train,False
Y_002067.jpg,val,val,False
Y_002068.jpg,train,train,False
Y_002069.jpg,train,train,False
Y_002070.jpg,train,train,False
Y_002071.jpg,train,train,False
Y_002072.jpg,train,train,False
Y_002073.jpg,train,train,False
Y_002074.jpg,train,train,False
Y_002075.jpg,train,train,False
Y_002076.jpg,train,train,False
Y_002077.jpg,train,train,False
Y_002078.jpg,train,train,False
Y_002080.jpg,train,train,False
Y_002081.jpg,val,val,False
Y_002082.jpg,train,train,False
Y_002083.jpg,train,train,False
Y_002084.jpg,train,train,False
Y_002085.jpg,train,train,False
Y_002086.jpg,train,train,False
Y_002087.jpg,train,train,False
Y_002088.jpg,train,train,False
Y_002089.jpg,train,train,False
Y_002090.jpg,train,train,False
Y_002091.jpg,train,train,False
Y_002092.jpg,train,train,False
Y_002093.jpg,val,val,False
Y_002094.jpg,train,train,False
Y_002095.jpg,val,val,False
Y_002096.jpg,val,val,False
Y_002097.jpg,train,train,False
Y_002098.jpg,train,train,False
Y_002099.jpg,train,train,False
Y_002100.jpg,train,train,False
Y_002103.jpg,train,train,False
Y_002104.jpg,train,train,False
Y_002105.jpg,train,train,False
Y_002106.jpg,train,train,False
Y_002107.jpg,train,train,False
Y_002108.jpg,train,train,False
Y_002109.jpg,val,val,False
Y_002110.jpg,train,train,False
Y_002111.jpg,train,train,False
Y_002112.jpg,train,train,False
Y_002113.jpg,train,train,False
Y_002114.jpg,val,val,False
Y_002115.jpg,val,val,False
Y_002116.jpg,train,train,False
Y_002117.jpg,val,val,False
Y_002118.jpg,train,train,False
Y_002119.jpg,val,val,False
Y_002120.jpg,train,train,False
Y_002121.jpg,train,train,False
Y_002122.jpg,val,val,False
Y_002124.jpg,train,train,False
Y_002125.jpg,val,val,False
Y_002126.jpg,val,val,False
Y_002127.jpg,val,val,False
Y_002128.jpg,train,train,False
Y_002129.jpg,train,train,False
Y_002130.jpg,train,train,False
Y_002131.jpg,train,train,False
Y_002132.jpg,train,train,False
Y_002133.jpg,val,val,False
Y_002134.jpg,train,train,False
Y_002135.jpg,val,val,False
Y_002136.jpg,train,train,False
Y_002137.jpg,train,train,False
Y_002139.jpg,train,train,False
Y_002141.jpg,train,train,False
Y_002143.jpg,train,train,False
Y_002144.jpg,train,train,False
Y_002145.jpg,train,train,False
Y_002146.jpg,train,train,False
Y_002147.jpg,train,train,False
Y_002148.jpg,train,train,False
Y_002149.jpg,val,val,False
Y_002150.jpg,train,train,False
Y_002151.jpg,train,train,False
Y_002152.jpg,train,train,False
Y_002153.jpg,train,train,False
Y_002154.jpg,train,train,False
Y_002155.jpg,train,train,False
Y_002156.jpg,train,train,False
Y_002157.jpg,train,train,False
Y_002158.jpg,train,train,False
Y_002159.jpg,train,train,False
Y_002160.jpg,train,train,False
Y_002161.jpg,train,train,False
Y_002162.jpg,train,train,False
Y_002163.jpg,val,val,False
Y_002164.jpg,train,train,False
Y_002165.jpg,train,train,False
Y_002166.jpg,val,val,False
Y_002167.jpg,train,train,False
Y_002168.jpg,train,train,False
Y_002169.jpg,train,train,False
Y_002170.jpg,train,train,False
Y_002171.jpg,train,train,False
Y_002172.jpg,train,train,False
Y_002173.jpg,train,train,False
Y_002174.jpg,train,train,False
Y_002175.jpg,train,train,False
Y_002176.jpg,train,train,False
Y_002177.jpg,train,train,False
Y_002178.jpg,train,train,False
Y_002179.jpg,train,train,False
Y_002180.jpg,train,train,False
Y_002181.jpg,train,train,False
Y_002182.jpg,train,train,False
Y_002183.jpg,train,train,False
Y_002184.jpg,train,train,False
Y_002185.jpg,train,train,False
Y_002186.jpg,train,train,False
Y_002187.jpg,val,val,False
Y_002188.jpg,train,train,False
Y_002189.jpg,val,val,False
Y_002190.jpg,train,train,False
Y_002191.jpg,train,train,False
Y_002192.jpg,val,val,False
Y_002193.jpg,train,train,False
Y_002196.jpg,train,train,False
Y_002197.jpg,train,train,False
Y_002198.jpg,val,val,False
Y_002199.jpg,val,val,False
Y_002200.jpg,val,val,False
Y_002201.jpg,train,train,False
Y_002203.jpg,val,val,False
Y_002204.jpg,val,val,False
Y_002205.jpg,train,train,False
Y_002206.jpg,train,train,False
Y_002207.jpg,train,train,False
Y_002208.jpg,train,train,False
Y_002209.jpg,train,train,False
Y_002210.jpg,train,train,False
Y_002211.jpg,train,train,False
Y_002212.jpg,train,train,False
Y_002213.jpg,train,train,False
Y_002214.jpg,train,train,False
Y_002215.jpg,train,train,False
Y_002216.jpg,val,val,False
Y_002217.jpg,val,val,False
Y_002220.jpg,train,train,False
Y_002221.jpg,train,train,False
Y_002222.jpg,val,val,False
Y_002224.jpg,val,val,False
Y_002225.jpg,train,train,False
Y_002226.jpg,train,train,False
Y_002227.jpg,train,train,False
Y_002228.jpg,val,val,False
Y_002229.jpg,train,val,True
Y_002230.jpg,train,train,False
Y_002231.jpg,val,val,False
Y_002234.jpg,train,train,False
Y_002235.jpg,val,val,False
Y_002236.jpg,train,train,False
Y_002237.jpg,train,train,False
Y_002238.jpg,train,train,False
Y_002240.jpg,train,train,False
Y_002241.jpg,val,val,False
Y_002243.jpg,train,train,False
Y_002244.jpg,train,train,False
Y_002246.jpg,train,train,False
Y_002247.jpg,train,train,False
Y_002248.jpg,train,train,False
Y_002249.jpg,train,train,False
Y_002250.jpg,train,train,False
Y_002251.jpg,train,train,False
Y_002252.jpg,train,train,False
Y_002253.jpg,train,train,False
Y_002254.jpg,train,train,False
Y_002255.jpg,train,train,False
Y_002256.jpg,train,train,False
Y_002259.jpg,train,train,False
Y_002260.jpg,val,val,False
Y_002263.jpg,train,train,False
Y_002264.jpg,train,train,False
Y_002265.jpg,train,train,False
Y_002266.jpg,train,train,False
Y_002267.jpg,train,train,False
Y_002268.jpg,train,train,False
Y_002269.jpg,val,val,False
Y_002272.jpg,train,train,False
Y_002273.jpg,train,train,False
Y_002274.jpg,train,train,False
Y_002275.jpg,train,train,False
Y_002276.jpg,train,train,False
Y_002277.jpg,val,val,False
Y_002278.jpg,train,train,False
Y_002279.jpg,val,val,False
Y_002280.jpg,train,train,False
Y_002281.jpg,train,train,False
Y_002282.jpg,train,train,False
Y_002284.jpg,val,val,False
Y_002285.jpg,val,val,False
Y_002286.jpg,train,train,False
Y_002288.jpg,train,train,False
Y_002289.jpg,train,train,False
Y_002290.jpg,train,train,False
Y_002291.jpg,train,train,False
Y_002292.jpg,train,train,False
Y_002293.jpg,val,val,False
Y_002294.jpg,train,train,False
Y_002296.jpg,train,train,False
Y_002298.jpg,train,train,False
Y_002299.jpg,train,train,False
Y_002300.jpg,train,train,False
Y_002303.jpg,train,train,False
Y_002304.jpg,train,train,False
Y_002306.jpg,train,train,False
Y_002307.jpg,train,train,False
Y_002308.jpg,train,train,False
Y_002309.jpg,train,train,False
Y_002310.jpg,train,train,False
Y_002311.jpg,val,val,False
Y_002312.jpg,train,train,False
Y_002313.jpg,train,train,False
Y_002314.jpg,train,train,False
Y_002315.jpg,train,train,False
Y_002316.jpg,train,train,False
Y_002317.jpg,val,val,False
Y_002318.jpg,val,val,False
Y_002319.jpg,val,val,False
Y_002320.jpg,train,train,False
Y_002321.jpg,train,train,False
Y_002322.jpg,val,val,False
Y_002323.jpg,train,train,False
Y_002325.jpg,train,train,False
Y_002326.jpg,train,train,False
Y_002327.jpg,train,train,False
Y_002328.jpg,train,train,False
Y_002329.jpg,train,train,False
Y_002330.jpg,train,train,False
Y_002331.jpg,val,val,False
Y_002332.jpg,val,val,False
Y_002333.jpg,train,train,False
Y_002334.jpg,val,val,False
Y_002335.jpg,train,train,False
Y_002336.jpg,train,train,False
Y_002337.jpg,train,train,False
Y_002339.jpg,train,train,False
Y_002340.jpg,train,train,False
Y_002341.jpg,train,train,False
Y_002342.jpg,train,train,False
Y_002343.jpg,train,train,False
Y_002344.jpg,train,train,False
Y_002346.jpg,train,train,False
Y_002347.jpg,train,train,False
Y_002350.jpg,val,val,False
Y_002351.jpg,train,val,True
Y_002354.jpg,val,val,False
Y_002356.jpg,train,train,False
Y_002358.jpg,train,train,False
Y_002361.jpg,val,val,False
Y_002362.jpg,train,train,False
Y_002364.jpg,val,val,False
Y_002365.jpg,val,val,False
Y_002366.jpg,train,train,False
Y_002367.jpg,train,train,False
Y_002368.jpg,val,val,False
Y_002369.jpg,train,train,False
Y_002370.jpg,train,train,False
Y_002371.jpg,train,train,False
Y_002372.jpg,train,train,False
Y_002373.jpg,train,train,False
Y_002374.jpg,train,train,False
Y_002376.jpg,train,train,False
Y_002378.jpg,train,train,False
Y_002380.jpg,train,train,False
Y_002381.jpg,val,val,False
Y_002382.jpg,train,train,False
Y_002383.jpg,val,val,False
Y_002385.jpg,val,val,False
Y_002386.jpg,train,train,False
Y_002387.jpg,train,train,False
Y_002388.jpg,val,val,False
Y_002391.jpg,train,train,False
Y_002392.jpg,train,train,False
Y_002393.jpg,train,train,False
Y_002398.jpg,val,val,False
Y_002399.jpg,train,train,False
Y_002400.jpg,train,train,False
Y_002401.jpg,train,train,False
Y_002402.jpg,train,train,False
Y_002403.jpg,train,train,False
Y_002405.jpg,train,train,False
Y_002406.jpg,train,train,False
Y_002408.jpg,train,train,False
Y_002409.jpg,val,val,False
Y_002410.jpg,train,train,False
Y_002411.jpg,train,train,False
Y_002413.jpg,train,train,False
Y_002414.jpg,train,train,False
Y_002415.jpg,train,train,False
Y_002416.jpg,train,train,False
Y_002417.jpg,train,train,False
Y_002418.jpg,train,train,False
Y_002420.jpg,train,train,False
Y_002421.jpg,val,val,False
Y_002427.jpg,train,train,False
Y_002428.jpg,train,train,False
Y_002429.jpg,train,train,False
Y_002430.jpg,train,train,False
Y_002431.jpg,train,train,False
Y_002432.jpg,train,train,False
Y_002433.jpg,train,train,False
Y_002434.jpg,train,train,False
Y_002440.jpg,train,train,False
Y_002441.jpg,train,train,False
Y_002442.jpg,train,train,False
Y_002443.jpg,val,val,False
Y_002444.jpg,train,train,False
Y_002445.jpg,train,train,False
Y_002446.jpg,train,train,False
Y_002447.jpg,train,train,False
Y_002448.jpg,train,train,False
Y_002450.jpg,train,train,False
Y_002451.jpg,train,train,False
Y_002452.jpg,train,train,False
Y_002453.jpg,train,train,False
Y_002454.jpg,train,train,False
Y_002455.jpg,train,train,False
Y_002456.jpg,train,train,False
Y_002457.jpg,train,train,False
Y_002458.jpg,train,train,False
Y_002459.jpg,train,train,False
Y_002460.jpg,train,train,False
Y_002461.jpg,train,train,False
Y_002462.jpg,train,train,False
Y_002463.jpg,val,val,False
Y_002465.jpg,train,train,False
Y_002466.jpg,train,train,False
Y_002467.jpg,train,train,False
Y_002468.jpg,train,train,False
Y_002469.jpg,train,train,False
Y_002470.jpg,val,val,False
Y_002471.jpg,train,train,False
Y_002472.jpg,train,train,False
Y_002473.jpg,train,train,False
Y_002474.jpg,train,train,False
Y_002476.jpg,train,train,False
Y_002477.jpg,train,train,False
Y_002478.jpg,train,train,False
Y_002479.jpg,val,val,False
Y_002481.jpg,val,val,False
Y_002482.jpg,train,train,False
Y_002483.jpg,train,train,False
Y_002484.jpg,train,train,False
Y_002485.jpg,val,val,False
Y_002487.jpg,train,train,False
Y_002489.jpg,train,train,False
Y_002490.jpg,train,train,False
Y_002491.jpg,train,train,False
Y_002492.jpg,train,train,False
Y_002493.jpg,val,val,False
Y_002494.jpg,val,val,False
Y_002495.jpg,train,train,False
Y_002496.jpg,val,val,False
Y_002497.jpg,train,train,False
Y_002498.jpg,train,train,False
Y_002499.jpg,val,val,False
Y_002500.jpg,train,train,False
Y_002501.jpg,train,train,False
Y_002503.jpg,train,train,False
Y_002504.jpg,val,val,False
Y_002505.jpg,train,train,False
Y_002506.jpg,train,train,False
Y_002507.jpg,train,train,False
Y_002508.jpg,train,train,False
Y_002509.jpg,train,train,False
Y_002510.jpg,train,train,False
Y_002512.jpg,train,train,False
Y_002515.jpg,train,train,False
Y_002516.jpg,train,train,False
Y_002517.jpg,train,train,False
Y_002518.jpg,train,train,False
Y_002519.jpg,val,val,False
Y_002520.jpg,train,train,False
Y_002521.jpg,train,train,False
Y_002523.jpg,train,train,False
Y_002524.jpg,train,train,False
Y_002525.jpg,train,train,False
Y_002526.jpg,val,val,False
Y_002527.jpg,train,train,False
Y_002529.jpg,train,train,False
Y_002530.jpg,train,train,False
Y_002531.jpg,train,train,False
Y_002532.jpg,val,val,False
Y_002533.jpg,train,train,False
Y_002534.jpg,train,train,False
Y_002535.jpg,train,train,False
Y_002539.jpg,train,train,False
Y_002543.jpg,train,train,False
Y_002544.jpg,train,train,False
Y_002545.jpg,val,val,False
Y_002546.jpg,val,val,False
Y_002547.jpg,train,train,False
Y_002548.jpg,train,train,False
Y_002549.jpg,val,val,False
Y_002550.jpg,train,train,False
Y_002551.jpg,train,train,False
Y_002552.jpg,train,train,False
Y_002557.jpg,val,val,False
Y_002559.jpg,train,train,False
Y_002560.jpg,train,train,False
Y_002562.jpg,train,train,False
Y_002563.jpg,train,train,False
Y_002564.jpg,train,train,False
Y_002565.jpg,val,val,False
Y_002566.jpg,train,train,False
Y_002567.jpg,val,val,False
Y_002568.jpg,train,train,False
Y_002570.jpg,train,train,False
Y_002571.jpg,train,train,False
Y_002572.jpg,train,train,False
Y_002574.jpg,train,train,False
Y_002575.jpg,train,train,False
Y_002576.jpg,val,val,False
Y_002577.jpg,train,train,False
Y_002578.jpg,train,train,False
Y_002579.jpg,train,train,False
Y_002580.jpg,train,train,False
Y_002581.jpg,train,train,False
Y_002582.jpg,val,val,False
Y_002583.jpg,train,train,False
Y_002585.jpg,train,train,False
Y_002586.jpg,train,train,False
Y_002587.jpg,train,train,False
Y_002588.jpg,train,train,False
Y_002589.jpg,train,train,False
Y_002615.jpg,train,train,False
Y_002632.jpg,train,train,False
Y_002675.jpg,train,train,False
Y_002683.jpg,train,train,False
Y_002730.jpg,train,train,False
Y_002805.jpg,train,train,False
Y_002853.jpg,val,val,False
Y_002857.jpg,train,train,False
Y_002869.jpg,train,train,False
Y_002871.jpg,val,val,False
Y_002873.jpg,train,train,False
Y_002879.jpg,train,train,False
Y_002880.jpg,train,train,False
Y_002883.jpg,train,train,False
Y_002937.jpg,train,train,False
Y_002943.jpg,train,train,False
Y_002947.jpg,train,train,False
Y_002976.jpg,train,train,False
Y_002994.jpg,train,train,False
Y_003001.jpg,train,train,False
Y_003006.jpg,train,train,False
Y_003031.jpg,train,train,False
Y_003036.jpg,val,val,False
Y_003043.jpg,val,val,False
Y_003061.jpg,train,train,False
Y_003064.jpg,train,train,False
Y_003079.jpg,train,train,False
Y_003091.jpg,train,train,False
Y_003109.jpg,train,train,False
Y_003133.jpg,train,train,False
Y_003231.jpg,train,train,False
Y_003406.jpg,train,train,False
Y_003578.jpg,val,val,False
Y_003579.jpg,train,train,False
Y_003581.jpg,train,train,False
Y_003599.jpg,val,val,False
Y_003624.jpg,val,val,False
Y_003653.jpg,train,train,False
Y_003663.jpg,val,val,False
Y_003740.jpg,train,train,False
Y_003799.jpg,train,train,False
Y_003807.jpg,train,train,False
Y_003827.jpg,train,train,False
Y_003864.jpg,train,train,False
Y_003939.jpg,train,train,False
Y_004002.jpg,val,val,False
Y_004039.jpg,train,train,False
Y_004052.jpg,train,train,False
Y_004063.jpg,train,train,False
Y_004064.jpg,train,train,False
Y_004065.jpg,train,train,False
Y_004067.jpg,train,train,False
Y_004071.jpg,train,train,False
Y_004072.jpg,val,val,False
Y_004186.jpg,train,train,False
Y_004267.jpg,train,train,False
Y_004498.jpg,train,train,False
Y_004503.jpg,val,val,False
Y_004518.jpg,train,train,False
Y_004521.jpg,train,train,False
Y_004554.jpg,val,val,False
Y_004573.jpg,val,val,False
Y_004575.jpg,train,train,False
Y_004602.jpg,train,train,False
Y_004605.jpg,train,train,False
Y_004638.jpg,train,train,False
Y_004682.jpg,val,val,False
Y_004687.jpg,val,val,False
Y_004690.jpg,train,train,False
Y_004807.jpg,train,train,False
Y_004841.jpg,train,train,False
Y_004843.jpg,train,train,False
Y_004854.jpg,val,val,False
Y_004904.jpg,val,val,False
Y_005057.jpg,train,train,False
Y_005860.jpg,train,train,False
Y_005898.jpg,train,train,False
Y_005959.jpg,train,train,False
Y_006290.jpg,train,train,False
Y_006302.jpg,train,train,False
Y_006375.jpg,train,train,False
Y_006520.jpg,train,train,False
Y_006541.jpg,train,train,False
Y_006658.jpg,train,train,False
Y_006920.jpg,train,train,False
Y_007159.jpg,train,train,False
Y_007224.jpg,train,train,False
Y_007227.jpg,train,train,False
Y_007234.jpg,train,train,False
Y_007292.jpg,train,train,False
Y_007350.jpg,train,train,False
Y_007555.jpg,train,train,False
Y_007719.jpg,train,train,False
Y_007904.jpg,val,val,False
Y_008006.jpg,train,train,False
Y_008182.jpg,train,train,False
Y_008232.jpg,train,train,False
Y_008271.jpg,val,val,False
Y_008272.jpg,val,val,False
Y_008390.jpg,train,train,False
Y_008504.jpg,train,train,False
Y_008513.jpg,train,train,False
Y_008515.jpg,train,train,False
Y_008516.jpg,train,train,False
Y_008529.jpg,val,val,False
Y_008530.jpg,train,train,False
Y_008537.jpg,train,train,False
Y_008539.jpg,train,train,False
Y_008542.jpg,train,train,False
Y_008543.jpg,train,train,False
Y_008570.jpg,train,train,False
Y_008578.jpg,train,train,False
Y_008646.jpg,train,train,False
Y_008766.jpg,train,train,False
Y_008769.jpg,train,train,False
Y_008863.jpg,train,train,False
Y_009115.jpg,train,train,False
Y_009195.jpg,train,train,False
Y_009267.jpg,train,train,False
Y_009291.jpg,val,val,False
Y_009317.jpg,train,train,False
Y_009333.jpg,train,train,False
Y_009371.jpg,train,train,False
Y_009647.jpg,train,train,False
Y_009661.jpg,train,train,False
Y_009674.jpg,val,val,False
Y_009694.jpg,train,train,False
Y_009707.jpg,val,val,False
Y_009868.jpg,train,train,False
Y_009873.jpg,train,train,False
Y_009919.jpg,train,train,False
Y_009920.jpg,val,val,False
Y_009946.jpg,val,val,False
Y_010017.jpg,train,train,False
Y_010037.jpg,train,train,False
Y_010053.jpg,train,train,False
Y_010054.jpg,train,train,False
Y_010088.jpg,train,train,False
Y_010108.jpg,train,train,False
Y_010109.jpg,train,train,False
Y_010119.jpg,train,train,False
Y_010148.jpg,val,val,False
Y_010240.jpg,train,train,False
Y_010250.jpg,train,train,False
Y_010267.jpg,train,train,False
Y_010333.jpg,train,train,False
Y_010343.jpg,val,val,False
Y_010365.jpg,train,train,False
Y_010381.jpg,train,train,False
Y_010386.jpg,train,train,False
Y_010407.jpg,train,train,False
Y_010423.jpg,train,train,False
Y_010470.jpg,train,train,False
Y_010496.jpg,train,train,False
Y_010610.jpg,train,train,False
Y_010614.jpg,train,train,False
Y_010651.jpg,train,train,False
Y_010692.jpg,train,train,False
Y_010693.jpg,train,train,False
Y_010700.jpg,train,train,False
Y_010712.jpg,train,train,False
Y_010769.jpg,train,train,False
Y_010822.jpg,train,train,False
Y_010828.jpg,val,val,False
Y_010858.jpg,train,train,False
Y_010891.jpg,train,train,False
Y_010966.jpg,train,train,False
Y_010998.jpg,train,train,False
Y_011010.jpg,train,train,False
Y_011022.jpg,train,train,False
Y_011029.jpg,val,val,False
Y_011099.jpg,train,train,False
Y_011123.jpg,val,val,False
Y_011132.jpg,val,val,False
Y_011163.jpg,train,train,False
Y_011194.jpg,train,train,False
Y_011220.jpg,val,val,False
Y_011228.jpg,train,train,False
Y_011261.jpg,train,train,False
Y_011309.jpg,val,val,False
Y_011315.jpg,train,train,False
Y_011411.jpg,train,train,False
Y_011420.jpg,train,train,False
Y_011423.jpg,train,train,False
Y_011424.jpg,val,val,False
Y_011425.jpg,train,train,False
Y_011426.jpg,train,train,False
Y_011427.jpg,val,val,False
Y_011428.jpg,train,train,False
Y_011429.jpg,val,val,False
Y_011430.jpg,val,val,False
Y_011436.jpg,train,train,False
Y_011437.jpg,val,val,False
Y_011441.jpg,train,train,False
Y_011443.jpg,val,val,False
Y_011445.jpg,train,train,False
Y_011446.jpg,train,train,False
Y_011449.jpg,train,train,False
Y_011453.jpg,train,train,False
Y_011458.jpg,train,train,False
Y_011473.jpg,train,train,False
Y_011484.jpg,train,train,False
Y_011486.jpg,train,train,False
Y_011487.jpg,train,train,False
Y_011488.jpg,val,val,False
Y_011491.jpg,val,val,False
Y_011492.jpg,train,train,False
Y_011496.jpg,train,train,False
Y_011498.jpg,train,train,False
Y_011499.jpg,train,train,False
Y_011500.jpg,train,train,False
Y_011502.jpg,train,train,False
Y_011505.jpg,train,train,False
Y_011508.jpg,train,train,False
Y_011511.jpg,train,train,False
Y_011513.jpg,train,train,False
Y_011514.jpg,train,train,False
Y_011519.jpg,train,train,False
Y_011521.jpg,train,train,False
Y_011524.jpg,train,train,False
Y_011526.jpg,train,train,False
Y_011527.jpg,train,train,False
Y_011528.jpg,train,train,False
Y_011529.jpg,train,train,False
Y_011532.jpg,train,train,False
Y_011533.jpg,train,train,False
Y_011534.jpg,train,train,False
Y_011536.jpg,train,train,False
Y_011538.jpg,train,train,False
Y_011542.jpg,train,train,False
Y_011544.jpg,val,val,False
Y_011549.jpg,train,train,False
Y_011550.jpg,train,train,False
Y_011551.jpg,train,train,False
Y_011554.jpg,train,train,False
Y_011561.jpg,train,train,False
Y_011563.jpg,train,train,False
Y_011565.jpg,train,train,False
Y_011569.jpg,train,train,False
Y_011570.jpg,train,train,False
Y_011571.jpg,train,train,False
Y_011573.jpg,train,train,False
Y_011575.jpg,train,train,False
Y_011577.jpg,train,train,False
Y_011580.jpg,train,train,False
Y_011581.jpg,train,train,False
Y_011584.jpg,train,train,False
Y_011585.jpg,val,val,False
Y_011593.jpg,train,train,False
Y_011594.jpg,train,train,False
Y_011614.jpg,val,val,False
Y_011621.jpg,train,train,False
Y_011626.jpg,train,train,False
Y_011627.jpg,train,train,False
Y_011633.jpg,train,train,False
Y_011640.jpg,train,train,False
Y_011643.jpg,val,val,False
Y_011649.jpg,train,train,False
Y_011654.jpg,train,train,False
Y_011655.jpg,train,train,False
Y_011657.jpg,train,train,False
Y_011659.jpg,val,val,False
Y_011660.jpg,train,train,False
Y_011666.jpg,train,train,False
Y_011668.jpg,train,train,False
Y_011669.jpg,train,train,False
Y_011674.jpg,train,train,False
Y_011675.jpg,val,val,False
Y_011677.jpg,train,train,False
Y_011680.jpg,train,train,False
Y_011681.jpg,train,train,False
Y_011682.jpg,train,train,False
Y_011683.jpg,train,train,False
Y_011686.jpg,train,train,False
Y_011693.jpg,train,train,False
Y_011694.jpg,train,train,False
Y_011704.jpg,val,val,False
Y_011711.jpg,train,train,False
Y_011712.jpg,train,train,False
Y_011713.jpg,val,val,False
Y_011714.jpg,train,train,False
Y_011715.jpg,train,train,False
Y_011716.jpg,val,val,False
Y_011717.jpg,val,val,False
Y_011719.jpg,train,train,False
Y_011722.jpg,train,train,False
Y_011723.jpg,train,train,False
Y_011724.jpg,train,train,False
Y_011728.jpg,train,train,False
Y_011747.jpg,train,train,False
Y_011748.jpg,train,train,False
Y_011750.jpg,train,train,False
Y_011752.jpg,train,train,False
Y_011759.jpg,train,train,False
Y_011760.jpg,train,train,False
Y_011761.jpg,val,val,False
Y_011763.jpg,train,train,False
Y_011765.jpg,train,train,False
Y_011767.jpg,train,train,False
Y_011770.jpg,train,train,False
Y_011771.jpg,train,train,False
Y_011776.jpg,train,train,False
Y_011777.jpg,train,train,False
Y_011778.jpg,train,train,False
Y_011779.jpg,train,train,False
Y_011782.jpg,train,train,False
Y_011783.jpg,train,train,False
Y_011789.jpg,train,train,False
Y_011790.jpg,train,train,False
Y_011791.jpg,train,train,False
Y_011792.jpg,train,train,False
Y_011793.jpg,val,val,False
Y_011799.jpg,train,train,False
Y_011800.jpg,train,train,False
Y_011801.jpg,train,train,False
Y_011859.jpg,train,train,False
Y_011861.jpg,train,train,False
Y_011988.jpg,train,train,False
Y_011989.jpg,val,val,False
Y_011995.jpg,train,train,False
Y_011999.jpg,train,train,False
Y_012145.jpg,train,train,False
