method,image,prediction_count,incorrect_predictions,crop_risk,referral_eligible
raw_confidence_risk,images/train/0006194.jpg,3,2,0.9585874639451504,True
raw_confidence_risk,images/train/0045408.jpg,10,9,0.9893418634310365,True
raw_confidence_risk,images/train/0048868.jpg,9,8,0.9894765419885516,True
raw_confidence_risk,images/train/0058380.jpg,1,0,0.17974603176116943,True
raw_confidence_risk,images/train/0059120.jpg,6,5,0.9837085139006376,True
raw_confidence_risk,images/train/0061887.jpg,2,1,0.812585860490799,True
raw_confidence_risk,images/train/0061956.jpg,18,15,0.9898564787581563,True
raw_confidence_risk,images/train/0061974.jpg,17,14,0.9882979607209563,True
raw_confidence_risk,images/train/0063023.jpg,1,0,0.1282438039779663,True
raw_confidence_risk,images/train/0063030.jpg,3,2,0.9876722516492009,True
raw_confidence_risk,images/train/0063118.jpg,18,14,0.9892263086512685,True
raw_confidence_risk,images/train/0065376.jpg,6,5,0.9806314129382372,True
raw_confidence_risk,images/train/0065596.jpg,2,1,0.9659672491252422,True
raw_confidence_risk,images/train/0065902.jpg,10,8,0.9890436371788383,True
raw_confidence_risk,images/train/0065939.jpg,7,5,0.9898785352706909,True
raw_confidence_risk,images/train/0065943.jpg,5,4,0.9647181034088135,True
raw_confidence_risk,images/train/0065947.jpg,4,2,0.9829164370894432,True
raw_confidence_risk,images/train/0065977.jpg,3,2,0.9888678239658475,True
raw_confidence_risk,images/train/0066130.jpg,19,17,0.9894184740260243,True
raw_confidence_risk,images/train/0067329.jpg,1,0,0.1766066551208496,True
raw_confidence_risk,images/train/0067993.jpg,3,2,0.9703359305858612,True
raw_confidence_risk,images/train/0068026.jpg,3,2,0.9793568514287472,True
raw_confidence_risk,images/train/0068071.jpg,4,3,0.9885836569592357,True
raw_confidence_risk,images/train/0068096.jpg,5,4,0.9889327995479107,True
raw_confidence_risk,images/train/0068728.jpg,6,6,0.9289408922195435,True
raw_confidence_risk,images/train/0069406.jpg,15,11,0.9896929254755378,True
raw_confidence_risk,images/train/0072520.jpg,2,1,0.9893605168908834,True
raw_confidence_risk,images/train/0075059.jpg,4,3,0.9861256889998913,True
raw_confidence_risk,images/train/0079911.jpg,2,0,0.3036930561065674,True
raw_confidence_risk,images/train/0080268.jpg,1,0,0.15514010190963745,True
raw_confidence_risk,images/train/0084218.jpg,5,4,0.9885352356359363,True
raw_confidence_risk,images/train/0093085.jpg,2,1,0.9795847777277231,True
raw_confidence_risk,images/train/0097802.jpg,10,9,0.9898918233811855,True
raw_confidence_risk,images/train/0098796.jpg,2,1,0.9639137424528599,True
raw_confidence_risk,images/train/0100794.jpg,3,2,0.933104895055294,True
raw_confidence_risk,images/train/0105983.jpg,1,0,0.2854499816894531,True
raw_confidence_risk,images/train/0106237.jpg,2,1,0.48824429512023926,True
raw_confidence_risk,images/train/0107314.jpg,18,15,0.9899194445461035,True
raw_confidence_risk,images/train/0107421.jpg,9,8,0.9873782135546207,True
raw_confidence_risk,images/train/0108219.jpg,1,0,0.23728030920028687,True
raw_confidence_risk,images/train/0108367.jpg,3,2,0.8297048211097717,True
raw_confidence_risk,images/train/0124142.jpg,5,4,0.9895476074889302,True
raw_confidence_risk,images/train/0149825.jpg,1,0,0.8350593000650406,True
raw_confidence_risk,images/train/0223193.jpg,2,1,0.986803837120533,True
raw_confidence_risk,images/train/0223464.jpg,7,6,0.9899569181725383,True
raw_confidence_risk,images/train/0273269.jpg,3,2,0.9898603800684214,True
raw_confidence_risk,images/train/0335581.jpg,2,1,0.988851198926568,True
raw_confidence_risk,images/train/0341843.jpg,2,1,0.9894411647692323,True
raw_confidence_risk,images/train/0344893.jpg,18,17,0.9898299779742956,True
raw_confidence_risk,images/train/0344980.jpg,1,0,0.20884519815444946,True
raw_confidence_risk,images/train/0344995.jpg,12,11,0.9898750958964229,True
raw_confidence_risk,images/train/0345170.jpg,3,2,0.9835948292165995,True
raw_confidence_risk,images/train/0352319.jpg,13,12,0.9876300990581512,True
raw_confidence_risk,images/train/0357225.jpg,43,41,0.9899927563965321,True
raw_confidence_risk,images/train/0370467.jpg,18,17,0.9898090651258826,True
raw_confidence_risk,images/train/0370597.jpg,8,7,0.9883819799870253,True
raw_confidence_risk,images/train/0370611.jpg,6,5,0.9773511122912169,True
raw_confidence_risk,images/train/0370652.jpg,2,1,0.9777157045900822,True
raw_confidence_risk,images/val/0370676.jpg,1,0,0.14068758487701416,True
raw_confidence_risk,images/train/0371737.jpg,15,13,0.989922946318984,True
raw_confidence_risk,images/train/0372822.jpg,4,3,0.9850979205220938,True
raw_confidence_risk,images/train/0373458.jpg,1,0,0.11074626445770264,True
raw_confidence_risk,images/train/0373538.jpg,4,3,0.9794452451169491,True
raw_confidence_risk,images/train/0373725.jpg,8,7,0.9894575122743845,True
raw_confidence_risk,images/train/0373938.jpg,1,0,0.16005349159240723,True
raw_confidence_risk,images/train/0374232.jpg,1,0,0.25139832496643066,True
raw_confidence_risk,images/train/0374307.jpg,6,4,0.9890383239835501,True
raw_confidence_risk,images/train/0374722.jpg,1,0,0.11298847198486328,True
raw_confidence_risk,images/train/0374773.jpg,6,5,0.9833823796361685,True
raw_confidence_risk,images/train/0374823.jpg,22,15,0.9879689626395702,True
raw_confidence_risk,images/train/0375514.jpg,5,4,0.9876757925376296,True
raw_confidence_risk,images/train/0375522.jpg,2,1,0.97970518656075,True
raw_confidence_risk,images/train/0375527.jpg,7,6,0.9873661193996668,True
raw_confidence_risk,images/train/0376073.jpg,8,7,0.9880101503804326,True
raw_confidence_risk,images/train/0376357.jpg,1,0,0.23270732164382935,True
raw_confidence_risk,images/train/0376375.jpg,12,11,0.9895832790061831,True
raw_confidence_risk,images/train/0376450.jpg,22,20,0.9885007003322244,True
raw_confidence_risk,images/train/0377363.jpg,7,6,0.9882599972188473,True
raw_confidence_risk,images/train/0377507.jpg,29,28,0.9894561637192965,True
raw_confidence_risk,images/train/0377739.jpg,1,0,0.17381691932678223,True
raw_confidence_risk,images/train/0377845.jpg,34,31,0.9893941301852465,True
raw_confidence_risk,images/train/0378117.jpg,4,3,0.988270703703165,True
raw_confidence_risk,images/train/0378183.jpg,2,1,0.9813037272542715,True
raw_confidence_risk,images/train/0378723.jpg,5,4,0.9872962767258286,True
raw_confidence_risk,images/train/0378737.jpg,3,2,0.9692882653325796,True
raw_confidence_risk,images/train/0390841.jpg,1,0,0.282243549823761,True
raw_confidence_risk,images/train/0390881.jpg,2,1,0.9714852161705494,True
raw_confidence_risk,images/train/0390915.jpg,1,0,0.12197095155715942,True
raw_confidence_risk,images/train/0390929.jpg,1,0,0.12798064947128296,True
raw_confidence_risk,images/train/0392410.jpg,5,4,0.9892651317641139,True
raw_confidence_risk,images/train/0392531.jpg,18,12,0.9898971505463123,True
raw_confidence_risk,images/train/0394635.jpg,1,0,0.2183701992034912,True
raw_confidence_risk,images/train/03947.jpg,1,0,0.24643361568450928,True
raw_confidence_risk,images/train/0395903.jpg,7,5,0.9886172646656632,True
raw_confidence_risk,images/train/0396118.jpg,2,1,0.9849538374692202,True
raw_confidence_risk,images/train/0396126.jpg,1,0,0.1099170446395874,True
raw_confidence_risk,images/train/0396128.jpg,2,1,0.9767936635762453,True
raw_confidence_risk,images/train/0398670.jpg,11,10,0.9888605941087008,True
raw_confidence_risk,images/train/0399260.jpg,8,7,0.9724136181175709,True
raw_confidence_risk,images/train/0399701.jpg,13,12,0.9890940161421895,True
raw_confidence_risk,images/train/0404763.jpg,1,0,0.34978604316711426,True
raw_confidence_risk,images/train/0406416.jpg,7,7,0.9856106322258711,True
raw_confidence_risk,images/train/0407749.jpg,20,19,0.9896386126056314,True
raw_confidence_risk,images/train/0409436.jpg,13,12,0.9856954598799348,True
raw_confidence_risk,images/train/0413982.jpg,2,1,0.980996910482645,True
raw_confidence_risk,images/train/0416512.jpg,14,10,0.9899038961157203,True
raw_confidence_risk,images/train/0418786.jpg,31,24,0.9899932099506259,True
raw_confidence_risk,images/train/0418788.jpg,77,69,0.9899041010066867,True
raw_confidence_risk,images/train/0419091.jpg,4,3,0.9811882078647614,True
raw_confidence_risk,images/train/0422855.jpg,1,0,0.1816689372062683,True
raw_confidence_risk,images/train/0424339.jpg,1,0,0.28487199544906616,True
raw_confidence_risk,images/train/0430383.jpg,4,3,0.9424903094768524,True
raw_confidence_risk,images/train/0430711.jpg,1,0,0.23520958423614502,True
raw_confidence_risk,images/train/0432245.jpg,21,20,0.9899321459233761,True
raw_confidence_risk,images/train/1005_data.jpg,10,9,0.9891220945864916,True
raw_confidence_risk,images/train/1011_data.jpg,20,17,0.9884207816794515,True
raw_confidence_risk,images/train/1084_data.jpg,11,10,0.9855484683066607,True
raw_confidence_risk,images/train/11097.jpg,11,7,0.9899720484390855,True
raw_confidence_risk,images/train/1183_data.jpg,4,4,0.9882476590573788,True
raw_confidence_risk,images/train/1212_data.jpg,1,0,0.23565071821212769,True
raw_confidence_risk,images/train/1332_data.jpg,1,0,0.15358394384384155,True
raw_confidence_risk,images/train/1334_data.jpg,2,1,0.9833466149866581,True
raw_confidence_risk,images/train/1337_data.jpg,3,2,0.9885081453248858,True
raw_confidence_risk,images/train/1347_data.jpg,14,13,0.9854896375909448,True
raw_confidence_risk,images/train/1425_data.jpg,3,2,0.988667375408113,True
raw_confidence_risk,images/train/14609.jpg,8,7,0.9887608978897333,True
raw_confidence_risk,images/train/2369_data.jpg,10,0,0.24908214807510376,True
raw_confidence_risk,images/train/2373_data.jpg,25,17,0.9899956528097391,True
raw_confidence_risk,images/train/546_data.jpg,12,11,0.9893589913845062,True
raw_confidence_risk,images/train/AAA (2).jpg,5,4,0.980556957423687,True
raw_confidence_risk,images/train/AAA (3).jpg,11,10,0.9898117836564779,True
raw_confidence_risk,images/train/E_002011.jpg,5,0,0.12793445587158203,True
raw_confidence_risk,images/train/E_003318.jpg,7,6,0.9876723326742649,True
raw_confidence_risk,images/train/E_003329.jpg,1,0,0.17070889472961426,True
raw_confidence_risk,images/train/E_003341.jpg,3,2,0.9895646087825298,True
raw_confidence_risk,images/train/E_003363.jpg,6,3,0.9829795677214861,True
raw_confidence_risk,images/train/E_003365.jpg,26,20,0.9897882035002112,True
raw_confidence_risk,images/train/E_003378.jpg,3,2,0.9870518399402499,True
raw_confidence_risk,images/train/E_003380.jpg,46,35,0.9888515081256628,True
raw_confidence_risk,images/train/E_003394.jpg,1,0,0.26169097423553467,True
raw_confidence_risk,images/train/E_003395.jpg,18,15,0.9884451078251004,True
raw_confidence_risk,images/train/E_003433.jpg,1,0,0.14217889308929443,True
raw_confidence_risk,images/train/E_003434.jpg,7,6,0.9862673133611679,True
raw_confidence_risk,images/train/E_003442.jpg,6,5,0.986354997381568,True
raw_confidence_risk,images/train/E_003452.jpg,37,33,0.9898529490455985,True
raw_confidence_risk,images/train/E_003453.jpg,26,23,0.9899154510349035,True
raw_confidence_risk,images/train/E_003459.jpg,38,28,0.9893670147284865,True
raw_confidence_risk,images/train/E_003460.jpg,24,18,0.9893507100641727,True
raw_confidence_risk,images/train/E_003464.jpg,8,7,0.989967598579824,True
raw_confidence_risk,images/train/E_003493.jpg,7,2,0.9899690942838788,True
raw_confidence_risk,images/train/E_003545.jpg,3,2,0.9879234805703163,True
raw_confidence_risk,images/train/E_003547.jpg,43,39,0.9898523166775703,True
raw_confidence_risk,images/train/E_003551.jpg,2,1,0.9878586074337363,True
raw_confidence_risk,images/train/E_003566.jpg,1,0,0.2294762134552002,True
raw_confidence_risk,images/train/E_003585.jpg,4,3,0.9896996943280101,True
raw_confidence_risk,images/train/E_003595.jpg,4,3,0.9899000590667129,True
raw_confidence_risk,images/train/E_003601.jpg,13,12,0.9883958250284195,True
raw_confidence_risk,images/train/E_003615.jpg,2,1,0.7208024263381958,True
raw_confidence_risk,images/train/E_003623.jpg,9,7,0.9893314866349101,True
raw_confidence_risk,images/train/E_003657.jpg,2,1,0.6194733083248138,True
raw_confidence_risk,images/train/E_003840.jpg,5,2,0.9749163575470448,True
raw_confidence_risk,images/train/E_005148.jpg,13,12,0.9866359205916524,True
raw_confidence_risk,images/train/E_005498.jpg,17,16,0.9896211083978415,True
raw_confidence_risk,images/train/E_007424.jpg,3,2,0.8786515891551971,True
raw_confidence_risk,images/train/E_010343.jpg,2,1,0.8886840492486954,True
raw_confidence_risk,images/train/E_011129.jpg,17,14,0.9828203450888395,True
raw_confidence_risk,images/train/E_012618.jpg,2,2,0.9892217693850398,True
raw_confidence_risk,images/train/S_10004166.jpg,1,0,0.2612711191177368,True
raw_confidence_risk,images/train/S_10004278.jpg,5,4,0.9898022040724754,True
raw_confidence_risk,images/train/S_10004587.jpg,4,2,0.9886106252670288,True
raw_confidence_risk,images/train/S_10004896.jpg,8,7,0.9845832092687488,True
raw_confidence_risk,images/train/S_10005140.jpg,1,0,0.18825405836105347,True
raw_confidence_risk,images/train/S_10005602.jpg,9,8,0.9896833430975676,True
raw_confidence_risk,images/train/S_10007295.jpg,1,0,0.3357592821121216,True
raw_confidence_risk,images/train/S_10009551.jpg,11,10,0.9882551562041044,True
raw_confidence_risk,images/train/S_10009966.jpg,13,11,0.9874515580013394,True
raw_confidence_risk,images/train/S_10010112.jpg,1,0,0.2447575330734253,True
raw_confidence_risk,images/train/S_10010598.jpg,1,0,0.19143998622894287,True
raw_confidence_risk,images/train/S_10011982.jpg,16,15,0.9888281663879752,True
raw_confidence_risk,images/train/S_10012851.jpg,9,8,0.9838677868247032,True
raw_confidence_risk,images/train/S_10014378.jpg,1,0,0.17116618156433105,True
raw_confidence_risk,images/train/S_10014938.jpg,1,0,0.15080708265304565,True
raw_confidence_risk,images/train/S_10026888.jpg,2,1,0.9831017050892115,True
raw_confidence_risk,images/train/S_10028597.jpg,16,15,0.9891199450939894,True
raw_confidence_risk,images/train/S_10028796.jpg,11,10,0.987605013884604,True
raw_confidence_risk,images/train/S_10028829.jpg,1,0,0.35606592893600464,True
raw_confidence_risk,images/train/S_10029106.jpg,22,18,0.9889067215844989,True
raw_confidence_risk,images/train/S_10029348.jpg,8,5,0.986419165506959,True
raw_confidence_risk,images/train/S_10031044.jpg,2,1,0.9829621911048889,True
raw_confidence_risk,images/train/S_10031230.jpg,2,1,0.8164373189210892,True
raw_confidence_risk,images/train/S_10031704.jpg,4,3,0.987881856970489,True
raw_confidence_risk,images/train/S_10036032.jpg,5,4,0.9871840290725231,True
raw_confidence_risk,images/train/S_10037262.jpg,2,1,0.9874400962144136,True
raw_confidence_risk,images/train/S_10037373.jpg,5,4,0.9761599451303482,True
raw_confidence_risk,images/train/S_10059391.jpg,20,14,0.9892773078754544,True
raw_confidence_risk,images/train/S_10059420.jpg,1,0,0.16128653287887573,True
raw_confidence_risk,images/train/S_10060033.jpg,8,7,0.989851919002831,True
raw_confidence_risk,images/train/S_10061742.jpg,9,8,0.989578677341342,True
raw_confidence_risk,images/train/S_10061748.jpg,3,2,0.9762508235871792,True
raw_confidence_risk,images/train/S_10061753.jpg,9,8,0.9898851066827774,True
raw_confidence_risk,images/train/S_10067633.jpg,1,0,0.10466426610946655,True
raw_confidence_risk,images/train/S_10070699.jpg,18,17,0.989596183411777,True
raw_confidence_risk,images/train/S_10075550.jpg,12,11,0.9890357851982117,True
raw_confidence_risk,images/train/S_10082101.jpg,17,16,0.9895771769806743,True
raw_confidence_risk,images/train/S_10096816.jpg,4,3,0.9855724684894085,True
raw_confidence_risk,images/train/S_10097101.jpg,4,2,0.9859734158962965,True
raw_confidence_risk,images/train/S_10097169.jpg,4,3,0.9894210593774915,True
raw_confidence_risk,images/train/S_10099360.jpg,19,17,0.9882658217102289,True
raw_confidence_risk,images/train/S_10099985.jpg,3,2,0.9869309067726135,True
raw_confidence_risk,images/train/S_10100614.jpg,27,22,0.9878426408395171,True
raw_confidence_risk,images/train/S_10100963.jpg,5,4,0.9866196643561125,True
raw_confidence_risk,images/train/S_10101052.jpg,25,25,0.9899615151807666,True
raw_confidence_risk,images/train/S_10101439.jpg,3,3,0.9789939969778061,True
raw_confidence_risk,images/train/S_10103461.jpg,5,4,0.9873827816918492,True
raw_confidence_risk,images/train/S_10103773.jpg,11,10,0.9873843332752585,True
raw_confidence_risk,images/train/S_10106427.jpg,37,33,0.9898242922499776,True
raw_confidence_risk,images/train/S_10106812.jpg,20,19,0.9896943802013993,True
raw_confidence_risk,images/train/S_10136790.jpg,12,9,0.9882177384570241,True
raw_confidence_risk,images/train/S_10139323.jpg,8,7,0.9897255133837461,True
raw_confidence_risk,images/train/S_10157805.jpg,3,2,0.9857982713729143,True
raw_confidence_risk,images/train/S_10175668.jpg,2,2,0.8754910230636597,True
raw_confidence_risk,images/train/S_10194624.jpg,17,16,0.9896526355296373,True
raw_confidence_risk,images/train/S_10216665.jpg,1,0,0.21933162212371826,True
raw_confidence_risk,images/train/S_10224035.jpg,12,11,0.9882992627099156,True
raw_confidence_risk,images/train/S_10254420.jpg,1,0,0.32531291246414185,True
raw_confidence_risk,images/train/S_10254693.jpg,24,20,0.9883628003299236,True
raw_confidence_risk,images/train/S_10271957.jpg,1,0,0.11862963438034058,True
raw_confidence_risk,images/train/S_10274980.jpg,5,3,0.9643009267747402,True
raw_confidence_risk,images/train/S_10277863.jpg,2,1,0.7719772458076477,True
raw_confidence_risk,images/train/S_10277986.jpg,2,1,0.8325606137514114,True
raw_confidence_risk,images/train/S_10278330.jpg,5,4,0.9876728905364871,True
raw_confidence_risk,images/train/S_10279487.jpg,25,22,0.9890570025891066,True
raw_confidence_risk,images/train/S_10279712.jpg,2,1,0.9862158801406622,True
raw_confidence_risk,images/train/S_10279717.jpg,2,1,0.9880559705197811,True
raw_confidence_risk,images/train/S_10281966.jpg,3,2,0.9675451219081879,True
raw_confidence_risk,images/train/S_10282343.jpg,5,3,0.9892698200419545,True
raw_confidence_risk,images/train/S_10284683.jpg,1,0,0.10175997018814087,True
raw_confidence_risk,images/train/S_10284985.jpg,3,2,0.9873793954029679,True
raw_confidence_risk,images/train/S_10288588.jpg,2,1,0.9880157699808478,True
raw_confidence_risk,images/train/S_10289526.jpg,5,5,0.9880747450515628,True
raw_confidence_risk,images/train/S_10292442.jpg,4,3,0.9829837623983622,True
raw_confidence_risk,images/train/S_10292867.jpg,2,1,0.9356551766395569,True
raw_confidence_risk,images/train/S_10294124.jpg,14,13,0.9898903481662273,True
raw_confidence_risk,images/train/S_10302423.jpg,1,0,0.3383975625038147,True
raw_confidence_risk,images/train/S_10303427.jpg,2,1,0.971724234521389,True
raw_confidence_risk,images/train/S_10306026.jpg,3,2,0.9867071444168687,True
raw_confidence_risk,images/train/S_10307242.jpg,3,2,0.9842592123895884,True
raw_confidence_risk,images/train/S_10307954.jpg,2,1,0.9168214201927185,True
raw_confidence_risk,images/train/S_10309209.jpg,5,2,0.9733196850866079,True
raw_confidence_risk,images/train/S_10309738.jpg,8,7,0.983161086216569,True
raw_confidence_risk,images/train/S_10310253.jpg,9,6,0.9878336768597364,True
raw_confidence_risk,images/train/S_10310254.jpg,9,6,0.9849559003487229,True
raw_confidence_risk,images/train/S_10310413.jpg,12,11,0.9858167031779885,True
raw_confidence_risk,images/train/S_10310459.jpg,2,0,0.7104091942310333,True
raw_confidence_risk,images/train/S_10310620.jpg,5,3,0.9878901885822415,True
raw_confidence_risk,images/train/S_10311760.jpg,12,7,0.979929843917489,True
raw_confidence_risk,images/train/S_10312068.jpg,3,2,0.9869860215112567,True
raw_confidence_risk,images/train/S_10317012.jpg,26,24,0.9894008217379451,True
raw_confidence_risk,images/train/S_10329964.jpg,10,9,0.9892259985208511,True
raw_confidence_risk,images/train/S_10331308.jpg,4,3,0.9859960833564401,True
raw_confidence_risk,images/train/S_10337526.jpg,9,6,0.9708267990499735,True
raw_confidence_risk,images/train/S_10337527.jpg,11,8,0.9629899151623249,True
raw_confidence_risk,images/train/S_10337984.jpg,13,11,0.9897688729688525,True
raw_confidence_risk,images/train/S_10338040.jpg,1,0,0.29449528455734253,True
raw_confidence_risk,images/train/S_10340756.jpg,3,2,0.9590303041040897,True
raw_confidence_risk,images/train/S_10347002.jpg,1,0,0.2544718384742737,True
raw_confidence_risk,images/train/S_10347086.jpg,4,2,0.9888181742280722,True
raw_confidence_risk,images/train/S_10347146.jpg,5,4,0.9899372821673751,True
raw_confidence_risk,images/train/S_10368444.jpg,7,6,0.9877787670120597,True
raw_confidence_risk,images/train/S_10369701.jpg,10,9,0.9887539017945528,True
raw_confidence_risk,images/train/S_10370027.jpg,1,0,0.35558825731277466,True
raw_confidence_risk,images/train/S_10370075.jpg,11,10,0.989179234020412,True
raw_confidence_risk,images/train/S_10376042.jpg,5,4,0.9744073301553726,True
raw_confidence_risk,images/train/S_10376045.jpg,8,7,0.9875215692445636,True
raw_confidence_risk,images/train/S_10376280.jpg,1,0,0.13257139921188354,True
raw_confidence_risk,images/train/S_10376917.jpg,1,0,0.23357045650482178,True
raw_confidence_risk,images/train/S_10377758.jpg,1,0,0.22571319341659546,True
raw_confidence_risk,images/train/S_10377815.jpg,5,4,0.975074028596282,True
raw_confidence_risk,images/train/S_10377816.jpg,1,0,0.23240500688552856,True
raw_confidence_risk,images/train/S_10377838.jpg,3,2,0.9867749689146876,True
raw_confidence_risk,images/train/S_10377865.jpg,1,0,0.31837356090545654,True
raw_confidence_risk,images/train/S_10377880.jpg,1,0,0.3923516273498535,True
raw_confidence_risk,images/train/S_10377882.jpg,1,0,0.3096184730529785,True
raw_confidence_risk,images/train/S_10377991.jpg,4,3,0.9896379671990871,True
raw_confidence_risk,images/train/S_10378746.jpg,1,0,0.187636137008667,True
raw_confidence_risk,images/train/S_10380457.jpg,6,5,0.9880102695897222,True
raw_confidence_risk,images/train/S_10384280.jpg,3,2,0.9814631845802069,True
raw_confidence_risk,images/train/S_10390016.jpg,1,0,0.26270586252212524,True
raw_confidence_risk,images/train/S_10390043.jpg,3,2,0.9723442420363426,True
raw_confidence_risk,images/train/S_10396713.jpg,1,0,0.19475841522216797,True
raw_confidence_risk,images/train/S_10396758.jpg,2,0,0.24899059534072876,True
raw_confidence_risk,images/train/S_10401335.jpg,1,0,0.4594062566757202,True
raw_confidence_risk,images/train/S_10416752.jpg,10,9,0.9896707944571972,True
raw_confidence_risk,images/train/S_10428857.jpg,2,1,0.9760969448834658,True
raw_confidence_risk,images/train/S_10428881.jpg,15,11,0.9826432205736637,True
raw_confidence_risk,images/train/S_10428913.jpg,13,8,0.988436390645802,True
raw_confidence_risk,images/train/S_10433105.jpg,1,0,0.1523008942604065,True
raw_confidence_risk,images/train/S_10433106.jpg,17,12,0.9883388914167881,True
raw_confidence_risk,images/train/S_10440800.jpg,1,0,0.3162364363670349,True
raw_confidence_risk,images/train/S_10441594.jpg,5,4,0.9874673886224627,True
raw_confidence_risk,images/train/S_10450803.jpg,7,6,0.9894967945292592,True
raw_confidence_risk,images/train/S_10462662.jpg,6,5,0.9887606333941221,True
raw_confidence_risk,images/train/S_10464973.jpg,3,2,0.9858374372124672,True
raw_confidence_risk,images/train/S_10466317.jpg,9,7,0.942527960985899,True
raw_confidence_risk,images/train/S_10469174.jpg,1,0,0.19886231422424316,True
raw_confidence_risk,images/train/S_10469185.jpg,39,33,0.9892503088340163,True
raw_confidence_risk,images/train/S_10469188.jpg,34,31,0.9899675836786628,True
raw_confidence_risk,images/train/S_10469205.jpg,1,0,0.26495933532714844,True
raw_confidence_risk,images/train/S_10471123.jpg,6,5,0.9894826216623187,True
raw_confidence_risk,images/train/S_10477139.jpg,13,10,0.9858292052522302,True
raw_confidence_risk,images/train/S_11001682.jpg,1,0,0.34228962659835815,True
raw_confidence_risk,images/train/S_11004843.jpg,40,37,0.9898017225787044,True
raw_confidence_risk,images/train/S_11005068.jpg,1,0,0.12449860572814941,True
raw_confidence_risk,images/train/S_11005095.jpg,8,7,0.9890451515093446,True
raw_confidence_risk,images/train/S_11005138.jpg,1,0,0.4776386022567749,True
raw_confidence_risk,images/train/S_11006753.jpg,13,12,0.987860694527626,True
raw_confidence_risk,images/train/S_11007143.jpg,32,30,0.9892047084867954,True
raw_confidence_risk,images/train/S_11008865.jpg,8,7,0.987419506534934,True
raw_confidence_risk,images/train/S_11014906.jpg,6,5,0.9893007213249803,True
raw_confidence_risk,images/train/S_11014986.jpg,1,0,0.1987099051475525,True
raw_confidence_risk,images/train/S_11015679.jpg,8,7,0.98993129003793,True
raw_confidence_risk,images/train/S_11016378.jpg,1,0,0.33631616830825806,True
raw_confidence_risk,images/train/S_11016720.jpg,11,10,0.9874902768060565,True
raw_confidence_risk,images/train/S_11018125.jpg,15,12,0.9884676495566964,True
raw_confidence_risk,images/train/S_11022610.jpg,8,7,0.9858188377693295,True
raw_confidence_risk,images/train/S_11023280.jpg,5,4,0.9882394997403026,True
raw_confidence_risk,images/train/S_11023571.jpg,8,7,0.9869132079184055,True
raw_confidence_risk,images/train/S_11024618.jpg,1,0,0.37043488025665283,True
raw_confidence_risk,images/train/S_11024972.jpg,3,2,0.9857762577012181,True
raw_confidence_risk,images/train/S_11025056.jpg,10,9,0.989594392478466,True
raw_confidence_risk,images/train/S_11029806.jpg,23,21,0.9896547785028815,True
raw_confidence_risk,images/train/S_11030915.jpg,3,2,0.9877865016460419,True
raw_confidence_risk,images/train/S_11031181.jpg,1,0,0.4899067282676697,True
raw_confidence_risk,images/train/S_11031615.jpg,11,10,0.9897492788732052,True
raw_confidence_risk,images/train/S_11031698.jpg,2,1,0.939067367464304,True
raw_confidence_risk,images/train/S_11032503.jpg,2,1,0.9895380390807986,True
raw_confidence_risk,images/train/S_11033373.jpg,8,6,0.9857448851689696,True
raw_confidence_risk,images/train/S_11033390.jpg,13,12,0.9893433721736073,True
raw_confidence_risk,images/train/S_11033605.jpg,11,9,0.9886498115956783,True
raw_confidence_risk,images/train/S_11033921.jpg,9,8,0.9854506170377135,True
raw_confidence_risk,images/train/S_11033932.jpg,3,2,0.989737007766962,True
raw_confidence_risk,images/train/S_11033947.jpg,10,9,0.9885522248223424,True
raw_confidence_risk,images/train/S_11034234.jpg,3,2,0.9879811266437173,True
raw_confidence_risk,images/train/S_11034334.jpg,2,1,0.9714615363627672,True
raw_confidence_risk,images/train/S_11035030.jpg,38,36,0.9899355247616768,True
raw_confidence_risk,images/train/S_11035562.jpg,8,7,0.9899334665387869,True
raw_confidence_risk,images/train/S_11036036.jpg,5,4,0.9875368261709809,True
raw_confidence_risk,images/train/S_11036341.jpg,21,17,0.9895155848935246,True
raw_confidence_risk,images/train/S_11036351.jpg,1,0,0.4012368321418762,True
raw_confidence_risk,images/train/S_11040821.jpg,1,0,0.364793062210083,True
raw_confidence_risk,images/train/S_11041310.jpg,8,7,0.9893221911042929,True
raw_confidence_risk,images/train/S_11041662.jpg,3,2,0.9865728700533509,True
raw_confidence_risk,images/train/S_11041732.jpg,4,3,0.989547848701477,True
raw_confidence_risk,images/train/S_11042446.jpg,10,8,0.9865761417895555,True
raw_confidence_risk,images/train/S_11044002.jpg,11,5,0.9860296752303839,True
raw_confidence_risk,images/train/S_11044070.jpg,4,3,0.9890777543187141,True
raw_confidence_risk,images/train/S_11044923.jpg,3,2,0.9837590716779232,True
raw_confidence_risk,images/train/S_11044937.jpg,2,1,0.9832865595817566,True
raw_confidence_risk,images/train/S_11046880.jpg,6,5,0.9855565866455436,True
raw_confidence_risk,images/train/S_11046881.jpg,2,1,0.985581761226058,True
raw_confidence_risk,images/train/S_11047139.jpg,2,1,0.9750187322497368,True
raw_confidence_risk,images/train/S_11047359.jpg,1,0,0.32820701599121094,True
raw_confidence_risk,images/train/S_11047636.jpg,7,6,0.9899234687909484,True
raw_confidence_risk,images/train/S_11048124.jpg,2,1,0.8426962196826935,True
raw_confidence_risk,images/val/S_11048199.jpg,2,1,0.8119898289442062,True
raw_confidence_risk,images/train/S_11048224.jpg,1,0,0.3165075182914734,True
raw_confidence_risk,images/train/S_11048293.jpg,3,2,0.9892764482647181,True
raw_confidence_risk,images/train/S_11049121.jpg,2,1,0.9063728302717209,True
raw_confidence_risk,images/train/S_11049458.jpg,1,0,0.3509525656700134,True
raw_confidence_risk,images/train/S_11049507.jpg,13,11,0.9891397561877966,True
raw_confidence_risk,images/train/S_11049616.jpg,4,3,0.9899699036031961,True
raw_confidence_risk,images/train/S_11049817.jpg,2,1,0.9479486979544163,True
raw_confidence_risk,images/train/S_11050164.jpg,2,1,0.9896372044458985,True
raw_confidence_risk,images/train/S_11050314.jpg,4,3,0.9492776468396187,True
raw_confidence_risk,images/train/S_11065657.jpg,5,4,0.9889157982543111,True
raw_confidence_risk,images/train/S_11065998.jpg,2,1,0.479278028011322,True
raw_confidence_risk,images/train/S_11067266.jpg,5,4,0.9633295275270939,True
raw_confidence_risk,images/train/S_11067589.jpg,16,15,0.9899859558790922,True
raw_confidence_risk,images/train/S_11067885.jpg,2,1,0.8647280931472778,True
raw_confidence_risk,images/train/S_11068304.jpg,6,5,0.987170871347189,True
raw_confidence_risk,images/train/S_11068413.jpg,9,8,0.9879780523478985,True
raw_confidence_risk,images/train/S_11073196.jpg,28,18,0.9894674951210618,True
raw_confidence_risk,images/train/S_11073425.jpg,2,1,0.897429995238781,True
raw_confidence_risk,images/train/S_11073427.jpg,10,9,0.9898862959817052,True
raw_confidence_risk,images/train/S_11074092.jpg,19,15,0.9898005342110991,True
raw_confidence_risk,images/train/S_11074177.jpg,2,1,0.9873886201530695,True
raw_confidence_risk,images/train/S_11075496.jpg,1,0,0.04209542274475098,True
raw_confidence_risk,images/train/S_11075500.jpg,1,0,0.0329325795173645,True
raw_confidence_risk,images/train/S_11080318.jpg,1,0,0.3342474699020386,True
raw_confidence_risk,images/train/S_11080474.jpg,3,2,0.9787211306393147,True
raw_confidence_risk,images/train/S_11080582.jpg,3,2,0.9593484811484814,True
raw_confidence_risk,images/train/S_11080610.jpg,24,16,0.9886178122833371,True
raw_confidence_risk,images/train/S_11081148.jpg,12,2,0.9851180668920279,True
raw_confidence_risk,images/train/S_11082711.jpg,1,0,0.4143787622451782,True
raw_confidence_risk,images/train/S_11082769.jpg,2,1,0.9896842539310455,True
raw_confidence_risk,images/train/S_11082913.jpg,26,22,0.9894307479262352,True
raw_confidence_risk,images/train/S_11082983.jpg,24,13,0.9883611984550953,True
raw_confidence_risk,images/train/S_11082995.jpg,31,20,0.9877789104357362,True
raw_confidence_risk,images/train/S_11083351.jpg,26,22,0.9899532487615943,True
raw_confidence_risk,images/train/S_11083897.jpg,7,3,0.9858530014753342,True
raw_confidence_risk,images/train/S_11085001.jpg,8,7,0.9890773678198457,True
raw_confidence_risk,images/train/S_11085137.jpg,3,2,0.9897811794653535,True
raw_confidence_risk,images/train/S_11086625.jpg,27,21,0.9888227535411716,True
raw_confidence_risk,images/train/S_11087107.jpg,4,3,0.9898851597681642,True
raw_confidence_risk,images/train/S_11087606.jpg,3,3,0.9874888993799686,True
raw_confidence_risk,images/train/S_11099280.jpg,2,1,0.9892119225114584,True
raw_confidence_risk,images/train/S_11100317.jpg,1,0,0.1956499218940735,True
raw_confidence_risk,images/train/S_11103429.jpg,2,1,0.9494512602686882,True
raw_confidence_risk,images/train/S_11111874.jpg,7,6,0.9889414170756936,True
raw_confidence_risk,images/train/S_11124098.jpg,8,7,0.987015345133841,True
raw_confidence_risk,images/train/S_11129363.jpg,4,3,0.9882501298561692,True
raw_confidence_risk,images/train/S_11129719.jpg,1,0,0.33935773372650146,True
raw_confidence_risk,images/train/S_11130745.jpg,25,24,0.9871532926335931,True
raw_confidence_risk,images/train/S_11144373.jpg,1,0,0.11547833681106567,True
raw_confidence_risk,images/train/S_11144675.jpg,9,7,0.9899057783186436,True
raw_confidence_risk,images/train/S_11144941.jpg,1,0,0.3338955044746399,True
raw_confidence_risk,images/train/S_11146111.jpg,1,0,0.4164603352546692,True
raw_confidence_risk,images/train/S_11153395.jpg,1,0,0.0894930362701416,True
raw_confidence_risk,images/train/S_11153550.jpg,56,51,0.98949552513659,True
raw_confidence_risk,images/train/S_11153597.jpg,38,32,0.9893971458077431,True
raw_confidence_risk,images/train/S_11153773.jpg,30,25,0.9891421990469098,True
raw_confidence_risk,images/train/S_11153784.jpg,25,22,0.9888527281582355,True
raw_confidence_risk,images/train/S_11154027.jpg,20,16,0.9876733478158712,True
raw_confidence_risk,images/train/S_11154125.jpg,4,2,0.9796514473855495,True
raw_confidence_risk,images/train/S_11155393.jpg,4,3,0.9883666941896081,True
raw_confidence_risk,images/train/S_11155523.jpg,8,5,0.9881719630211592,True
raw_confidence_risk,images/train/S_11157565.jpg,35,34,0.9898020355030894,True
raw_confidence_risk,images/train/S_11157810.jpg,8,7,0.9884205590933561,True
raw_confidence_risk,images/train/S_11158153.jpg,5,4,0.9732739012688398,True
raw_confidence_risk,images/train/S_11158596.jpg,2,1,0.5839577317237854,True
raw_confidence_risk,images/train/S_11158684.jpg,3,2,0.9881786946207285,True
raw_confidence_risk,images/train/S_11171971.jpg,6,5,0.9868216766044497,True
raw_confidence_risk,images/train/S_11197423.jpg,12,11,0.988096178509295,True
raw_confidence_risk,images/train/S_11198594.jpg,2,1,0.583252489566803,True
raw_confidence_risk,images/train/S_11222627.jpg,2,1,0.989907193928957,True
raw_confidence_risk,images/train/S_11232362.jpg,1,0,0.24457472562789917,True
raw_confidence_risk,images/train/S_11232699.jpg,6,5,0.9896793160587549,True
raw_confidence_risk,images/train/S_11234196.jpg,3,2,0.9894293267279863,True
raw_confidence_risk,images/train/S_11234486.jpg,4,3,0.9895477155223489,True
raw_confidence_risk,images/train/S_11348810.jpg,16,15,0.9889383092522621,True
raw_confidence_risk,images/train/S_11350098.jpg,2,1,0.9383144415915012,True
raw_confidence_risk,images/train/S_11350344.jpg,1,0,0.10290980339050293,True
raw_confidence_risk,images/val/S_11350363.jpg,1,0,0.10612398386001587,True
raw_confidence_risk,images/train/S_11350366.jpg,1,0,0.11496841907501221,True
raw_confidence_risk,images/train/S_11350461.jpg,3,2,0.9888421054929495,True
raw_confidence_risk,images/train/S_11351046.jpg,1,0,0.22539103031158447,True
raw_confidence_risk,images/train/S_11352018.jpg,2,1,0.5532158613204956,True
raw_confidence_risk,images/train/S_11370433.jpg,4,3,0.9873036611825228,True
raw_confidence_risk,images/train/S_11379080.jpg,6,4,0.9785129334777594,True
raw_confidence_risk,images/train/S_11384875.jpg,2,1,0.9862656397745013,True
raw_confidence_risk,images/train/S_11462542.jpg,12,7,0.9890543650835752,True
raw_confidence_risk,images/train/S_11462571.jpg,17,13,0.9886085903272033,True
raw_confidence_risk,images/train/S_11462577.jpg,19,16,0.9876615172252059,True
raw_confidence_risk,images/train/S_11462596.jpg,17,14,0.9869384746998549,True
raw_confidence_risk,images/train/S_11462607.jpg,2,1,0.8154157996177673,True
raw_confidence_risk,images/train/S_11462621.jpg,16,12,0.988261740654707,True
raw_confidence_risk,images/train/S_11462658.jpg,21,18,0.9899812657386065,True
raw_confidence_risk,images/train/S_11462659.jpg,8,7,0.9898239420726895,True
raw_confidence_risk,images/train/S_11462685.jpg,15,14,0.986742602661252,True
raw_confidence_risk,images/train/S_11462724.jpg,9,6,0.9872913779690862,True
raw_confidence_risk,images/train/S_11462764.jpg,9,6,0.9891074933111668,True
raw_confidence_risk,images/train/S_11462822.jpg,4,3,0.9872199883684516,True
raw_confidence_risk,images/train/S_11462895.jpg,9,8,0.9899089513346553,True
raw_confidence_risk,images/train/S_11462916.jpg,2,1,0.9864766960963607,True
raw_confidence_risk,images/train/S_11462951.jpg,8,7,0.9836257547140121,True
raw_confidence_risk,images/train/S_11462958.jpg,11,10,0.9871046552434564,True
raw_confidence_risk,images/train/S_11462982.jpg,6,5,0.9890605779364705,True
raw_confidence_risk,images/train/S_11463023.jpg,10,7,0.98882120475173,True
raw_confidence_risk,images/train/S_11463077.jpg,7,6,0.9801272377371788,True
raw_confidence_risk,images/train/S_11463107.jpg,9,7,0.9892279449850321,True
raw_confidence_risk,images/train/S_11463120.jpg,11,7,0.9836483858525753,True
raw_confidence_risk,images/train/S_11463158.jpg,22,16,0.989017398096621,True
raw_confidence_risk,images/train/S_11463177.jpg,11,10,0.9886182053014636,True
raw_confidence_risk,images/train/S_11463209.jpg,13,12,0.9875345015898347,True
raw_confidence_risk,images/train/S_11463233.jpg,7,4,0.9759208895266056,True
raw_confidence_risk,images/train/S_11463274.jpg,3,2,0.9784116558730602,True
raw_confidence_risk,images/train/S_11463386.jpg,5,4,0.9898798065260053,True
raw_confidence_risk,images/train/S_11463393.jpg,18,14,0.9892513891682029,True
raw_confidence_risk,images/train/S_11463538.jpg,11,7,0.988209274597466,True
raw_confidence_risk,images/train/S_11463748.jpg,6,5,0.9899173118174076,True
raw_confidence_risk,images/train/S_11463754.jpg,5,4,0.9870325066149235,True
raw_confidence_risk,images/train/S_11502854.jpg,1,0,0.07851904630661011,True
raw_confidence_risk,images/train/S_11504680.jpg,5,3,0.98614636156708,True
raw_confidence_risk,images/train/S_11504687.jpg,6,5,0.9851639540866017,True
raw_confidence_risk,images/train/S_11504689.jpg,4,3,0.989871964789927,True
raw_confidence_risk,images/train/S_11504692.jpg,8,7,0.9838934596627951,True
raw_confidence_risk,images/train/S_11504730.jpg,1,0,0.10589849948883057,True
raw_confidence_risk,images/train/S_11527151.jpg,1,0,0.1145772933959961,True
raw_confidence_risk,images/train/S_11527526.jpg,9,8,0.9899598909541965,True
raw_confidence_risk,images/train/S_11530791.jpg,15,14,0.9768009055405855,True
raw_confidence_risk,images/train/S_11546130.jpg,15,14,0.9897630475461483,True
raw_confidence_risk,images/train/S_11556071.jpg,1,0,0.2539929151535034,True
raw_confidence_risk,images/train/S_11567832.jpg,2,1,0.8630822151899338,True
raw_confidence_risk,images/train/S_11568376.jpg,4,3,0.9760401397943497,True
raw_confidence_risk,images/train/S_11575845.jpg,18,17,0.989872514270246,True
raw_confidence_risk,images/train/S_11625828.jpg,22,20,0.9871679106727242,True
raw_confidence_risk,images/train/S_11625878.jpg,2,2,0.9696545712649822,True
raw_confidence_risk,images/train/S_11625939.jpg,8,7,0.9882763624191284,True
raw_confidence_risk,images/train/S_11625940.jpg,8,7,0.9875770686194301,True
raw_confidence_risk,images/train/S_11625951.jpg,1,0,0.32783621549606323,True
raw_confidence_risk,images/train/S_11625987.jpg,4,2,0.9886767957359552,True
raw_confidence_risk,images/train/S_11626263.jpg,6,5,0.9887138418853283,True
raw_confidence_risk,images/train/S_11626549.jpg,11,10,0.9842031970620155,True
raw_confidence_risk,images/train/S_11631644.jpg,6,5,0.9874689765274525,True
raw_confidence_risk,images/train/S_11731040.jpg,5,4,0.9843712653964758,True
raw_confidence_risk,images/train/S_11757372.jpg,18,17,0.9896646849811077,True
raw_confidence_risk,images/train/S_11757798.jpg,16,15,0.989317818544805,True
raw_confidence_risk,images/train/S_11759526.jpg,8,7,0.9872677829116583,True
raw_confidence_risk,images/train/S_11759763.jpg,1,0,0.3215436339378357,True
raw_confidence_risk,images/train/S_11759764.jpg,4,3,0.9871282577514648,True
raw_confidence_risk,images/train/S_11760546.jpg,4,3,0.9891618210822344,True
raw_confidence_risk,images/train/S_11760999.jpg,2,1,0.7567655891180038,True
raw_confidence_risk,images/train/S_11762098.jpg,12,9,0.9865056099370122,True
raw_confidence_risk,images/train/S_11762131.jpg,14,12,0.9879120690748096,True
raw_confidence_risk,images/train/S_11767354.jpg,6,5,0.9843153096735477,True
raw_confidence_risk,images/train/S_11767666.jpg,16,12,0.9878272777423263,True
raw_confidence_risk,images/train/S_11768154.jpg,8,7,0.9867223966866732,True
raw_confidence_risk,images/train/S_11768167.jpg,10,9,0.9835544768720865,True
raw_confidence_risk,images/train/S_11768331.jpg,2,1,0.9815430231392384,True
raw_confidence_risk,images/train/S_11769608.jpg,1,0,0.4315561056137085,True
raw_confidence_risk,images/train/S_11769654.jpg,1,0,0.1607854962348938,True
raw_confidence_risk,images/train/S_11833229.jpg,19,11,0.9867264442145824,True
raw_confidence_risk,images/train/S_11833240.jpg,29,18,0.9889570195227861,True
raw_confidence_risk,images/train/S_11833251.jpg,43,21,0.9898738330230117,True
raw_confidence_risk,images/train/S_11833256.jpg,17,6,0.9840481914579868,True
raw_confidence_risk,images/train/S_11833692.jpg,5,4,0.9862308856099844,True
raw_confidence_risk,images/train/S_11833720.jpg,8,7,0.9836903717368841,True
raw_confidence_risk,images/train/S_11833728.jpg,70,56,0.9894972154870629,True
raw_confidence_risk,images/train/S_11833746.jpg,3,2,0.9853730835020542,True
raw_confidence_risk,images/train/S_11833771.jpg,3,2,0.9494967386126518,True
raw_confidence_risk,images/train/S_11833822.jpg,3,2,0.987707189284265,True
raw_confidence_risk,images/train/S_11833826.jpg,9,8,0.9899335661903024,True
raw_confidence_risk,images/train/S_11833831.jpg,1,0,0.29065805673599243,True
raw_confidence_risk,images/train/S_11833869.jpg,5,4,0.9832600615918636,True
raw_confidence_risk,images/train/S_11833927.jpg,6,5,0.9872263297438622,True
raw_confidence_risk,images/train/S_11839267.jpg,9,7,0.9870805367827415,True
raw_confidence_risk,images/train/S_11841301.jpg,11,10,0.9889439046382904,True
raw_confidence_risk,images/train/S_11841488.jpg,66,51,0.9892246471717954,True
raw_confidence_risk,images/train/S_11841613.jpg,67,58,0.9894965570420027,True
raw_confidence_risk,images/train/S_11841616.jpg,86,64,0.9899396942928433,True
raw_confidence_risk,images/train/S_11845538.jpg,45,31,0.9898120667785406,True
raw_confidence_risk,images/train/S_11846750.jpg,24,17,0.9895370276644826,True
raw_confidence_risk,images/train/S_11846978.jpg,46,39,0.9897543182596564,True
raw_confidence_risk,images/train/S_11848321.jpg,36,35,0.9898012606427073,True
raw_confidence_risk,images/train/S_11849023.jpg,6,5,0.987409757450223,True
raw_confidence_risk,images/train/S_11849821.jpg,6,5,0.9874270325526595,True
raw_confidence_risk,images/train/S_11850030.jpg,25,24,0.9893341781571507,True
raw_confidence_risk,images/train/S_11850671.jpg,15,14,0.9869869221001863,True
raw_confidence_risk,images/train/S_11854069.jpg,7,6,0.9896668111905456,True
raw_confidence_risk,images/train/S_11857161.jpg,16,15,0.9862628374248743,True
raw_confidence_risk,images/train/S_11859071.jpg,10,9,0.9863079851493239,True
raw_confidence_risk,images/train/S_11862414.jpg,12,11,0.9896369352936745,True
raw_confidence_risk,images/train/S_11863542.jpg,2,1,0.8509344160556793,True
raw_confidence_risk,images/train/S_11863684.jpg,3,2,0.9877438116818666,True
raw_confidence_risk,images/train/S_11869127.jpg,30,29,0.9897424792870879,True
raw_confidence_risk,images/train/S_11871353.jpg,9,8,0.9897012887522578,True
raw_confidence_risk,images/train/S_11873388.jpg,6,5,0.9866810701787472,True
raw_confidence_risk,images/train/S_11879852.jpg,39,34,0.9882636871188879,True
raw_confidence_risk,images/train/S_11882946.jpg,5,4,0.9894924126565456,True
raw_confidence_risk,images/train/S_11883069.jpg,4,3,0.9885296793654561,True
raw_confidence_risk,images/train/S_11887833.jpg,17,15,0.9892567172646523,True
raw_confidence_risk,images/train/S_11894833.jpg,5,4,0.9878970384597778,True
raw_confidence_risk,images/train/S_11900281.jpg,2,1,0.9328064247965813,True
raw_confidence_risk,images/train/S_11906305.jpg,1,0,0.33397334814071655,True
raw_confidence_risk,images/train/S_11907175.jpg,7,6,0.9823008384555578,True
raw_confidence_risk,images/train/S_11915278.jpg,10,9,0.9898949088528752,True
raw_confidence_risk,images/train/S_11917333.jpg,4,3,0.9887183522805572,True
raw_confidence_risk,images/train/S_11917733.jpg,3,1,0.8053680956363678,True
raw_confidence_risk,images/train/S_11917870.jpg,4,3,0.9895085571333766,True
raw_confidence_risk,images/train/S_11918026.jpg,7,6,0.9867683332413435,True
raw_confidence_risk,images/train/S_11918304.jpg,10,9,0.989558313973248,True
raw_confidence_risk,images/train/S_11918307.jpg,7,6,0.9895221618935466,True
raw_confidence_risk,images/train/S_11918620.jpg,74,66,0.9899671524763107,True
raw_confidence_risk,images/train/S_11919213.jpg,12,10,0.9889028957113624,True
raw_confidence_risk,images/train/S_11920593.jpg,33,28,0.9897452481091022,True
raw_confidence_risk,images/train/S_11922703.jpg,10,9,0.9898309083655477,True
raw_confidence_risk,images/train/S_11922891.jpg,18,16,0.9899916797876358,True
raw_confidence_risk,images/train/S_11924950.jpg,9,7,0.9896976575255394,True
raw_confidence_risk,images/train/S_11925076.jpg,9,7,0.9893962405622005,True
raw_confidence_risk,images/train/S_11926542.jpg,8,7,0.9885259317234159,True
raw_confidence_risk,images/train/S_11928765.jpg,11,10,0.9876698246225715,True
raw_confidence_risk,images/train/S_11930933.jpg,3,2,0.9764204304665327,True
raw_confidence_risk,images/train/S_11931105.jpg,3,2,0.9892346393316984,True
raw_confidence_risk,images/train/S_11934517.jpg,3,2,0.9710227102041245,True
raw_confidence_risk,images/train/S_11940179.jpg,6,5,0.9788210801780224,True
raw_confidence_risk,images/train/S_11941493.jpg,70,65,0.9898754870519042,True
raw_confidence_risk,images/train/S_11942677.jpg,6,5,0.9799570497125387,True
raw_confidence_risk,images/train/S_11943386.jpg,3,2,0.9676492363214493,True
raw_confidence_risk,images/train/S_12000323.jpg,2,1,0.9766859915107489,True
raw_confidence_risk,images/train/S_12003608.jpg,11,10,0.9888335783034563,True
raw_confidence_risk,images/train/S_12003816.jpg,19,18,0.9897275734692812,True
raw_confidence_risk,images/train/S_12006446.jpg,11,10,0.9891060087829828,True
raw_confidence_risk,images/train/S_12012025.jpg,5,4,0.9855666775256395,True
raw_confidence_risk,images/train/S_12029202.jpg,11,10,0.9887280287221074,True
raw_confidence_risk,images/train/S_12040955.jpg,7,6,0.988804092630744,True
raw_confidence_risk,images/train/S_12053535.jpg,31,27,0.9897783044725657,True
raw_confidence_risk,images/train/S_12054265.jpg,10,8,0.9897111542522907,True
raw_confidence_risk,images/train/S_12065041.jpg,4,3,0.9867388717830181,True
raw_confidence_risk,images/train/S_12066120.jpg,1,0,0.30601173639297485,True
raw_confidence_risk,images/train/S_12066130.jpg,6,5,0.9842859171330929,True
raw_confidence_risk,images/train/S_12070922.jpg,2,1,0.9370910674333572,True
raw_confidence_risk,images/train/S_12074101.jpg,1,0,0.20939987897872925,True
raw_confidence_risk,images/train/S_12081044.jpg,7,6,0.989477539435029,True
raw_confidence_risk,images/train/S_12084169.jpg,5,4,0.9885947229340672,True
raw_confidence_risk,images/train/S_12085666.jpg,5,4,0.9869607035070658,True
raw_confidence_risk,images/train/S_12085808.jpg,6,5,0.986240510828793,True
raw_confidence_risk,images/train/S_12085871.jpg,7,6,0.9834661781787872,True
raw_confidence_risk,images/train/S_12091539.jpg,1,0,0.18841558694839478,True
raw_confidence_risk,images/train/S_12091778.jpg,2,1,0.9878841349855065,True
raw_confidence_risk,images/train/S_12092008.jpg,13,12,0.9899777229875326,True
raw_confidence_risk,images/train/S_12093948.jpg,37,36,0.9895069487392902,True
raw_confidence_risk,images/train/S_12095954.jpg,12,10,0.9895626688376069,True
raw_confidence_risk,images/train/S_12096475.jpg,3,2,0.9574276693165302,True
raw_confidence_risk,images/train/S_12115633.jpg,46,42,0.9899244820699096,True
raw_confidence_risk,images/train/S_12122957.jpg,2,1,0.9877140987664461,True
raw_confidence_risk,images/train/S_12125714.jpg,7,6,0.9886333728209138,True
raw_confidence_risk,images/train/S_12127799.jpg,2,0,0.7483479976654053,True
raw_confidence_risk,images/train/S_12128912.jpg,39,36,0.9893986815586686,True
raw_confidence_risk,images/train/S_12156156.jpg,15,14,0.9898603362962604,True
raw_confidence_risk,images/train/S_12157127.jpg,1,0,0.22162991762161255,True
raw_confidence_risk,images/train/S_12157137.jpg,8,7,0.9816312119364738,True
raw_confidence_risk,images/train/S_12157304.jpg,18,15,0.9898582687601447,True
raw_confidence_risk,images/train/S_12157529.jpg,7,6,0.9677672237157822,True
raw_confidence_risk,images/train/S_12157654.jpg,9,8,0.9895235653966665,True
raw_confidence_risk,images/train/S_12157834.jpg,3,2,0.9809536263346672,True
raw_confidence_risk,images/train/S_12157942.jpg,1,0,0.09826850891113281,True
raw_confidence_risk,images/train/S_12159898.jpg,3,1,0.972498482093215,True
raw_confidence_risk,images/train/S_12160873.jpg,3,2,0.9863107539713383,True
raw_confidence_risk,images/train/S_12161104.jpg,4,3,0.9891154337674379,True
raw_confidence_risk,images/train/S_12161105.jpg,10,9,0.9897430995479226,True
raw_confidence_risk,images/train/S_12177930.jpg,9,8,0.9869380090385675,True
raw_confidence_risk,images/train/S_12208687.jpg,34,31,0.9894802598282695,True
raw_confidence_risk,images/train/S_12220568.jpg,2,1,0.6044860184192657,True
raw_confidence_risk,images/train/S_12220697.jpg,8,7,0.9855556171387434,True
raw_confidence_risk,images/train/S_12220756.jpg,6,5,0.9886375898495317,True
raw_confidence_risk,images/train/S_12222126.jpg,4,3,0.9575466141104698,True
raw_confidence_risk,images/train/S_12223297.jpg,1,0,0.29016226530075073,True
raw_confidence_risk,images/train/S_12225379.jpg,3,2,0.967924240976572,True
raw_confidence_risk,images/train/S_12226425.jpg,21,19,0.9890348762273788,True
raw_confidence_risk,images/train/S_12236644.jpg,3,1,0.6092254221439362,True
raw_confidence_risk,images/train/S_12236852.jpg,1,0,0.3583012819290161,True
raw_confidence_risk,images/train/S_12236861.jpg,1,0,0.26490581035614014,True
raw_confidence_risk,images/train/S_12236888.jpg,8,7,0.9887386206537485,True
raw_confidence_risk,images/train/S_12236997.jpg,3,2,0.7969103902578354,True
raw_confidence_risk,images/train/S_12239385.jpg,2,1,0.7568666785955429,True
raw_confidence_risk,images/train/S_12239468.jpg,3,2,0.98108771443367,True
raw_confidence_risk,images/train/S_12253490.jpg,8,7,0.987269090488553,True
raw_confidence_risk,images/train/S_12323308.jpg,4,3,0.988686092197895,True
raw_confidence_risk,images/train/S_12326623.jpg,9,8,0.9891161881387234,True
raw_confidence_risk,images/train/S_12332734.jpg,1,0,0.36797797679901123,True
raw_confidence_risk,images/train/S_12346151.jpg,43,33,0.989475890994072,True
raw_confidence_risk,images/train/S_12349091.jpg,19,16,0.9862416023388505,True
raw_confidence_risk,images/train/S_12363373.jpg,7,6,0.9883779222145677,True
raw_confidence_risk,images/train/S_12363797.jpg,13,11,0.9892759528011084,True
raw_confidence_risk,images/train/S_12365955.jpg,11,10,0.9861419247463346,True
raw_confidence_risk,images/train/S_12367063.jpg,3,2,0.9137177392840385,True
raw_confidence_risk,images/train/S_12368242.jpg,7,6,0.9896826623007655,True
raw_confidence_risk,images/train/S_12369166.jpg,4,3,0.9821927323937416,True
raw_confidence_risk,images/train/S_12369938.jpg,9,7,0.9886722732335329,True
raw_confidence_risk,images/train/S_12411294.jpg,3,2,0.9894054662436247,True
raw_confidence_risk,images/train/S_12415895.jpg,2,2,0.9898462658748031,True
raw_confidence_risk,images/train/S_12416067.jpg,5,4,0.9783806726336479,True
raw_confidence_risk,images/train/S_12439401.jpg,4,3,0.9890130264684558,True
raw_confidence_risk,images/train/S_12451962.jpg,12,11,0.9889263352379203,True
raw_confidence_risk,images/train/S_12459545.jpg,7,6,0.9898296417668462,True
raw_confidence_risk,images/train/S_12462882.jpg,1,0,0.28486984968185425,True
raw_confidence_risk,images/train/S_12462991.jpg,4,3,0.9862020211294293,True
raw_confidence_risk,images/train/S_12466711.jpg,2,1,0.8138812482357025,True
raw_confidence_risk,images/train/S_12466886.jpg,1,0,0.24084258079528809,True
raw_confidence_risk,images/train/S_12467447.jpg,37,33,0.9899996761232615,True
raw_confidence_risk,images/train/S_12481433.jpg,21,12,0.9890060648322105,True
raw_confidence_risk,images/train/S_12481452.jpg,50,42,0.9898605952039361,True
raw_confidence_risk,images/train/S_12494175.jpg,2,1,0.9804543368518353,True
raw_confidence_risk,images/train/S_12504184.jpg,5,3,0.9893936337903142,True
raw_confidence_risk,images/train/S_12511329.jpg,2,1,0.4299715757369995,True
raw_confidence_risk,images/train/S_12511349.jpg,1,0,0.1708797812461853,True
raw_confidence_risk,images/train/S_12511586.jpg,9,8,0.9878936614841223,True
raw_confidence_risk,images/train/S_12540614.jpg,17,15,0.9891759669408202,True
raw_confidence_risk,images/train/S_12544307.jpg,43,37,0.9888318469747901,True
raw_confidence_risk,images/train/S_12571071.jpg,2,1,0.9870794657617807,True
raw_confidence_risk,images/train/S_12588225.jpg,5,4,0.9878002824261785,True
raw_confidence_risk,images/train/S_12599629.jpg,1,0,0.36541932821273804,True
raw_confidence_risk,images/train/S_12600154.jpg,29,20,0.9891759576275945,True
raw_confidence_risk,images/train/S_12602146.jpg,14,12,0.988756850361824,True
raw_confidence_risk,images/train/S_12614420.jpg,3,2,0.9844216983765364,True
raw_confidence_risk,images/train/S_12614456.jpg,8,6,0.98504354711622,True
raw_confidence_risk,images/train/S_12614457.jpg,1,0,0.3051684498786926,True
raw_confidence_risk,images/train/S_12616645.jpg,2,1,0.9879445005208254,True
raw_confidence_risk,images/train/S_12616932.jpg,32,28,0.9898536428809166,True
raw_confidence_risk,images/train/S_12616987.jpg,12,5,0.9629115425050259,True
raw_confidence_risk,images/train/S_12617096.jpg,3,2,0.8461067974567413,True
raw_confidence_risk,images/train/Y_000012.jpg,6,3,0.986071796156466,True
raw_confidence_risk,images/train/Y_000019.jpg,5,4,0.9896265864372253,True
raw_confidence_risk,images/train/Y_000030.jpg,2,1,0.9757068529725075,True
raw_confidence_risk,images/train/Y_000069.jpg,7,6,0.9855552511289716,True
raw_confidence_risk,images/train/Y_000082.jpg,4,3,0.9600575640797615,True
raw_confidence_risk,images/train/Y_000117.jpg,5,4,0.9892501933500171,True
raw_confidence_risk,images/train/Y_000143.jpg,2,1,0.9849540013819933,True
raw_confidence_risk,images/train/Y_000189.jpg,7,6,0.988570767454803,True
raw_confidence_risk,images/train/Y_000190.jpg,3,2,0.9632451236248016,True
raw_confidence_risk,images/train/Y_000241.jpg,2,1,0.826979473233223,True
raw_confidence_risk,images/train/Y_000245.jpg,1,0,0.3017961382865906,True
raw_confidence_risk,images/train/Y_000281.jpg,12,11,0.9898293679580092,True
raw_confidence_risk,images/train/Y_000286.jpg,6,5,0.9841414410620928,True
raw_confidence_risk,images/train/Y_000299.jpg,4,3,0.9869966749101877,True
raw_confidence_risk,images/train/Y_000329.jpg,3,2,0.9822305403649807,True
raw_confidence_risk,images/train/Y_000396.jpg,9,8,0.9878893382847309,True
raw_confidence_risk,images/train/Y_000414.jpg,4,3,0.98699398804456,True
raw_confidence_risk,images/train/Y_000416.jpg,10,9,0.9883169615641236,True
raw_confidence_risk,images/train/Y_000423.jpg,1,0,0.15764689445495605,True
raw_confidence_risk,images/train/Y_000458.jpg,5,3,0.9733032342046499,True
raw_confidence_risk,images/train/Y_000470.jpg,3,2,0.985742561519146,True
raw_confidence_risk,images/train/Y_000477.jpg,3,1,0.9896741965785623,True
raw_confidence_risk,images/train/Y_000546.jpg,7,4,0.9869476929306984,True
raw_confidence_risk,images/train/Y_000584.jpg,9,0,0.3245999217033386,True
raw_confidence_risk,images/train/Y_000586.jpg,1,0,0.10661542415618896,True
raw_confidence_risk,images/train/Y_000605.jpg,8,1,0.9879715833812952,True
raw_confidence_risk,images/train/Y_000608.jpg,9,0,0.27063775062561035,True
raw_confidence_risk,images/train/Y_000614.jpg,7,0,0.6420592963695526,True
raw_confidence_risk,images/train/Y_000664.jpg,9,1,0.9120870605111122,True
raw_confidence_risk,images/train/Y_000673.jpg,9,2,0.984141381457448,True
raw_confidence_risk,images/train/Y_000696.jpg,16,8,0.9863950172439218,True
raw_confidence_risk,images/train/Y_000704.jpg,14,5,0.9852018058300018,True
raw_confidence_risk,images/train/Y_000714.jpg,16,8,0.9888823656365275,True
raw_confidence_risk,images/train/Y_000715.jpg,28,18,0.9896616023033857,True
raw_confidence_risk,images/train/Y_000724.jpg,2,0,0.3524855375289917,True
raw_confidence_risk,images/train/Y_000745.jpg,2,1,0.9339762777090073,True
raw_confidence_risk,images/train/Y_000750.jpg,2,1,0.7231156229972839,True
raw_confidence_risk,images/train/Y_000755.jpg,1,0,0.09689074754714966,True
raw_confidence_risk,images/train/Y_000769.jpg,7,6,0.9896125290542841,True
raw_confidence_risk,images/train/Y_000774.jpg,1,0,0.09995359182357788,True
raw_confidence_risk,images/train/Y_000781.jpg,1,0,0.1305021047592163,True
raw_confidence_risk,images/train/Y_000815.jpg,4,3,0.984450607560575,True
raw_confidence_risk,images/train/Y_000853.jpg,12,5,0.9860025942325592,True
raw_confidence_risk,images/train/Y_000882.jpg,12,3,0.988541659899056,True
raw_confidence_risk,images/train/Y_000884.jpg,6,5,0.9899221751838923,True
raw_confidence_risk,images/train/Y_000886.jpg,9,4,0.989582940004766,True
raw_confidence_risk,images/train/Y_000903.jpg,10,1,0.9791728835552931,True
raw_confidence_risk,images/train/Y_000906.jpg,3,2,0.989595309831202,True
raw_confidence_risk,images/train/Y_000912.jpg,4,3,0.9891439555212855,True
raw_confidence_risk,images/train/Y_000915.jpg,4,3,0.9888067319989204,True
raw_confidence_risk,images/train/Y_000925.jpg,9,0,0.6906460821628571,True
raw_confidence_risk,images/train/Y_000932.jpg,4,3,0.956098884344101,True
raw_confidence_risk,images/train/Y_000945.jpg,8,7,0.9883721098303795,True
raw_confidence_risk,images/train/Y_000956.jpg,4,3,0.9873731192201376,True
raw_confidence_risk,images/train/Y_000979.jpg,7,5,0.9890205217525363,True
raw_confidence_risk,images/train/Y_000988.jpg,13,12,0.9874734366312623,True
raw_confidence_risk,images/train/Y_001024.jpg,1,0,0.16277307271957397,True
raw_confidence_risk,images/val/Y_001026.jpg,1,0,0.12445032596588135,True
raw_confidence_risk,images/train/Y_001037.jpg,2,1,0.984598807990551,True
raw_confidence_risk,images/train/Y_001168.jpg,1,0,0.09384816884994507,True
raw_confidence_risk,images/train/Y_001183.jpg,1,0,0.0866931676864624,True
raw_confidence_risk,images/train/Y_001257.jpg,23,21,0.989746124483645,True
raw_confidence_risk,images/train/Y_001289.jpg,6,5,0.9898852985352278,True
raw_confidence_risk,images/train/Y_001476.jpg,5,4,0.9877762859687209,True
raw_confidence_risk,images/train/Y_001499.jpg,2,1,0.9771860223263502,True
raw_confidence_risk,images/train/Y_001614.jpg,4,3,0.9874574951827526,True
raw_confidence_risk,images/train/Y_001624.jpg,7,7,0.9886887520551682,True
raw_confidence_risk,images/train/Y_001782.jpg,5,4,0.986246326006949,True
raw_confidence_risk,images/train/Y_001797.jpg,4,3,0.9893716452643275,True
raw_confidence_risk,images/train/Y_001805.jpg,1,0,0.2243943214416504,True
raw_confidence_risk,images/train/Y_001851.jpg,1,0,0.3258667588233948,True
raw_confidence_risk,images/train/Y_001855.jpg,9,8,0.9887330029159784,True
raw_confidence_risk,images/train/Y_001868.jpg,1,0,0.37289518117904663,True
raw_confidence_risk,images/train/Y_001878.jpg,1,1,0.2635003328323364,True
raw_confidence_risk,images/train/Y_001892.jpg,1,0,0.16385960578918457,True
raw_confidence_risk,images/train/Y_001904.jpg,3,2,0.978602534160018,True
raw_confidence_risk,images/train/Y_001917.jpg,1,0,0.1599186658859253,True
raw_confidence_risk,images/train/Y_001918.jpg,1,0,0.3270466923713684,True
raw_confidence_risk,images/train/Y_001930.jpg,1,0,0.2781776785850525,True
raw_confidence_risk,images/train/Y_001988.jpg,2,0,0.5608426630496979,True
raw_confidence_risk,images/train/Y_001995.jpg,1,0,0.251828134059906,True
raw_confidence_risk,images/train/Y_002004.jpg,1,0,0.23018807172775269,True
raw_confidence_risk,images/train/Y_002065.jpg,8,7,0.9845757158473134,True
raw_confidence_risk,images/train/Y_002082.jpg,1,0,0.32469654083251953,True
raw_confidence_risk,images/train/Y_002084.jpg,1,0,0.2935338020324707,True
raw_confidence_risk,images/train/Y_002087.jpg,1,0,0.30780667066574097,True
raw_confidence_risk,images/train/Y_002092.jpg,2,1,0.9632743000984192,True
raw_confidence_risk,images/train/Y_002130.jpg,4,2,0.9894502479583025,True
raw_confidence_risk,images/train/Y_002147.jpg,11,9,0.9899663096293807,True
raw_confidence_risk,images/train/Y_002164.jpg,1,0,0.34874868392944336,True
raw_confidence_risk,images/train/Y_002167.jpg,7,6,0.9854511497542262,True
raw_confidence_risk,images/train/Y_002178.jpg,2,1,0.9899390200152993,True
raw_confidence_risk,images/train/Y_002186.jpg,2,1,0.9684915877878666,True
raw_confidence_risk,images/train/Y_002201.jpg,6,5,0.9866234660148621,True
raw_confidence_risk,images/train/Y_002220.jpg,4,3,0.9893052838742733,True
raw_confidence_risk,images/train/Y_002221.jpg,9,8,0.9891410209238529,True
raw_confidence_risk,images/train/Y_002227.jpg,5,4,0.9886151291429996,True
raw_confidence_risk,images/train/Y_002275.jpg,20,19,0.989956789650023,True
raw_confidence_risk,images/train/Y_002296.jpg,3,3,0.9825367946177721,True
raw_confidence_risk,images/train/Y_002303.jpg,4,3,0.98864705581218,True
raw_confidence_risk,images/train/Y_002333.jpg,12,11,0.9896773239597678,True
raw_confidence_risk,images/train/Y_002371.jpg,5,4,0.9882962629199028,True
raw_confidence_risk,images/train/Y_002393.jpg,7,7,0.9890633169561625,True
raw_confidence_risk,images/train/Y_002413.jpg,1,0,0.16002261638641357,True
raw_confidence_risk,images/train/Y_002482.jpg,12,11,0.9899651538580656,True
raw_confidence_risk,images/train/Y_002483.jpg,1,0,0.19760608673095703,True
raw_confidence_risk,images/train/Y_002484.jpg,1,0,0.2841920852661133,True
raw_confidence_risk,images/train/Y_002505.jpg,2,1,0.9888387070968747,True
raw_confidence_risk,images/train/Y_002547.jpg,11,10,0.9852548809722066,True
raw_confidence_risk,images/train/Y_002548.jpg,3,2,0.9866307079792023,True
raw_confidence_risk,images/train/Y_002563.jpg,4,3,0.9898928143084049,True
raw_confidence_risk,images/train/Y_002566.jpg,3,2,0.9483237899839878,True
raw_confidence_risk,images/train/Y_002571.jpg,1,0,0.21440261602401733,True
raw_confidence_risk,images/train/Y_003653.jpg,26,21,0.988351677544415,True
raw_confidence_risk,images/train/Y_004063.jpg,3,1,0.9415385723114014,True
raw_confidence_risk,images/train/Y_006375.jpg,21,20,0.9897549515590072,True
raw_confidence_risk,images/train/Y_008515.jpg,20,19,0.9899025661870837,True
raw_confidence_risk,images/train/Y_008530.jpg,3,1,0.9887918718159199,True
raw_confidence_risk,images/train/Y_008537.jpg,2,1,0.9822086803615093,True
raw_confidence_risk,images/train/Y_008570.jpg,7,6,0.9888809761032462,True
raw_confidence_risk,images/train/Y_011315.jpg,6,6,0.9895347617566586,True
raw_confidence_risk,images/train/Y_011492.jpg,5,5,0.9899438200518489,True
raw_confidence_risk,images/train/Y_011500.jpg,2,1,0.9873301312327385,True
raw_confidence_risk,images/train/Y_011621.jpg,7,6,0.9895845968276262,True
raw_confidence_risk,images/train/Y_011626.jpg,21,20,0.9889995465055108,True
raw_confidence_risk,images/train/Y_011640.jpg,20,16,0.9899976160377264,True
raw_confidence_risk,images/train/Y_011778.jpg,6,5,0.9859453085809946,True
raw_confidence_risk,images/train/Y_011792.jpg,10,9,0.9898031577467918,True
raw_confidence_risk,images/train/Y_011859.jpg,13,10,0.9883987894281745,True
raw_confidence_risk,images/train/Y_011861.jpg,6,4,0.9848744077607989,True
calibrated_confidence_risk,images/train/0006194.jpg,3,2,0.9736856399165587,True
calibrated_confidence_risk,images/train/0045408.jpg,10,9,0.9932804113153104,True
calibrated_confidence_risk,images/train/0048868.jpg,9,8,0.9933640592991533,True
calibrated_confidence_risk,images/train/0058380.jpg,1,0,0.04260536871624343,True
calibrated_confidence_risk,images/train/0059120.jpg,6,5,0.9897738411521575,True
calibrated_confidence_risk,images/train/0061887.jpg,2,1,0.8547373214186934,True
calibrated_confidence_risk,images/train/0061956.jpg,18,15,0.993600018709357,True
calibrated_confidence_risk,images/train/0061974.jpg,17,14,0.992631887369642,True
calibrated_confidence_risk,images/train/0063023.jpg,1,0,0.01898996423244903,True
calibrated_confidence_risk,images/train/0063030.jpg,3,2,0.9922429774092296,True
calibrated_confidence_risk,images/train/0063118.jpg,18,14,0.9932086379312779,True
calibrated_confidence_risk,images/train/0065376.jpg,6,5,0.9878478756235272,True
calibrated_confidence_risk,images/train/0065596.jpg,2,1,0.9785081669187645,True
calibrated_confidence_risk,images/train/0065902.jpg,10,8,0.9930951705731289,True
calibrated_confidence_risk,images/train/0065939.jpg,7,5,0.9936137162739704,True
calibrated_confidence_risk,images/train/0065943.jpg,5,4,0.9776981033894481,True
calibrated_confidence_risk,images/train/0065947.jpg,4,2,0.9892789558647943,True
calibrated_confidence_risk,images/train/0065977.jpg,3,2,0.9929859549319836,True
calibrated_confidence_risk,images/train/0066130.jpg,19,17,0.993327994106263,True
calibrated_confidence_risk,images/train/0067329.jpg,1,0,0.04084371720122992,True
calibrated_confidence_risk,images/train/0067993.jpg,3,2,0.9813222331945519,True
calibrated_confidence_risk,images/train/0068026.jpg,3,2,0.9870472294477767,True
calibrated_confidence_risk,images/train/0068071.jpg,4,3,0.9928094100157849,True
calibrated_confidence_risk,images/train/0068096.jpg,5,4,0.9930263189497088,True
calibrated_confidence_risk,images/train/0068728.jpg,6,6,0.9533277169898168,True
calibrated_confidence_risk,images/train/0069406.jpg,15,11,0.9934984467435277,True
calibrated_confidence_risk,images/train/0072520.jpg,2,1,0.9932919970789201,True
calibrated_confidence_risk,images/train/0075059.jpg,4,3,0.9912808523922033,True
calibrated_confidence_risk,images/train/0079911.jpg,2,0,0.1477806784374831,True
calibrated_confidence_risk,images/train/0080268.jpg,1,0,0.029941074080926167,True
calibrated_confidence_risk,images/train/0084218.jpg,5,4,0.9927793245820028,True
calibrated_confidence_risk,images/train/0093085.jpg,2,1,0.9871905406851259,True
calibrated_confidence_risk,images/train/0097802.jpg,10,9,0.9936219684477817,True
calibrated_confidence_risk,images/train/0098796.jpg,2,1,0.9771751643599006,True
calibrated_confidence_risk,images/train/0100794.jpg,3,2,0.9562888823579603,True
calibrated_confidence_risk,images/train/0105983.jpg,1,0,0.12796534366461831,True
calibrated_confidence_risk,images/train/0106237.jpg,2,1,0.40940524183536886,True
calibrated_confidence_risk,images/train/0107314.jpg,18,15,0.9936391216652429,True
calibrated_confidence_risk,images/train/0107421.jpg,9,8,0.9920601560132105,True
calibrated_confidence_risk,images/train/0108219.jpg,1,0,0.08274386160910563,True
calibrated_confidence_risk,images/train/0108367.jpg,3,2,0.8713175270563047,True
calibrated_confidence_risk,images/train/0124142.jpg,5,4,0.993408196220808,True
calibrated_confidence_risk,images/train/0149825.jpg,1,0,0.8763482882371983,True
calibrated_confidence_risk,images/train/0223193.jpg,2,1,0.9917029008376596,True
calibrated_confidence_risk,images/train/0223464.jpg,7,6,0.9936623933060507,True
calibrated_confidence_risk,images/train/0273269.jpg,3,2,0.9936024415102416,True
calibrated_confidence_risk,images/train/0335581.jpg,2,1,0.9929756269563443,True
calibrated_confidence_risk,images/train/0341843.jpg,2,1,0.9933420870847223,True
calibrated_confidence_risk,images/train/0344893.jpg,18,17,0.9935835610831694,True
calibrated_confidence_risk,images/train/0344980.jpg,1,0,0.061024811818437996,True
calibrated_confidence_risk,images/train/0344995.jpg,12,11,0.9936115803528114,True
calibrated_confidence_risk,images/train/0345170.jpg,3,2,0.9897028463215102,True
calibrated_confidence_risk,images/train/0352319.jpg,13,12,0.9922167711624681,True
calibrated_confidence_risk,images/train/0357225.jpg,43,41,0.9936846492142978,True
calibrated_confidence_risk,images/train/0370467.jpg,18,17,0.9935705736401835,True
calibrated_confidence_risk,images/train/0370597.jpg,8,7,0.9926840973882823,True
calibrated_confidence_risk,images/train/0370611.jpg,6,5,0.9857834630588425,True
calibrated_confidence_risk,images/train/0370652.jpg,2,1,0.9860135441503421,True
calibrated_confidence_risk,images/val/0370676.jpg,1,0,0.0236933821867521,True
calibrated_confidence_risk,images/train/0371737.jpg,15,13,0.9936412963206209,True
calibrated_confidence_risk,images/train/0372822.jpg,4,3,0.9906406296062931,True
calibrated_confidence_risk,images/train/0373458.jpg,1,0,0.013386997691172242,True
calibrated_confidence_risk,images/train/0373538.jpg,4,3,0.9871028150272594,True
calibrated_confidence_risk,images/train/0373725.jpg,8,7,0.9933522402835391,True
calibrated_confidence_risk,images/train/0373938.jpg,1,0,0.032262802058338536,True
calibrated_confidence_risk,images/train/0374232.jpg,1,0,0.09490675441626684,True
calibrated_confidence_risk,images/train/0374307.jpg,6,4,0.9930918701264413,True
calibrated_confidence_risk,images/train/0374722.jpg,1,0,0.014041087233807703,True
calibrated_confidence_risk,images/train/0374773.jpg,6,5,0.9895701430951926,True
calibrated_confidence_risk,images/train/0374823.jpg,22,15,0.9924274193310627,True
calibrated_confidence_risk,images/train/0375514.jpg,5,4,0.9922451787396066,True
calibrated_confidence_risk,images/train/0375522.jpg,2,1,0.9872662252219309,True
calibrated_confidence_risk,images/train/0375527.jpg,7,6,0.9920526354168236,True
calibrated_confidence_risk,images/train/0376073.jpg,8,7,0.9924530194300013,True
calibrated_confidence_risk,images/train/0376357.jpg,1,0,0.07900039202973563,True
calibrated_confidence_risk,images/train/0376375.jpg,12,11,0.9934303505293464,True
calibrated_confidence_risk,images/train/0376450.jpg,22,20,0.9927578663984254,True
calibrated_confidence_risk,images/train/0377363.jpg,7,6,0.9926082957646122,True
calibrated_confidence_risk,images/train/0377507.jpg,29,28,0.9933514027174419,True
calibrated_confidence_risk,images/train/0377739.jpg,1,0,0.0393144897893728,True
calibrated_confidence_risk,images/train/0377845.jpg,34,31,0.993312874292773,True
calibrated_confidence_risk,images/train/0378117.jpg,4,3,0.9926149491363605,True
calibrated_confidence_risk,images/train/0378183.jpg,2,1,0.9882694913700021,True
calibrated_confidence_risk,images/train/0378723.jpg,5,4,0.9920092031648339,True
calibrated_confidence_risk,images/train/0378737.jpg,3,2,0.9806500180992072,True
calibrated_confidence_risk,images/train/0390841.jpg,1,0,0.12463161174389847,True
calibrated_confidence_risk,images/train/0390881.jpg,2,1,0.9820577967830112,True
calibrated_confidence_risk,images/train/0390915.jpg,1,0,0.016848336396808827,True
calibrated_confidence_risk,images/train/0390929.jpg,1,0,0.018897073063842806,True
calibrated_confidence_risk,images/train/0392410.jpg,5,4,0.9932327520764673,True
calibrated_confidence_risk,images/train/0392531.jpg,18,12,0.9936252767150447,True
calibrated_confidence_risk,images/train/0394635.jpg,1,0,0.06788701246657924,True
calibrated_confidence_risk,images/train/03947.jpg,1,0,0.09052540391937125,True
calibrated_confidence_risk,images/train/0395903.jpg,7,5,0.9928302908926142,True
calibrated_confidence_risk,images/train/0396118.jpg,2,1,0.9905508148931179,True
calibrated_confidence_risk,images/train/0396126.jpg,1,0,0.013149749857403581,True
calibrated_confidence_risk,images/train/0396128.jpg,2,1,0.9854313579618695,True
calibrated_confidence_risk,images/train/0398670.jpg,11,10,0.9929814635367826,True
calibrated_confidence_risk,images/train/0399260.jpg,8,7,0.9826506011754821,True
calibrated_confidence_risk,images/train/0399701.jpg,13,12,0.9931264645722504,True
calibrated_confidence_risk,images/train/0404763.jpg,1,0,0.20389634490621478,True
calibrated_confidence_risk,images/train/0406416.jpg,7,7,0.9909601043868751,True
calibrated_confidence_risk,images/train/0407749.jpg,20,19,0.9934647158366325,True
calibrated_confidence_risk,images/train/0409436.jpg,13,12,0.9910129428150709,True
calibrated_confidence_risk,images/train/0413982.jpg,2,1,0.9880771426854746,True
calibrated_confidence_risk,images/train/0416512.jpg,14,10,0.9936294658330281,True
calibrated_confidence_risk,images/train/0418786.jpg,31,24,0.993684930875345,True
calibrated_confidence_risk,images/train/0418788.jpg,77,69,0.9936295930738688,True
calibrated_confidence_risk,images/train/0419091.jpg,4,3,0.9881970818951261,True
calibrated_confidence_risk,images/train/0422855.jpg,1,0,0.043705814115863384,True
calibrated_confidence_risk,images/train/0424339.jpg,1,0,0.1273610762577666,True
calibrated_confidence_risk,images/train/0430383.jpg,4,3,0.9628377913797258,True
calibrated_confidence_risk,images/train/0430711.jpg,1,0,0.08103684573902159,True
calibrated_confidence_risk,images/train/0432245.jpg,21,20,0.9936470094119827,True
calibrated_confidence_risk,images/train/1005_data.jpg,10,9,0.9931439058308763,True
calibrated_confidence_risk,images/train/1011_data.jpg,20,17,0.9927082080767903,True
calibrated_confidence_risk,images/train/1084_data.jpg,11,10,0.9909213797638547,True
calibrated_confidence_risk,images/train/11097.jpg,11,7,0.9936717893726179,True
calibrated_confidence_risk,images/train/1183_data.jpg,4,4,0.9926006283580974,True
calibrated_confidence_risk,images/train/1212_data.jpg,1,0,0.08139884519303031,True
calibrated_confidence_risk,images/train/1332_data.jpg,1,0,0.029226884740287118,True
calibrated_confidence_risk,images/train/1334_data.jpg,2,1,0.9895477992919779,True
calibrated_confidence_risk,images/train/1337_data.jpg,3,2,0.992762492309402,True
calibrated_confidence_risk,images/train/1347_data.jpg,14,13,0.990884728988108,True
calibrated_confidence_risk,images/train/1425_data.jpg,3,2,0.9928614246064025,True
calibrated_confidence_risk,images/train/14609.jpg,8,7,0.9929195277767786,True
calibrated_confidence_risk,images/train/2369_data.jpg,10,0,0.09284869358699421,True
calibrated_confidence_risk,images/train/2373_data.jpg,25,17,0.9936864479118467,True
calibrated_confidence_risk,images/train/546_data.jpg,12,11,0.993291049581504,True
calibrated_confidence_risk,images/train/AAA (2).jpg,5,4,0.9878011540079347,True
calibrated_confidence_risk,images/train/AAA (3).jpg,11,10,0.9935722619240579,True
calibrated_confidence_risk,images/train/E_002011.jpg,5,0,0.01888079485528149,True
calibrated_confidence_risk,images/train/E_003318.jpg,7,6,0.9922430277816637,True
calibrated_confidence_risk,images/train/E_003329.jpg,1,0,0.037650717778076825,True
calibrated_confidence_risk,images/train/E_003341.jpg,3,2,0.9934187551457911,True
calibrated_confidence_risk,images/train/E_003363.jpg,6,3,0.9893184206218563,True
calibrated_confidence_risk,images/train/E_003365.jpg,26,20,0.9935576179536183,True
calibrated_confidence_risk,images/train/E_003378.jpg,3,2,0.9918571777879318,True
calibrated_confidence_risk,images/train/E_003380.jpg,46,35,0.9929758190408908,True
calibrated_confidence_risk,images/train/E_003394.jpg,1,0,0.10434834288682904,True
calibrated_confidence_risk,images/train/E_003395.jpg,18,15,0.992723323634492,True
calibrated_confidence_risk,images/train/E_003433.jpg,1,0,0.02429851100936764,True
calibrated_confidence_risk,images/train/E_003434.jpg,7,6,0.9913690167842408,True
calibrated_confidence_risk,images/train/E_003442.jpg,6,5,0.9914235956067808,True
calibrated_confidence_risk,images/train/E_003452.jpg,37,33,0.9935978266774449,True
calibrated_confidence_risk,images/train/E_003453.jpg,26,23,0.9936366416311905,True
calibrated_confidence_risk,images/train/E_003459.jpg,38,28,0.9932960329034345,True
calibrated_confidence_risk,images/train/E_003460.jpg,24,18,0.9932859060155818,True
calibrated_confidence_risk,images/train/E_003464.jpg,8,7,0.9936690259619299,True
calibrated_confidence_risk,images/train/E_003493.jpg,7,2,0.9936699548105153,True
calibrated_confidence_risk,images/train/E_003545.jpg,3,2,0.9923991492562898,True
calibrated_confidence_risk,images/train/E_003547.jpg,43,39,0.9935974339623405,True
calibrated_confidence_risk,images/train/E_003551.jpg,2,1,0.9923588247969212,True
calibrated_confidence_risk,images/train/E_003566.jpg,1,0,0.07641335930770377,True
calibrated_confidence_risk,images/train/E_003585.jpg,4,3,0.9935026504957173,True
calibrated_confidence_risk,images/train/E_003595.jpg,4,3,0.9936270829582816,True
calibrated_confidence_risk,images/train/E_003601.jpg,13,12,0.9926927005168767,True
calibrated_confidence_risk,images/train/E_003615.jpg,2,1,0.7525265661028985,True
calibrated_confidence_risk,images/train/E_003623.jpg,9,7,0.9932739661998404,True
calibrated_confidence_risk,images/train/E_003657.jpg,2,1,0.6143329539076634,True
calibrated_confidence_risk,images/train/E_003840.jpg,5,2,0.9842426586555681,True
calibrated_confidence_risk,images/train/E_005148.jpg,13,12,0.9915984235577503,True
calibrated_confidence_risk,images/train/E_005498.jpg,17,16,0.9934538447833468,True
calibrated_confidence_risk,images/train/E_007424.jpg,3,2,0.9146451695340054,True
calibrated_confidence_risk,images/train/E_010343.jpg,2,1,0.9228125748061213,True
calibrated_confidence_risk,images/train/E_011129.jpg,17,14,0.989218878843409,True
calibrated_confidence_risk,images/train/E_012618.jpg,2,2,0.9932058184405222,True
calibrated_confidence_risk,images/train/S_10004166.jpg,1,0,0.10395378166456248,True
calibrated_confidence_risk,images/train/S_10004278.jpg,5,4,0.9935663127291595,True
calibrated_confidence_risk,images/train/S_10004587.jpg,4,2,0.9928261657836237,True
calibrated_confidence_risk,images/train/S_10004896.jpg,8,7,0.9903197080219941,True
calibrated_confidence_risk,images/train/S_10005140.jpg,1,0,0.0475983688029743,True
calibrated_confidence_risk,images/train/S_10005602.jpg,9,8,0.9934924956579214,True
calibrated_confidence_risk,images/train/S_10007295.jpg,1,0,0.18595173784572339,True
calibrated_confidence_risk,images/train/S_10009551.jpg,11,10,0.9926052873795527,True
calibrated_confidence_risk,images/train/S_10009966.jpg,13,11,0.9921057627311872,True
calibrated_confidence_risk,images/train/S_10010112.jpg,1,0,0.08907175161933278,True
calibrated_confidence_risk,images/train/S_10010598.jpg,1,0,0.049550910400554704,True
calibrated_confidence_risk,images/train/S_10011982.jpg,16,15,0.9929613183131767,True
calibrated_confidence_risk,images/train/S_10012851.jpg,9,8,0.9898732862769456,True
calibrated_confidence_risk,images/train/S_10014378.jpg,1,0,0.03789287864221469,True
calibrated_confidence_risk,images/train/S_10014938.jpg,1,0,0.027977543182762465,True
calibrated_confidence_risk,images/train/S_10026888.jpg,2,1,0.9893947616372151,True
calibrated_confidence_risk,images/train/S_10028597.jpg,16,15,0.9931425706551709,True
calibrated_confidence_risk,images/train/S_10028796.jpg,11,10,0.9922011753189258,True
calibrated_confidence_risk,images/train/S_10028829.jpg,1,0,0.21215888956965523,True
calibrated_confidence_risk,images/train/S_10029106.jpg,22,18,0.9930101189890799,True
calibrated_confidence_risk,images/train/S_10029348.jpg,8,5,0.9914635338988084,True
calibrated_confidence_risk,images/train/S_10031044.jpg,2,1,0.9893075583750868,True
calibrated_confidence_risk,images/train/S_10031230.jpg,2,1,0.8585340059395723,True
calibrated_confidence_risk,images/train/S_10031704.jpg,4,3,0.9923732766786951,True
calibrated_confidence_risk,images/train/S_10036032.jpg,5,4,0.9919393956729052,True
calibrated_confidence_risk,images/train/S_10037262.jpg,2,1,0.9920986357929545,True
calibrated_confidence_risk,images/train/S_10037373.jpg,5,4,0.9850306012634997,True
calibrated_confidence_risk,images/train/S_10059391.jpg,20,14,0.9932403149365606,True
calibrated_confidence_risk,images/train/S_10059420.jpg,1,0,0.0328614638153063,True
calibrated_confidence_risk,images/train/S_10060033.jpg,8,7,0.993597186997148,True
calibrated_confidence_risk,images/train/S_10061742.jpg,9,8,0.9934274926114464,True
calibrated_confidence_risk,images/train/S_10061748.jpg,3,2,0.9850881033379988,True
calibrated_confidence_risk,images/train/S_10061753.jpg,9,8,0.9936177972504836,True
calibrated_confidence_risk,images/train/S_10067633.jpg,1,0,0.011704561166809402,True
calibrated_confidence_risk,images/train/S_10070699.jpg,18,17,0.9934383649428088,True
calibrated_confidence_risk,images/train/S_10075550.jpg,12,11,0.9930902930830116,True
calibrated_confidence_risk,images/train/S_10082101.jpg,17,16,0.9934265607940909,True
calibrated_confidence_risk,images/train/S_10096816.jpg,4,3,0.9909363308539451,True
calibrated_confidence_risk,images/train/S_10097101.jpg,4,2,0.991186044190628,True
calibrated_confidence_risk,images/train/S_10097169.jpg,4,3,0.9933295998455917,True
calibrated_confidence_risk,images/train/S_10099360.jpg,19,17,0.9926119153062275,True
calibrated_confidence_risk,images/train/S_10099985.jpg,3,2,0.9917819523522945,True
calibrated_confidence_risk,images/train/S_10100614.jpg,27,22,0.9923488998429335,True
calibrated_confidence_risk,images/train/S_10100963.jpg,5,4,0.991588308073901,True
calibrated_confidence_risk,images/train/S_10101052.jpg,25,25,0.9936652481023966,True
calibrated_confidence_risk,images/train/S_10101439.jpg,3,3,0.9868189573002085,True
calibrated_confidence_risk,images/train/S_10103461.jpg,5,4,0.992062996631764,True
calibrated_confidence_risk,images/train/S_10103773.jpg,11,10,0.9920639614551318,True
calibrated_confidence_risk,images/train/S_10106427.jpg,37,33,0.9935800301002864,True
calibrated_confidence_risk,images/train/S_10106812.jpg,20,19,0.9934993501922124,True
calibrated_confidence_risk,images/train/S_10136790.jpg,12,9,0.9925820343022228,True
calibrated_confidence_risk,images/train/S_10139323.jpg,8,7,0.9935186851929715,True
calibrated_confidence_risk,images/train/S_10157805.jpg,3,2,0.9910769764568387,True
calibrated_confidence_risk,images/train/S_10175668.jpg,2,2,0.9120234664146543,True
calibrated_confidence_risk,images/train/S_10194624.jpg,17,16,0.9934734247908068,True
calibrated_confidence_risk,images/train/S_10216665.jpg,1,0,0.06860273363347791,True
calibrated_confidence_risk,images/train/S_10224035.jpg,12,11,0.992632696452933,True
calibrated_confidence_risk,images/train/S_10254420.jpg,1,0,0.17306733842245126,True
calibrated_confidence_risk,images/train/S_10254693.jpg,24,20,0.9926721792813085,True
calibrated_confidence_risk,images/train/S_10271957.jpg,1,0,0.015768806217504205,True
calibrated_confidence_risk,images/train/S_10274980.jpg,5,3,0.9774270139716235,True
calibrated_confidence_risk,images/train/S_10277863.jpg,2,1,0.812312722608404,True
calibrated_confidence_risk,images/train/S_10277986.jpg,2,1,0.8740097865982188,True
calibrated_confidence_risk,images/train/S_10278330.jpg,5,4,0.9922433745986833,True
calibrated_confidence_risk,images/train/S_10279487.jpg,25,22,0.9931034728557278,True
calibrated_confidence_risk,images/train/S_10279712.jpg,2,1,0.9913369999387304,True
calibrated_confidence_risk,images/train/S_10279717.jpg,2,1,0.9924814979323712,True
calibrated_confidence_risk,images/train/S_10281966.jpg,3,2,0.9795279095552974,True
calibrated_confidence_risk,images/train/S_10282343.jpg,5,3,0.993235664076574,True
calibrated_confidence_risk,images/train/S_10284683.jpg,1,0,0.010947760265815676,True
calibrated_confidence_risk,images/train/S_10284985.jpg,3,2,0.9920608909265557,True
calibrated_confidence_risk,images/train/S_10288588.jpg,2,1,0.9924565122171504,True
calibrated_confidence_risk,images/train/S_10289526.jpg,5,5,0.9924931665758198,True
calibrated_confidence_risk,images/train/S_10292442.jpg,4,3,0.9893210427020409,True
calibrated_confidence_risk,images/train/S_10292867.jpg,2,1,0.9580854186644328,True
calibrated_confidence_risk,images/train/S_10294124.jpg,14,13,0.9936210523116906,True
calibrated_confidence_risk,images/train/S_10302423.jpg,1,0,0.18927157320897436,True
calibrated_confidence_risk,images/train/S_10303427.jpg,2,1,0.9822105327346504,True
calibrated_confidence_risk,images/train/S_10306026.jpg,3,2,0.9916427408973671,True
calibrated_confidence_risk,images/train/S_10307242.jpg,3,2,0.9901175877816285,True
calibrated_confidence_risk,images/train/S_10307954.jpg,2,1,0.9445075272747487,True
calibrated_confidence_risk,images/train/S_10309209.jpg,5,2,0.983227970286816,True
calibrated_confidence_risk,images/train/S_10309738.jpg,8,7,0.989431872364845,True
calibrated_confidence_risk,images/train/S_10310253.jpg,9,6,0.9923433277161328,True
calibrated_confidence_risk,images/train/S_10310254.jpg,9,6,0.9905521009094158,True
calibrated_confidence_risk,images/train/S_10310413.jpg,12,11,0.9910884554828251,True
calibrated_confidence_risk,images/train/S_10310459.jpg,2,0,0.7395261953858887,True
calibrated_confidence_risk,images/train/S_10310620.jpg,5,3,0.992378455539251,True
calibrated_confidence_risk,images/train/S_10311760.jpg,12,7,0.987407392766871,True
calibrated_confidence_risk,images/train/S_10312068.jpg,3,2,0.991816237015799,True
calibrated_confidence_risk,images/train/S_10317012.jpg,26,24,0.9933170303878993,True
calibrated_confidence_risk,images/train/S_10329964.jpg,10,9,0.9932084452990096,True
calibrated_confidence_risk,images/train/S_10331308.jpg,4,3,0.9912001583737398,True
calibrated_confidence_risk,images/train/S_10337526.jpg,9,6,0.9816366330874321,True
calibrated_confidence_risk,images/train/S_10337527.jpg,11,8,0.9765732696411836,True
calibrated_confidence_risk,images/train/S_10337984.jpg,13,11,0.9935456130719573,True
calibrated_confidence_risk,images/train/S_10338040.jpg,1,0,0.13761147596733814,True
calibrated_confidence_risk,images/train/S_10340756.jpg,3,2,0.9739775747234893,True
calibrated_confidence_risk,images/train/S_10347002.jpg,1,0,0.09767559793370584,True
calibrated_confidence_risk,images/train/S_10347086.jpg,4,2,0.9929551107737854,True
calibrated_confidence_risk,images/train/S_10347146.jpg,5,4,0.9936501990923201,True
calibrated_confidence_risk,images/train/S_10368444.jpg,7,6,0.9923091942448262,True
calibrated_confidence_risk,images/train/S_10369701.jpg,10,9,0.9929151813744159,True
calibrated_confidence_risk,images/train/S_10370027.jpg,1,0,0.21152559960530637,True
calibrated_confidence_risk,images/train/S_10370075.jpg,11,10,0.9931793980601491,True
calibrated_confidence_risk,images/train/S_10376042.jpg,5,4,0.9839195461928272,True
calibrated_confidence_risk,images/train/S_10376045.jpg,8,7,0.9921492942935652,True
calibrated_confidence_risk,images/train/S_10376280.jpg,1,0,0.020556293294672123,True
calibrated_confidence_risk,images/train/S_10376917.jpg,1,0,0.0796995975163346,True
calibrated_confidence_risk,images/train/S_10377758.jpg,1,0,0.07346094108857049,True
calibrated_confidence_risk,images/train/S_10377815.jpg,5,4,0.9843426723784088,True
calibrated_confidence_risk,images/train/S_10377816.jpg,1,0,0.0787563038765493,True
calibrated_confidence_risk,images/train/S_10377838.jpg,3,2,0.9916849402890024,True
calibrated_confidence_risk,images/train/S_10377865.jpg,1,0,0.16474441547057017,True
calibrated_confidence_risk,images/train/S_10377880.jpg,1,0,0.26240197624881034,True
calibrated_confidence_risk,images/train/S_10377882.jpg,1,0,0.15452072752284274,True
calibrated_confidence_risk,images/train/S_10377991.jpg,4,3,0.9934643150053638,True
calibrated_confidence_risk,images/train/S_10378746.jpg,1,0,0.047224913773629806,True
calibrated_confidence_risk,images/train/S_10380457.jpg,6,5,0.9924530935230733,True
calibrated_confidence_risk,images/train/S_10384280.jpg,3,2,0.9883694190463019,True
calibrated_confidence_risk,images/train/S_10390016.jpg,1,0,0.10530538834885905,True
calibrated_confidence_risk,images/train/S_10390043.jpg,3,2,0.98260634544702,True
calibrated_confidence_risk,images/train/S_10396713.jpg,1,0,0.0516329894289943,True
calibrated_confidence_risk,images/train/S_10396758.jpg,2,0,0.09276784771120172,True
calibrated_confidence_risk,images/train/S_10401335.jpg,1,0,0.3637938333086398,True
calibrated_confidence_risk,images/train/S_10416752.jpg,10,9,0.9934847023698811,True
calibrated_confidence_risk,images/train/S_10428857.jpg,2,1,0.9849907324995069,True
calibrated_confidence_risk,images/train/S_10428881.jpg,15,11,0.9891081171577247,True
calibrated_confidence_risk,images/train/S_10428913.jpg,13,8,0.9927179070581178,True
calibrated_confidence_risk,images/train/S_10433105.jpg,1,0,0.028645640032991526,True
calibrated_confidence_risk,images/train/S_10433106.jpg,17,12,0.9926573222544481,True
calibrated_confidence_risk,images/train/S_10440800.jpg,1,0,0.16222001333093816,True
calibrated_confidence_risk,images/train/S_10441594.jpg,5,4,0.9921156061018719,True
calibrated_confidence_risk,images/train/S_10450803.jpg,7,6,0.993376637715753,True
calibrated_confidence_risk,images/train/S_10462662.jpg,6,5,0.9929193634562002,True
calibrated_confidence_risk,images/train/S_10464973.jpg,3,2,0.9911013680194276,True
calibrated_confidence_risk,images/train/S_10466317.jpg,9,7,0.9628637212098409,True
calibrated_confidence_risk,images/train/S_10469174.jpg,1,0,0.05427639913688809,True
calibrated_confidence_risk,images/train/S_10469185.jpg,39,33,0.9932235451716572,True
calibrated_confidence_risk,images/train/S_10469188.jpg,34,31,0.9936690167081447,True
calibrated_confidence_risk,images/train/S_10469205.jpg,1,0,0.10744708884084597,True
calibrated_confidence_risk,images/train/S_10471123.jpg,6,5,0.993367835261544,True
calibrated_confidence_risk,images/train/S_10477139.jpg,13,10,0.9910962414362217,True
calibrated_confidence_risk,images/train/S_11001682.jpg,1,0,0.1942164264919971,True
calibrated_confidence_risk,images/train/S_11004843.jpg,40,37,0.9935660137074908,True
calibrated_confidence_risk,images/train/S_11005068.jpg,1,0,0.01769314033644187,True
calibrated_confidence_risk,images/train/S_11005095.jpg,8,7,0.9930961112424542,True
calibrated_confidence_risk,images/train/S_11005138.jpg,1,0,0.39255584677920086,True
calibrated_confidence_risk,images/train/S_11006753.jpg,13,12,0.9923601221416092,True
calibrated_confidence_risk,images/train/S_11007143.jpg,32,30,0.9931952213002144,True
calibrated_confidence_risk,images/train/S_11008865.jpg,8,7,0.9920858329657007,True
calibrated_confidence_risk,images/train/S_11014906.jpg,6,5,0.9932548574702832,True
calibrated_confidence_risk,images/train/S_11014986.jpg,1,0,0.05417687100347657,True
calibrated_confidence_risk,images/train/S_11015679.jpg,8,7,0.9936464778947314,True
calibrated_confidence_risk,images/train/S_11016378.jpg,1,0,0.18665030883307754,True
calibrated_confidence_risk,images/train/S_11016720.jpg,11,10,0.9921298375948624,True
calibrated_confidence_risk,images/train/S_11018125.jpg,15,12,0.9927373302183751,True
calibrated_confidence_risk,images/train/S_11022610.jpg,8,7,0.9910897848561561,True
calibrated_confidence_risk,images/train/S_11023280.jpg,5,4,0.9925955578129924,True
calibrated_confidence_risk,images/train/S_11023571.jpg,8,7,0.9917709422423767,True
calibrated_confidence_risk,images/train/S_11024618.jpg,1,0,0.23156579476047412,True
calibrated_confidence_risk,images/train/S_11024972.jpg,3,2,0.9910632663950106,True
calibrated_confidence_risk,images/train/S_11025056.jpg,10,9,0.9934372526669628,True
calibrated_confidence_risk,images/train/S_11029806.jpg,23,21,0.9934747556842755,True
calibrated_confidence_risk,images/train/S_11030915.jpg,3,2,0.9923140023890282,True
calibrated_confidence_risk,images/train/S_11031181.jpg,1,0,0.4120518429544736,True
calibrated_confidence_risk,images/train/S_11031615.jpg,11,10,0.9935334444578763,True
calibrated_confidence_risk,images/train/S_11031698.jpg,2,1,0.9604691593913132,True
calibrated_confidence_risk,images/train/S_11032503.jpg,2,1,0.9934022535859283,True
calibrated_confidence_risk,images/train/S_11033373.jpg,8,6,0.9910437270758263,True
calibrated_confidence_risk,images/train/S_11033390.jpg,13,12,0.993281348406118,True
calibrated_confidence_risk,images/train/S_11033605.jpg,11,9,0.9928505123358528,True
calibrated_confidence_risk,images/train/S_11033921.jpg,9,8,0.9908604183093227,True
calibrated_confidence_risk,images/train/S_11033932.jpg,3,2,0.9935258236480586,True
calibrated_confidence_risk,images/train/S_11033947.jpg,10,9,0.992789880499443,True
calibrated_confidence_risk,images/train/S_11034234.jpg,3,2,0.9924349799017984,True
calibrated_confidence_risk,images/train/S_11034334.jpg,2,1,0.9820426605968289,True
calibrated_confidence_risk,images/train/S_11035030.jpg,38,36,0.993649107718763,True
calibrated_confidence_risk,images/train/S_11035562.jpg,8,7,0.9936478295331256,True
calibrated_confidence_risk,images/train/S_11036036.jpg,5,4,0.9921587804172047,True
calibrated_confidence_risk,images/train/S_11036341.jpg,21,17,0.9933883079384657,True
calibrated_confidence_risk,images/train/S_11036351.jpg,1,0,0.2752858973980228,True
calibrated_confidence_risk,images/train/S_11040821.jpg,1,0,0.223864952405193,True
calibrated_confidence_risk,images/train/S_11041310.jpg,8,7,0.9932681926478896,True
calibrated_confidence_risk,images/train/S_11041662.jpg,3,2,0.9915591893087435,True
calibrated_confidence_risk,images/train/S_11041732.jpg,4,3,0.9934083460300646,True
calibrated_confidence_risk,images/train/S_11042446.jpg,10,8,0.9915612252604163,True
calibrated_confidence_risk,images/train/S_11044002.jpg,11,5,0.9912210741483513,True
calibrated_confidence_risk,images/train/S_11044070.jpg,4,3,0.9931163632556821,True
calibrated_confidence_risk,images/train/S_11044923.jpg,3,2,0.9898054102741627,True
calibrated_confidence_risk,images/train/S_11044937.jpg,2,1,0.989510277341727,True
calibrated_confidence_risk,images/train/S_11046880.jpg,6,5,0.9909264371888243,True
calibrated_confidence_risk,images/train/S_11046881.jpg,2,1,0.9909421197218852,True
calibrated_confidence_risk,images/train/S_11047139.jpg,2,1,0.9843076006248869,True
calibrated_confidence_risk,images/train/S_11047359.jpg,1,0,0.17659464940313263,True
calibrated_confidence_risk,images/train/S_11047636.jpg,7,6,0.9936416207837229,True
calibrated_confidence_risk,images/train/S_11048124.jpg,2,1,0.8833973213092801,True
calibrated_confidence_risk,images/val/S_11048199.jpg,2,1,0.8541462956620465,True
calibrated_confidence_risk,images/train/S_11048224.jpg,1,0,0.16253919685990137,True
calibrated_confidence_risk,images/train/S_11048293.jpg,3,2,0.9932397810138461,True
calibrated_confidence_risk,images/train/S_11049121.jpg,2,1,0.9366545954719696,True
calibrated_confidence_risk,images/train/S_11049458.jpg,1,0,0.20542072332498051,True
calibrated_confidence_risk,images/train/S_11049507.jpg,13,11,0.993154876442221,True
calibrated_confidence_risk,images/train/S_11049616.jpg,4,3,0.9936704574065813,True
calibrated_confidence_risk,images/train/S_11049817.jpg,2,1,0.9665690410229969,True
calibrated_confidence_risk,images/train/S_11050164.jpg,2,1,0.9934638412955978,True
calibrated_confidence_risk,images/train/S_11050314.jpg,4,3,0.9674691098206282,True
calibrated_confidence_risk,images/train/S_11065657.jpg,5,4,0.9930157575531943,True
calibrated_confidence_risk,images/train/S_11065998.jpg,2,1,0.3951558696392915,True
calibrated_confidence_risk,images/train/S_11067266.jpg,5,4,0.9767946957119216,True
calibrated_confidence_risk,images/train/S_11067589.jpg,16,15,0.9936804260314912,True
calibrated_confidence_risk,images/train/S_11067885.jpg,2,1,0.9029174283759612,True
calibrated_confidence_risk,images/train/S_11068304.jpg,6,5,0.9919312123657185,True
calibrated_confidence_risk,images/train/S_11068413.jpg,9,8,0.9924330690706641,True
calibrated_confidence_risk,images/train/S_11073196.jpg,28,18,0.9933584404598909,True
calibrated_confidence_risk,images/train/S_11073425.jpg,2,1,0.9297441787180731,True
calibrated_confidence_risk,images/train/S_11073427.jpg,10,9,0.9936185358280673,True
calibrated_confidence_risk,images/train/S_11074092.jpg,19,15,0.9935652756964385,True
calibrated_confidence_risk,images/train/S_11074177.jpg,2,1,0.9920666271642108,True
calibrated_confidence_risk,images/train/S_11075496.jpg,1,0,0.0013746003064668555,True
calibrated_confidence_risk,images/train/S_11075500.jpg,1,0,0.0007765565493801363,True
calibrated_confidence_risk,images/train/S_11080318.jpg,1,0,0.18406119418103684,True
calibrated_confidence_risk,images/train/S_11080474.jpg,3,2,0.9866471957753639,True
calibrated_confidence_risk,images/train/S_11080582.jpg,3,2,0.9741871221719071,True
calibrated_confidence_risk,images/train/S_11080610.jpg,24,16,0.9928306311309909,True
calibrated_confidence_risk,images/train/S_11081148.jpg,12,2,0.990653186658412,True
calibrated_confidence_risk,images/train/S_11082711.jpg,1,0,0.2947009587704884,True
calibrated_confidence_risk,images/train/S_11082769.jpg,2,1,0.9934930613268641,True
calibrated_confidence_risk,images/train/S_11082913.jpg,26,22,0.993335617307263,True
calibrated_confidence_risk,images/train/S_11082983.jpg,24,13,0.9926711838811016,True
calibrated_confidence_risk,images/train/S_11082995.jpg,31,20,0.9923092834027162,True
calibrated_confidence_risk,images/train/S_11083351.jpg,26,22,0.9936601145571216,True
calibrated_confidence_risk,images/train/S_11083897.jpg,7,3,0.9911110607825317,True
calibrated_confidence_risk,images/train/S_11085001.jpg,8,7,0.9931161231743082,True
calibrated_confidence_risk,images/train/S_11085137.jpg,3,2,0.9935532558077084,True
calibrated_confidence_risk,images/train/S_11086625.jpg,27,21,0.9929579556345632,True
calibrated_confidence_risk,images/train/S_11087107.jpg,4,3,0.9936178302175365,True
calibrated_confidence_risk,images/train/S_11087606.jpg,3,3,0.9921289811415355,True
calibrated_confidence_risk,images/train/S_11099280.jpg,2,1,0.9931997021999376,True
calibrated_confidence_risk,images/train/S_11100317.jpg,1,0,0.0522007768460081,True
calibrated_confidence_risk,images/train/S_11103429.jpg,2,1,0.9675864556735412,True
calibrated_confidence_risk,images/train/S_11111874.jpg,7,6,0.9930316722244232,True
calibrated_confidence_risk,images/train/S_11124098.jpg,8,7,0.9918344773681554,True
calibrated_confidence_risk,images/train/S_11129363.jpg,4,3,0.9926021638119418,True
calibrated_confidence_risk,images/train/S_11129719.jpg,1,0,0.19048625091747529,True
calibrated_confidence_risk,images/train/S_11130745.jpg,25,24,0.9919202793267475,True
calibrated_confidence_risk,images/train/S_11144373.jpg,1,0,0.014789086723298928,True
calibrated_confidence_risk,images/train/S_11144675.jpg,9,7,0.993630634713493,True
calibrated_confidence_risk,images/train/S_11144941.jpg,1,0,0.18362229962758125,True
calibrated_confidence_risk,images/train/S_11146111.jpg,1,0,0.2978125437602108,True
calibrated_confidence_risk,images/train/S_11153395.jpg,1,0,0.008073584426302238,True
calibrated_confidence_risk,images/train/S_11153550.jpg,56,51,0.9933758493255567,True
calibrated_confidence_risk,images/train/S_11153597.jpg,38,32,0.9933147472842946,True
calibrated_confidence_risk,images/train/S_11153773.jpg,30,25,0.9931563938329382,True
calibrated_confidence_risk,images/train/S_11153784.jpg,25,22,0.9929765769645778,True
calibrated_confidence_risk,images/train/S_11154027.jpg,20,16,0.992243658884311,True
calibrated_confidence_risk,images/train/S_11154125.jpg,4,2,0.9872324487957655,True
calibrated_confidence_risk,images/train/S_11155393.jpg,4,3,0.9926745989100212,True
calibrated_confidence_risk,images/train/S_11155523.jpg,8,5,0.9925535866258202,True
calibrated_confidence_risk,images/train/S_11157565.jpg,35,34,0.9935662080426598,True
calibrated_confidence_risk,images/train/S_11157810.jpg,8,7,0.9927080697672858,True
calibrated_confidence_risk,images/train/S_11158153.jpg,5,4,0.9831988231315628,True
calibrated_confidence_risk,images/train/S_11158596.jpg,2,1,0.5606963359161805,True
calibrated_confidence_risk,images/train/S_11158684.jpg,3,2,0.9925577701091015,True
calibrated_confidence_risk,images/train/S_11171971.jpg,6,5,0.9917139995501661,True
calibrated_confidence_risk,images/train/S_11197423.jpg,12,11,0.9925064876009044,True
calibrated_confidence_risk,images/train/S_11198594.jpg,2,1,0.5596105845437784,True
calibrated_confidence_risk,images/train/S_11222627.jpg,2,1,0.9936315138316569,True
calibrated_confidence_risk,images/train/S_11232362.jpg,1,0,0.08891398330691358,True
calibrated_confidence_risk,images/train/S_11232699.jpg,6,5,0.9934899946825031,True
calibrated_confidence_risk,images/train/S_11234196.jpg,3,2,0.9933347346162636,True
calibrated_confidence_risk,images/train/S_11234486.jpg,4,3,0.993408263316847,True
calibrated_confidence_risk,images/train/S_11348810.jpg,16,15,0.9930297416229608,True
calibrated_confidence_risk,images/train/S_11350098.jpg,2,1,0.9599451177979647,True
calibrated_confidence_risk,images/train/S_11350344.jpg,1,0,0.011243820527454429,True
calibrated_confidence_risk,images/val/S_11350363.jpg,1,0,0.012096236313781317,True
calibrated_confidence_risk,images/train/S_11350366.jpg,1,0,0.014634032012197928,True
calibrated_confidence_risk,images/train/S_11350461.jpg,3,2,0.9929699778065435,True
calibrated_confidence_risk,images/train/S_11351046.jpg,1,0,0.07321120023545646,True
calibrated_confidence_risk,images/train/S_11352018.jpg,2,1,0.5127804026591425,True
calibrated_confidence_risk,images/train/S_11370433.jpg,4,3,0.9920137953706261,True
calibrated_confidence_risk,images/train/S_11379080.jpg,6,4,0.9865160826530408,True
calibrated_confidence_risk,images/train/S_11384875.jpg,2,1,0.9913679750142477,True
calibrated_confidence_risk,images/train/S_11462542.jpg,12,7,0.9931018345022437,True
calibrated_confidence_risk,images/train/S_11462571.jpg,17,13,0.9928249014570352,True
calibrated_confidence_risk,images/train/S_11462577.jpg,19,16,0.9922363039027522,True
calibrated_confidence_risk,images/train/S_11462596.jpg,17,14,0.9917866601571215,True
calibrated_confidence_risk,images/train/S_11462607.jpg,2,1,0.8575307943618956,True
calibrated_confidence_risk,images/train/S_11462621.jpg,16,12,0.9926093791977041,True
calibrated_confidence_risk,images/train/S_11462658.jpg,21,18,0.9936775134094525,True
calibrated_confidence_risk,images/train/S_11462659.jpg,8,7,0.9935798126309422,True
calibrated_confidence_risk,images/train/S_11462685.jpg,15,14,0.9916648028265194,True
calibrated_confidence_risk,images/train/S_11462724.jpg,9,6,0.9920061567369289,True
calibrated_confidence_risk,images/train/S_11462764.jpg,9,6,0.9931348361005337,True
calibrated_confidence_risk,images/train/S_11462822.jpg,4,3,0.9919617597019563,True
calibrated_confidence_risk,images/train/S_11462895.jpg,9,8,0.9936326052102952,True
calibrated_confidence_risk,images/train/S_11462916.jpg,2,1,0.9914993387918166,True
calibrated_confidence_risk,images/train/S_11462951.jpg,8,7,0.9897221600834027,True
calibrated_confidence_risk,images/train/S_11462958.jpg,11,10,0.9918900285472281,True
calibrated_confidence_risk,images/train/S_11462982.jpg,6,5,0.9931056937705486,True
calibrated_confidence_risk,images/train/S_11463023.jpg,10,7,0.9929569934625092,True
calibrated_confidence_risk,images/train/S_11463077.jpg,7,6,0.9875313821387385,True
calibrated_confidence_risk,images/train/S_11463107.jpg,9,7,0.9932096543119742,True
calibrated_confidence_risk,images/train/S_11463120.jpg,11,7,0.9897362932705551,True
calibrated_confidence_risk,images/train/S_11463158.jpg,22,16,0.9930788713264328,True
calibrated_confidence_risk,images/train/S_11463177.jpg,11,10,0.9928308753156143,True
calibrated_confidence_risk,images/train/S_11463209.jpg,13,12,0.9921573350965083,True
calibrated_confidence_risk,images/train/S_11463233.jpg,7,4,0.9848792913327161,True
calibrated_confidence_risk,images/train/S_11463274.jpg,3,2,0.9864522840130032,True
calibrated_confidence_risk,images/train/S_11463386.jpg,5,4,0.993614505748965,True
calibrated_confidence_risk,images/train/S_11463393.jpg,18,14,0.993224216196821,True
calibrated_confidence_risk,images/train/S_11463538.jpg,11,7,0.9925767744012506,True
calibrated_confidence_risk,images/train/S_11463748.jpg,6,5,0.9936377972069632,True
calibrated_confidence_risk,images/train/S_11463754.jpg,5,4,0.991845152207084,True
calibrated_confidence_risk,images/train/S_11502854.jpg,1,0,0.005926517251568564,True
calibrated_confidence_risk,images/train/S_11504680.jpg,5,3,0.9912937223513391,True
calibrated_confidence_risk,images/train/S_11504687.jpg,6,5,0.990681786588998,True
calibrated_confidence_risk,images/train/S_11504689.jpg,4,3,0.9936096358710427,True
calibrated_confidence_risk,images/train/S_11504692.jpg,8,7,0.9898893135460637,True
calibrated_confidence_risk,images/train/S_11504730.jpg,1,0,0.012035237160778589,True
calibrated_confidence_risk,images/train/S_11527151.jpg,1,0,0.014515752141414984,True
calibrated_confidence_risk,images/train/S_11527526.jpg,9,8,0.9936642394387619,True
calibrated_confidence_risk,images/train/S_11530791.jpg,15,14,0.9854359347527021,True
calibrated_confidence_risk,images/train/S_11546130.jpg,15,14,0.9935419952874659,True
calibrated_confidence_risk,images/train/S_11556071.jpg,1,0,0.09724131345481857,True
calibrated_confidence_risk,images/train/S_11567832.jpg,2,1,0.9015003793988601,True
calibrated_confidence_risk,images/train/S_11568376.jpg,4,3,0.9849547798605535,True
calibrated_confidence_risk,images/train/S_11575845.jpg,18,17,0.993609977109743,True
calibrated_confidence_risk,images/train/S_11625828.jpg,22,20,0.9919293709929459,True
calibrated_confidence_risk,images/train/S_11625878.jpg,2,2,0.9808852368071346,True
calibrated_confidence_risk,images/train/S_11625939.jpg,8,7,0.9926184656360328,True
calibrated_confidence_risk,images/train/S_11625940.jpg,8,7,0.9921838009550265,True
calibrated_confidence_risk,images/train/S_11625951.jpg,1,0,0.17614089449146975,True
calibrated_confidence_risk,images/train/S_11625987.jpg,4,2,0.9928672773468729,True
calibrated_confidence_risk,images/train/S_11626263.jpg,6,5,0.992890293411354,True
calibrated_confidence_risk,images/train/S_11626549.jpg,11,10,0.9900826347286767,True
calibrated_confidence_risk,images/train/S_11631644.jpg,6,5,0.9921165934432912,True
calibrated_confidence_risk,images/train/S_11731040.jpg,5,4,0.990187500000229,True
calibrated_confidence_risk,images/train/S_11757372.jpg,18,17,0.9934809080930869,True
calibrated_confidence_risk,images/train/S_11757798.jpg,16,15,0.9932654767987001,True
calibrated_confidence_risk,images/train/S_11759526.jpg,8,7,0.9919914833195058,True
calibrated_confidence_risk,images/train/S_11759763.jpg,1,0,0.16852276676472022,True
calibrated_confidence_risk,images/train/S_11759764.jpg,4,3,0.9919047086536185,True
calibrated_confidence_risk,images/train/S_11760546.jpg,4,3,0.9931685820772717,True
calibrated_confidence_risk,images/train/S_11760999.jpg,2,1,0.7952800758966163,True
calibrated_confidence_risk,images/train/S_11762098.jpg,12,9,0.9915173329124791,True
calibrated_confidence_risk,images/train/S_11762131.jpg,14,12,0.9923920561253561,True
calibrated_confidence_risk,images/train/S_11767354.jpg,6,5,0.9901525893533203,True
calibrated_confidence_risk,images/train/S_11767666.jpg,16,12,0.9923393499191181,True
calibrated_confidence_risk,images/train/S_11768154.jpg,8,7,0.9916522308687736,True
calibrated_confidence_risk,images/train/S_11768167.jpg,10,9,0.989677643977545,True
calibrated_confidence_risk,images/train/S_11768331.jpg,2,1,0.988419441874905,True
calibrated_confidence_risk,images/train/S_11769608.jpg,1,0,0.32064573223962933,True
calibrated_confidence_risk,images/train/S_11769654.jpg,1,0,0.03261742414017277,True
calibrated_confidence_risk,images/train/S_11833229.jpg,19,11,0.9916547492199526,True
calibrated_confidence_risk,images/train/S_11833240.jpg,29,18,0.9930413645316748,True
calibrated_confidence_risk,images/train/S_11833251.jpg,43,21,0.9936107960824856,True
calibrated_confidence_risk,images/train/S_11833256.jpg,17,6,0.9899858988934599,True
calibrated_confidence_risk,images/train/S_11833692.jpg,5,4,0.9913463409223199,True
calibrated_confidence_risk,images/train/S_11833720.jpg,8,7,0.9897625123349683,True
calibrated_confidence_risk,images/train/S_11833728.jpg,70,56,0.9933768991627665,True
calibrated_confidence_risk,images/train/S_11833746.jpg,3,2,0.9908121098918865,True
calibrated_confidence_risk,images/train/S_11833771.jpg,3,2,0.9676171855344378,True
calibrated_confidence_risk,images/train/S_11833822.jpg,3,2,0.992264697484535,True
calibrated_confidence_risk,images/train/S_11833826.jpg,9,8,0.9936478914181412,True
calibrated_confidence_risk,images/train/S_11833831.jpg,1,0,0.13347601638384632,True
calibrated_confidence_risk,images/train/S_11833869.jpg,5,4,0.9894937206491705,True
calibrated_confidence_risk,images/train/S_11833927.jpg,6,5,0.9919657034981988,True
calibrated_confidence_risk,images/train/S_11839267.jpg,9,7,0.9918750272186069,True
calibrated_confidence_risk,images/train/S_11841301.jpg,11,10,0.9930332175135923,True
calibrated_confidence_risk,images/train/S_11841488.jpg,66,51,0.9932076059311162,True
calibrated_confidence_risk,images/train/S_11841613.jpg,67,58,0.9933764902179766,True
calibrated_confidence_risk,images/train/S_11841616.jpg,86,64,0.9936516970555284,True
calibrated_confidence_risk,images/train/S_11845538.jpg,45,31,0.9935724377507601,True
calibrated_confidence_risk,images/train/S_11846750.jpg,24,17,0.9934016254263843,True
calibrated_confidence_risk,images/train/S_11846978.jpg,46,39,0.9935365740968662,True
calibrated_confidence_risk,images/train/S_11848321.jpg,36,35,0.9935657268317424,True
calibrated_confidence_risk,images/train/S_11849023.jpg,6,5,0.9920797708321872,True
calibrated_confidence_risk,images/train/S_11849821.jpg,6,5,0.992090512728473,True
calibrated_confidence_risk,images/train/S_11850030.jpg,25,24,0.9932756379291819,True
calibrated_confidence_risk,images/train/S_11850671.jpg,15,14,0.9918167972217921,True
calibrated_confidence_risk,images/train/S_11854069.jpg,7,6,0.9934822285714628,True
calibrated_confidence_risk,images/train/S_11857161.jpg,16,15,0.9913662306107127,True
calibrated_confidence_risk,images/train/S_11859071.jpg,10,9,0.9913943335040016,True
calibrated_confidence_risk,images/train/S_11862414.jpg,12,11,0.9934636741379174,True
calibrated_confidence_risk,images/train/S_11863542.jpg,2,1,0.8908368474995323,True
calibrated_confidence_risk,images/train/S_11863684.jpg,3,2,0.9922874643325391,True
calibrated_confidence_risk,images/train/S_11869127.jpg,30,29,0.9935292216665305,True
calibrated_confidence_risk,images/train/S_11871353.jpg,9,8,0.9935036407016423,True
calibrated_confidence_risk,images/train/S_11873388.jpg,6,5,0.9916265171710589,True
calibrated_confidence_risk,images/train/S_11879852.jpg,39,34,0.9926105887984236,True
calibrated_confidence_risk,images/train/S_11882946.jpg,5,4,0.9933739162354968,True
calibrated_confidence_risk,images/train/S_11883069.jpg,4,3,0.9927758722741534,True
calibrated_confidence_risk,images/train/S_11887833.jpg,17,15,0.9932275256196131,True
calibrated_confidence_risk,images/train/S_11894833.jpg,5,4,0.9923827133431321,True
calibrated_confidence_risk,images/train/S_11900281.jpg,2,1,0.9560777838493867,True
calibrated_confidence_risk,images/train/S_11906305.jpg,1,0,0.1837193287317055,True
calibrated_confidence_risk,images/train/S_11907175.jpg,7,6,0.988893929188187,True
calibrated_confidence_risk,images/train/S_11915278.jpg,10,9,0.9936238845826718,True
calibrated_confidence_risk,images/train/S_11917333.jpg,4,3,0.9928930956036125,True
calibrated_confidence_risk,images/train/S_11917733.jpg,3,1,0.847517348030664,True
calibrated_confidence_risk,images/train/S_11917870.jpg,4,3,0.9933839431809053,True
calibrated_confidence_risk,images/train/S_11918026.jpg,7,6,0.9916808117913268,True
calibrated_confidence_risk,images/train/S_11918304.jpg,10,9,0.9934148456597587,True
calibrated_confidence_risk,images/train/S_11918307.jpg,7,6,0.9933923927326435,True
calibrated_confidence_risk,images/train/S_11918620.jpg,74,66,0.9936687489267263,True
calibrated_confidence_risk,images/train/S_11919213.jpg,12,10,0.9930077422919189,True
calibrated_confidence_risk,images/train/S_11920593.jpg,33,28,0.9935309412069019,True
calibrated_confidence_risk,images/train/S_11922703.jpg,10,9,0.9935841388799966,True
calibrated_confidence_risk,images/train/S_11922891.jpg,18,16,0.9936839806307127,True
calibrated_confidence_risk,images/train/S_11924950.jpg,9,7,0.9935013855533797,True
calibrated_confidence_risk,images/train/S_11925076.jpg,9,7,0.9933141850399673,True
calibrated_confidence_risk,images/train/S_11926542.jpg,8,7,0.9927735437252082,True
calibrated_confidence_risk,images/train/S_11928765.jpg,11,10,0.9922414685507426,True
calibrated_confidence_risk,images/train/S_11930933.jpg,3,2,0.9851953913874976,True
calibrated_confidence_risk,images/train/S_11931105.jpg,3,2,0.993213812384287,True
calibrated_confidence_risk,images/train/S_11934517.jpg,3,2,0.9817620154521651,True
calibrated_confidence_risk,images/train/S_11940179.jpg,6,5,0.9867101212770444,True
calibrated_confidence_risk,images/train/S_11941493.jpg,70,65,0.9936118232683628,True
calibrated_confidence_risk,images/train/S_11942677.jpg,6,5,0.9874244841784365,True
calibrated_confidence_risk,images/train/S_11943386.jpg,3,2,0.9795950607623605,True
calibrated_confidence_risk,images/train/S_12000323.jpg,2,1,0.9853633033402586,True
calibrated_confidence_risk,images/train/S_12003608.jpg,11,10,0.9929646804044068,True
calibrated_confidence_risk,images/train/S_12003816.jpg,19,18,0.993519964586866,True
calibrated_confidence_risk,images/train/S_12006446.jpg,11,10,0.993133913967766,True
calibrated_confidence_risk,images/train/S_12012025.jpg,5,4,0.9909327233682608,True
calibrated_confidence_risk,images/train/S_12029202.jpg,11,10,0.9928991073054032,True
calibrated_confidence_risk,images/train/S_12040955.jpg,7,6,0.9929463626569213,True
calibrated_confidence_risk,images/train/S_12053535.jpg,31,27,0.9935514703451849,True
calibrated_confidence_risk,images/train/S_12054265.jpg,10,8,0.9935097675926042,True
calibrated_confidence_risk,images/train/S_12065041.jpg,4,3,0.9916624815290711,True
calibrated_confidence_risk,images/train/S_12066120.jpg,1,0,0.15040068922530891,True
calibrated_confidence_risk,images/train/S_12066130.jpg,6,5,0.9901342503761402,True
calibrated_confidence_risk,images/train/S_12070922.jpg,2,1,0.959091292902909,True
calibrated_confidence_risk,images/train/S_12074101.jpg,1,0,0.06141306153579196,True
calibrated_confidence_risk,images/train/S_12081044.jpg,7,6,0.9933646787934584,True
calibrated_confidence_risk,images/train/S_12084169.jpg,5,4,0.9928162854826644,True
calibrated_confidence_risk,images/train/S_12085666.jpg,5,4,0.9918004879155251,True
calibrated_confidence_risk,images/train/S_12085808.jpg,6,5,0.9913523325950161,True
calibrated_confidence_risk,images/train/S_12085871.jpg,7,6,0.9896224913389472,True
calibrated_confidence_risk,images/train/S_12091539.jpg,1,0,0.047696272999799505,True
calibrated_confidence_risk,images/train/S_12091778.jpg,2,1,0.9923746926769352,True
calibrated_confidence_risk,images/train/S_12092008.jpg,13,12,0.9936753133258849,True
calibrated_confidence_risk,images/train/S_12093948.jpg,37,36,0.9933829442482484,True
calibrated_confidence_risk,images/train/S_12095954.jpg,12,10,0.9934175503145303,True
calibrated_confidence_risk,images/train/S_12096475.jpg,3,2,0.9729194797927464,True
calibrated_confidence_risk,images/train/S_12115633.jpg,46,42,0.9936422500454173,True
calibrated_confidence_risk,images/train/S_12122957.jpg,2,1,0.9922689929127873,True
calibrated_confidence_risk,images/train/S_12125714.jpg,7,6,0.992840298951065,True
calibrated_confidence_risk,images/train/S_12127799.jpg,2,0,0.7855857470079609,True
calibrated_confidence_risk,images/train/S_12128912.jpg,39,36,0.9933157011325732,True
calibrated_confidence_risk,images/train/S_12156156.jpg,15,14,0.9936024143267608,True
calibrated_confidence_risk,images/train/S_12157127.jpg,1,0,0.07033085624654789,True
calibrated_confidence_risk,images/train/S_12157137.jpg,8,7,0.988474688930526,True
calibrated_confidence_risk,images/train/S_12157304.jpg,18,15,0.9936011303408225,True
calibrated_confidence_risk,images/train/S_12157529.jpg,7,6,0.9796711395897365,True
calibrated_confidence_risk,images/train/S_12157654.jpg,9,8,0.9933932644088986,True
calibrated_confidence_risk,images/train/S_12157834.jpg,3,2,0.9880499991181111,True
calibrated_confidence_risk,images/train/S_12157942.jpg,1,0,0.010077135767445733,True
calibrated_confidence_risk,images/train/S_12159898.jpg,3,1,0.9827047275508812,True
calibrated_confidence_risk,images/train/S_12160873.jpg,3,2,0.9913960569572907,True
calibrated_confidence_risk,images/train/S_12161104.jpg,4,3,0.9931397684022037,True
calibrated_confidence_risk,images/train/S_12161105.jpg,10,9,0.9935296068714277,True
calibrated_confidence_risk,images/train/S_12177930.jpg,9,8,0.9917863704826435,True
calibrated_confidence_risk,images/train/S_12208687.jpg,34,31,0.9933663683750162,True
calibrated_confidence_risk,images/train/S_12220568.jpg,2,1,0.5919633889631382,True
calibrated_confidence_risk,images/train/S_12220697.jpg,8,7,0.9909258332244152,True
calibrated_confidence_risk,images/train/S_12220756.jpg,6,5,0.9928429189928117,True
calibrated_confidence_risk,images/train/S_12222126.jpg,4,3,0.9729981607599409,True
calibrated_confidence_risk,images/train/S_12223297.jpg,1,0,0.13294633608611728,True
calibrated_confidence_risk,images/train/S_12225379.jpg,3,2,0.979772351987658,True
calibrated_confidence_risk,images/train/S_12226425.jpg,21,19,0.9930897284478233,True
calibrated_confidence_risk,images/train/S_12236644.jpg,3,1,0.5990818574793877,True
calibrated_confidence_risk,images/train/S_12236852.jpg,1,0,0.21513285733507836,True
calibrated_confidence_risk,images/train/S_12236861.jpg,1,0,0.10739595261590762,True
calibrated_confidence_risk,images/train/S_12236888.jpg,8,7,0.9929056877414969,True
calibrated_confidence_risk,images/train/S_12236997.jpg,3,2,0.8388818999958535,True
calibrated_confidence_risk,images/train/S_12239385.jpg,2,1,0.7953953330467415,True
calibrated_confidence_risk,images/train/S_12239468.jpg,3,2,0.988134079558253,True
calibrated_confidence_risk,images/train/S_12253490.jpg,8,7,0.9919922964898844,True
calibrated_confidence_risk,images/train/S_12323308.jpg,4,3,0.992873053102603,True
calibrated_confidence_risk,images/train/S_12326623.jpg,9,8,0.9931402369873883,True
calibrated_confidence_risk,images/train/S_12332734.jpg,1,0,0.22819966126299696,True
calibrated_confidence_risk,images/train/S_12346151.jpg,43,33,0.9933636549792398,True
calibrated_confidence_risk,images/train/S_12349091.jpg,19,16,0.9913530120533007,True
calibrated_confidence_risk,images/train/S_12363373.jpg,7,6,0.9926815759278119,True
calibrated_confidence_risk,images/train/S_12363797.jpg,13,11,0.9932394732706679,True
calibrated_confidence_risk,images/train/S_12365955.jpg,11,10,0.9912909601780474,True
calibrated_confidence_risk,images/train/S_12367063.jpg,3,2,0.9421993279798911,True
calibrated_confidence_risk,images/train/S_12368242.jpg,7,6,0.9934920728521177,True
calibrated_confidence_risk,images/train/S_12369166.jpg,4,3,0.9888262763023395,True
calibrated_confidence_risk,images/train/S_12369938.jpg,9,7,0.9928644675721607,True
calibrated_confidence_risk,images/train/S_12411294.jpg,3,2,0.9933199150654487,True
calibrated_confidence_risk,images/train/S_12415895.jpg,2,2,0.9935936762721624,True
calibrated_confidence_risk,images/train/S_12416067.jpg,5,4,0.9864327640417372,True
calibrated_confidence_risk,images/train/S_12439401.jpg,4,3,0.9930761557315902,True
calibrated_confidence_risk,images/train/S_12451962.jpg,12,11,0.9930223032566824,True
calibrated_confidence_risk,images/train/S_12459545.jpg,7,6,0.9935833522896955,True
calibrated_confidence_risk,images/train/S_12462882.jpg,1,0,0.1273588356496952,True
calibrated_confidence_risk,images/train/S_12462991.jpg,4,3,0.9913283725017259,True
calibrated_confidence_risk,images/train/S_12466711.jpg,2,1,0.8560186188172734,True
calibrated_confidence_risk,images/train/S_12466886.jpg,1,0,0.08572655146915387,True
calibrated_confidence_risk,images/train/S_12467447.jpg,37,33,0.9936889464229852,True
calibrated_confidence_risk,images/train/S_12481433.jpg,21,12,0.9930718312489619,True
calibrated_confidence_risk,images/train/S_12481452.jpg,50,42,0.9936025751141545,True
calibrated_confidence_risk,images/train/S_12494175.jpg,2,1,0.9877367486590094,True
calibrated_confidence_risk,images/train/S_12504184.jpg,5,3,0.9933125659836151,True
calibrated_confidence_risk,images/train/S_12511329.jpg,2,1,0.31822824232711566,True
calibrated_confidence_risk,images/train/S_12511349.jpg,1,0,0.03774110640147177,True
calibrated_confidence_risk,images/train/S_12511586.jpg,9,8,0.9923806142570942,True
calibrated_confidence_risk,images/train/S_12540614.jpg,17,15,0.9931773687312117,True
calibrated_confidence_risk,images/train/S_12544307.jpg,43,37,0.992963604837028,True
calibrated_confidence_risk,images/train/S_12571071.jpg,2,1,0.9918743610519011,True
calibrated_confidence_risk,images/train/S_12588225.jpg,5,4,0.9923225689811541,True
calibrated_confidence_risk,images/train/S_12599629.jpg,1,0,0.22471470948908578,True
calibrated_confidence_risk,images/train/S_12600154.jpg,29,20,0.9931773629463478,True
calibrated_confidence_risk,images/train/S_12602146.jpg,14,12,0.992917013206668,True
calibrated_confidence_risk,images/train/S_12614420.jpg,3,2,0.9902189628090564,True
calibrated_confidence_risk,images/train/S_12614456.jpg,8,6,0.9906067376073036,True
calibrated_confidence_risk,images/train/S_12614457.jpg,1,0,0.14944520533320904,True
calibrated_confidence_risk,images/train/S_12616645.jpg,2,1,0.9924122146393273,True
calibrated_confidence_risk,images/train/S_12616932.jpg,32,28,0.9935982575650981,True
calibrated_confidence_risk,images/train/S_12616987.jpg,12,5,0.9765221442922141,True
calibrated_confidence_risk,images/train/S_12617096.jpg,3,2,0.8864978383735129,True
calibrated_confidence_risk,images/train/Y_000012.jpg,6,3,0.9912472994205779,True
calibrated_confidence_risk,images/train/Y_000019.jpg,5,4,0.9934572469453125,True
calibrated_confidence_risk,images/train/Y_000030.jpg,2,1,0.9847437543398887,True
calibrated_confidence_risk,images/train/Y_000069.jpg,7,6,0.9909256052146218,True
calibrated_confidence_risk,images/train/Y_000082.jpg,4,3,0.9746535005041337,True
calibrated_confidence_risk,images/train/Y_000117.jpg,5,4,0.9932234734413653,True
calibrated_confidence_risk,images/train/Y_000143.jpg,2,1,0.9905509170778289,True
calibrated_confidence_risk,images/train/Y_000189.jpg,7,6,0.9928014015083508,True
calibrated_confidence_risk,images/train/Y_000190.jpg,3,2,0.9767396821664684,True
calibrated_confidence_risk,images/train/Y_000241.jpg,2,1,0.8687287265027683,True
calibrated_confidence_risk,images/train/Y_000245.jpg,1,0,0.14565403922597242,True
calibrated_confidence_risk,images/train/Y_000281.jpg,12,11,0.9935831822473551,True
calibrated_confidence_risk,images/train/Y_000286.jpg,6,5,0.9900440964997289,True
calibrated_confidence_risk,images/train/Y_000299.jpg,4,3,0.9918228638702432,True
calibrated_confidence_risk,images/train/Y_000329.jpg,3,2,0.9888499378766266,True
calibrated_confidence_risk,images/train/Y_000396.jpg,9,8,0.9923779270028008,True
calibrated_confidence_risk,images/train/Y_000414.jpg,4,3,0.9918211925347586,True
calibrated_confidence_risk,images/train/Y_000416.jpg,10,9,0.9926436948284075,True
calibrated_confidence_risk,images/train/Y_000423.jpg,1,0,0.031112900631176332,True
calibrated_confidence_risk,images/train/Y_000458.jpg,5,3,0.9832174975668218,True
calibrated_confidence_risk,images/train/Y_000470.jpg,3,2,0.991042279841973,True
calibrated_confidence_risk,images/train/Y_000477.jpg,3,1,0.9934868152474783,True
calibrated_confidence_risk,images/train/Y_000546.jpg,7,4,0.9917923945278514,True
calibrated_confidence_risk,images/train/Y_000584.jpg,9,0,0.17220339027603226,True
calibrated_confidence_risk,images/train/Y_000586.jpg,1,0,0.01222981359047004,True
calibrated_confidence_risk,images/train/Y_000605.jpg,8,1,0.9924290482657848,True
calibrated_confidence_risk,images/train/Y_000608.jpg,9,0,0.11294541307618366,True
calibrated_confidence_risk,images/train/Y_000614.jpg,7,0,0.6472086040163083,True
calibrated_confidence_risk,images/train/Y_000664.jpg,9,1,0.9409783631254347,True
calibrated_confidence_risk,images/train/Y_000673.jpg,9,2,0.9900440593024816,True
calibrated_confidence_risk,images/train/Y_000696.jpg,16,8,0.9914485043047206,True
calibrated_confidence_risk,images/train/Y_000704.jpg,14,5,0.9907053771007217,True
calibrated_confidence_risk,images/train/Y_000714.jpg,16,8,0.9929949885895437,True
calibrated_confidence_risk,images/train/Y_000715.jpg,28,18,0.9934789936006548,True
calibrated_confidence_risk,images/train/Y_000724.jpg,2,0,0.2074312495699936,True
calibrated_confidence_risk,images/train/Y_000745.jpg,2,1,0.9569041712870899,True
calibrated_confidence_risk,images/train/Y_000750.jpg,2,1,0.7553810310357855,True
calibrated_confidence_risk,images/train/Y_000755.jpg,1,0,0.009745217883832202,True
calibrated_confidence_risk,images/train/Y_000769.jpg,7,6,0.9934485165322124,True
calibrated_confidence_risk,images/train/Y_000774.jpg,1,0,0.01049202059878973,True
calibrated_confidence_risk,images/train/Y_000781.jpg,1,0,0.019798199120744098,True
calibrated_confidence_risk,images/train/Y_000815.jpg,4,3,0.9902369969738247,True
calibrated_confidence_risk,images/train/Y_000853.jpg,12,5,0.9912042123899532,True
calibrated_confidence_risk,images/train/Y_000882.jpg,12,3,0.992783316191084,True
calibrated_confidence_risk,images/train/Y_000884.jpg,6,5,0.9936408174338528,True
calibrated_confidence_risk,images/train/Y_000886.jpg,9,4,0.9934301399886634,True
calibrated_confidence_risk,images/train/Y_000903.jpg,10,1,0.9869315140911152,True
calibrated_confidence_risk,images/train/Y_000906.jpg,3,2,0.9934378223975068,True
calibrated_confidence_risk,images/train/Y_000912.jpg,4,3,0.9931574848723951,True
calibrated_confidence_risk,images/train/Y_000915.jpg,4,3,0.9929480023548406,True
calibrated_confidence_risk,images/train/Y_000925.jpg,9,0,0.7140255414829478,True
calibrated_confidence_risk,images/train/Y_000932.jpg,4,3,0.9720388400934642,True
calibrated_confidence_risk,images/train/Y_000945.jpg,8,7,0.9926779641579584,True
calibrated_confidence_risk,images/train/Y_000956.jpg,4,3,0.9920569881752518,True
calibrated_confidence_risk,images/train/Y_000979.jpg,7,5,0.9930808116950538,True
calibrated_confidence_risk,images/train/Y_000988.jpg,13,12,0.9921193666788204,True
calibrated_confidence_risk,images/train/Y_001024.jpg,1,0,0.03359179354493136,True
calibrated_confidence_risk,images/val/Y_001026.jpg,1,0,0.01767677531668521,True
calibrated_confidence_risk,images/train/Y_001037.jpg,2,1,0.990329436875336,True
calibrated_confidence_risk,images/train/Y_001168.jpg,1,0,0.009035284871016236,True
calibrated_confidence_risk,images/train/Y_001183.jpg,1,0,0.00748865768379281,True
calibrated_confidence_risk,images/train/Y_001257.jpg,23,21,0.9935314854675269,True
calibrated_confidence_risk,images/train/Y_001289.jpg,6,5,0.9936179163945679,True
calibrated_confidence_risk,images/train/Y_001476.jpg,5,4,0.9923076519276289,True
calibrated_confidence_risk,images/train/Y_001499.jpg,2,1,0.9856792266401936,True
calibrated_confidence_risk,images/train/Y_001614.jpg,4,3,0.9921094544442154,True
calibrated_confidence_risk,images/train/Y_001624.jpg,7,7,0.9928747056278415,True
calibrated_confidence_risk,images/train/Y_001782.jpg,5,4,0.9913559524987237,True
calibrated_confidence_risk,images/train/Y_001797.jpg,4,3,0.9932989089364112,True
calibrated_confidence_risk,images/train/Y_001805.jpg,1,0,0.07244157116733474,True
calibrated_confidence_risk,images/train/Y_001851.jpg,1,0,0.17373982620588735,True
calibrated_confidence_risk,images/train/Y_001855.jpg,9,8,0.9929021976210113,True
calibrated_confidence_risk,images/train/Y_001868.jpg,1,0,0.23495568919424203,True
calibrated_confidence_risk,images/train/Y_001878.jpg,1,1,0.10605783218856246,True
calibrated_confidence_risk,images/train/Y_001892.jpg,1,0,0.034131558916236204,True
calibrated_confidence_risk,images/train/Y_001904.jpg,3,2,0.986572515386703,True
calibrated_confidence_risk,images/train/Y_001917.jpg,1,0,0.03219773301417228,True
calibrated_confidence_risk,images/train/Y_001918.jpg,1,0,0.17517652570984132,True
calibrated_confidence_risk,images/train/Y_001930.jpg,1,0,0.12046947254030416,True
calibrated_confidence_risk,images/train/Y_001988.jpg,2,0,0.5247688149107439,True
calibrated_confidence_risk,images/train/Y_001995.jpg,1,0,0.09529136322362464,True
calibrated_confidence_risk,images/train/Y_002004.jpg,1,0,0.07697919601115255,True
calibrated_confidence_risk,images/train/Y_002065.jpg,8,7,0.9903150343386877,True
calibrated_confidence_risk,images/train/Y_002082.jpg,1,0,0.17232034882046143,True
calibrated_confidence_risk,images/train/Y_002084.jpg,1,0,0.13656930326451466,True
calibrated_confidence_risk,images/train/Y_002087.jpg,1,0,0.15244431627028343,True
calibrated_confidence_risk,images/train/Y_002092.jpg,2,1,0.9767587003825164,True
calibrated_confidence_risk,images/train/Y_002130.jpg,4,2,0.9933477285283376,True
calibrated_confidence_risk,images/train/Y_002147.jpg,11,9,0.993668225509433,True
calibrated_confidence_risk,images/train/Y_002164.jpg,1,0,0.202544801386217,True
calibrated_confidence_risk,images/train/Y_002167.jpg,7,6,0.9908607502110776,True
calibrated_confidence_risk,images/train/Y_002178.jpg,2,1,0.9936512783199248,True
calibrated_confidence_risk,images/train/Y_002186.jpg,2,1,0.9801377469545776,True
calibrated_confidence_risk,images/train/Y_002201.jpg,6,5,0.9915906736799726,True
calibrated_confidence_risk,images/train/Y_002220.jpg,4,3,0.9932576913413295,True
calibrated_confidence_risk,images/train/Y_002221.jpg,9,8,0.9931556620377523,True
calibrated_confidence_risk,images/train/Y_002227.jpg,5,4,0.9928289640777135,True
calibrated_confidence_risk,images/train/Y_002275.jpg,20,19,0.9936623134920236,True
calibrated_confidence_risk,images/train/Y_002296.jpg,3,3,0.9890415511656727,True
calibrated_confidence_risk,images/train/Y_002303.jpg,4,3,0.9928488001781504,True
calibrated_confidence_risk,images/train/Y_002333.jpg,12,11,0.9934887574969573,True
calibrated_confidence_risk,images/train/Y_002371.jpg,5,4,0.9926308323194238,True
calibrated_confidence_risk,images/train/Y_002393.jpg,7,7,0.9931073951776322,True
calibrated_confidence_risk,images/train/Y_002413.jpg,1,0,0.032247894390794785,True
calibrated_confidence_risk,images/train/Y_002482.jpg,12,11,0.9936675077625178,True
calibrated_confidence_risk,images/train/Y_002483.jpg,1,0,0.05345917170846559,True
calibrated_confidence_risk,images/train/Y_002484.jpg,1,0,0.12665212522999691,True
calibrated_confidence_risk,images/train/Y_002505.jpg,2,1,0.9929678666011555,True
calibrated_confidence_risk,images/train/Y_002547.jpg,11,10,0.9907384535505026,True
calibrated_confidence_risk,images/train/Y_002548.jpg,3,2,0.9915951800137445,True
calibrated_confidence_risk,images/train/Y_002563.jpg,4,3,0.9936225838319936,True
calibrated_confidence_risk,images/train/Y_002566.jpg,3,2,0.9668234112093577,True
calibrated_confidence_risk,images/train/Y_002571.jpg,1,0,0.06497818706233649,True
calibrated_confidence_risk,images/train/Y_003653.jpg,26,21,0.9926652675959702,True
calibrated_confidence_risk,images/train/Y_004063.jpg,3,1,0.962181453175732,True
calibrated_confidence_risk,images/train/Y_006375.jpg,21,20,0.9935369673981406,True
calibrated_confidence_risk,images/train/Y_008515.jpg,20,19,0.9936286399241909,True
calibrated_confidence_risk,images/train/Y_008530.jpg,3,1,0.9929387704922679,True
calibrated_confidence_risk,images/train/Y_008537.jpg,2,1,0.9888362572800194,True
calibrated_confidence_risk,images/train/Y_008570.jpg,7,6,0.9929941253786225,True
calibrated_confidence_risk,images/train/Y_011315.jpg,6,6,0.9934002181401196,True
calibrated_confidence_risk,images/train/Y_011492.jpg,5,5,0.9936542592074875,True
calibrated_confidence_risk,images/train/Y_011500.jpg,2,1,0.9920302561886801,True
calibrated_confidence_risk,images/train/Y_011621.jpg,7,6,0.9934311689771476,True
calibrated_confidence_risk,images/train/Y_011626.jpg,21,20,0.9930677821328497,True
calibrated_confidence_risk,images/train/Y_011640.jpg,20,16,0.9936876670929202,True
calibrated_confidence_risk,images/train/Y_011778.jpg,6,5,0.9911685423314185,True
calibrated_confidence_risk,images/train/Y_011792.jpg,10,9,0.9935669049886262,True
calibrated_confidence_risk,images/train/Y_011859.jpg,13,10,0.9926945425471119,True
calibrated_confidence_risk,images/train/Y_011861.jpg,6,4,0.9905012952402715,True
class_consistency_risk,images/train/0006194.jpg,3,2,0.0,True
class_consistency_risk,images/train/0045408.jpg,10,9,0.6,True
class_consistency_risk,images/train/0048868.jpg,9,8,0.2666666666666667,True
class_consistency_risk,images/train/0058380.jpg,1,0,0.0,True
class_consistency_risk,images/train/0059120.jpg,6,5,0.33333333333333337,True
class_consistency_risk,images/train/0061887.jpg,2,1,0.0,True
class_consistency_risk,images/train/0061956.jpg,18,15,0.55,True
class_consistency_risk,images/train/0061974.jpg,17,14,0.30000000000000004,True
class_consistency_risk,images/train/0063023.jpg,1,0,0.0,True
class_consistency_risk,images/train/0063030.jpg,3,2,0.2666666666666667,True
class_consistency_risk,images/train/0063118.jpg,18,14,0.4,True
class_consistency_risk,images/train/0065376.jpg,6,5,0.625,True
class_consistency_risk,images/train/0065596.jpg,2,1,0.0,True
class_consistency_risk,images/train/0065902.jpg,10,8,0.2666666666666667,True
class_consistency_risk,images/train/0065939.jpg,7,5,0.0,True
class_consistency_risk,images/train/0065943.jpg,5,4,0.6,True
class_consistency_risk,images/train/0065947.jpg,4,2,0.08333333333333337,True
class_consistency_risk,images/train/0065977.jpg,3,2,0.2666666666666667,True
class_consistency_risk,images/train/0066130.jpg,19,17,0.2666666666666667,True
class_consistency_risk,images/train/0067329.jpg,1,0,0.0,True
class_consistency_risk,images/train/0067993.jpg,3,2,0.2666666666666667,True
class_consistency_risk,images/train/0068026.jpg,3,2,0.125,True
class_consistency_risk,images/train/0068071.jpg,4,3,0.2666666666666667,True
class_consistency_risk,images/train/0068096.jpg,5,4,0.33333333333333326,True
class_consistency_risk,images/train/0068728.jpg,6,6,0.0,True
class_consistency_risk,images/train/0069406.jpg,15,11,0.08333333333333337,True
class_consistency_risk,images/train/0072520.jpg,2,1,0.125,True
class_consistency_risk,images/train/0075059.jpg,4,3,0.2666666666666667,True
class_consistency_risk,images/train/0079911.jpg,2,0,0.0,True
class_consistency_risk,images/train/0080268.jpg,1,0,0.0,True
class_consistency_risk,images/train/0084218.jpg,5,4,0.0,True
class_consistency_risk,images/train/0093085.jpg,2,1,0.0,True
class_consistency_risk,images/train/0097802.jpg,10,9,0.43333333333333335,True
class_consistency_risk,images/train/0098796.jpg,2,1,0.0,True
class_consistency_risk,images/train/0100794.jpg,3,2,0.0,True
class_consistency_risk,images/train/0105983.jpg,1,0,0.0,True
class_consistency_risk,images/train/0106237.jpg,2,1,0.0,True
class_consistency_risk,images/train/0107314.jpg,18,15,0.55,True
class_consistency_risk,images/train/0107421.jpg,9,8,0.2666666666666667,True
class_consistency_risk,images/train/0108219.jpg,1,0,0.0,True
class_consistency_risk,images/train/0108367.jpg,3,2,0.2666666666666667,True
class_consistency_risk,images/train/0124142.jpg,5,4,0.4,True
class_consistency_risk,images/train/0149825.jpg,1,0,0.0,True
class_consistency_risk,images/train/0223193.jpg,2,1,0.0,True
class_consistency_risk,images/train/0223464.jpg,7,6,0.33333333333333326,True
class_consistency_risk,images/train/0273269.jpg,3,2,0.0,True
class_consistency_risk,images/train/0335581.jpg,2,1,0.0,True
class_consistency_risk,images/train/0341843.jpg,2,1,0.0,True
class_consistency_risk,images/train/0344893.jpg,18,17,0.25,True
class_consistency_risk,images/train/0344980.jpg,1,0,0.0,True
class_consistency_risk,images/train/0344995.jpg,12,11,0.33333333333333326,True
class_consistency_risk,images/train/0345170.jpg,3,2,0.0,True
class_consistency_risk,images/train/0352319.jpg,13,12,0.2666666666666667,True
class_consistency_risk,images/train/0357225.jpg,43,41,0.5333333333333333,True
class_consistency_risk,images/train/0370467.jpg,18,17,0.2666666666666667,True
class_consistency_risk,images/train/0370597.jpg,8,7,0.2666666666666667,True
class_consistency_risk,images/train/0370611.jpg,6,5,0.25,True
class_consistency_risk,images/train/0370652.jpg,2,1,0.2666666666666667,True
class_consistency_risk,images/val/0370676.jpg,1,0,0.0,True
class_consistency_risk,images/train/0371737.jpg,15,13,0.4666666666666667,True
class_consistency_risk,images/train/0372822.jpg,4,3,0.375,True
class_consistency_risk,images/train/0373458.jpg,1,0,0.0,True
class_consistency_risk,images/train/0373538.jpg,4,3,0.0,True
class_consistency_risk,images/train/0373725.jpg,8,7,0.25,True
class_consistency_risk,images/train/0373938.jpg,1,0,0.0,True
class_consistency_risk,images/train/0374232.jpg,1,0,0.09999999999999998,True
class_consistency_risk,images/train/0374307.jpg,6,4,0.44999999999999996,True
class_consistency_risk,images/train/0374722.jpg,1,0,0.0,True
class_consistency_risk,images/train/0374773.jpg,6,5,0.2666666666666667,True
class_consistency_risk,images/train/0374823.jpg,22,15,0.44999999999999996,True
class_consistency_risk,images/train/0375514.jpg,5,4,0.75,True
class_consistency_risk,images/train/0375522.jpg,2,1,0.5666666666666667,True
class_consistency_risk,images/train/0375527.jpg,7,6,0.33333333333333326,True
class_consistency_risk,images/train/0376073.jpg,8,7,0.09999999999999998,True
class_consistency_risk,images/train/0376357.jpg,1,0,0.0,True
class_consistency_risk,images/train/0376375.jpg,12,11,0.2666666666666667,True
class_consistency_risk,images/train/0376450.jpg,22,20,0.4666666666666667,True
class_consistency_risk,images/train/0377363.jpg,7,6,0.4,True
class_consistency_risk,images/train/0377507.jpg,29,28,0.0,True
class_consistency_risk,images/train/0377739.jpg,1,0,0.0,True
class_consistency_risk,images/train/0377845.jpg,34,31,0.4,True
class_consistency_risk,images/train/0378117.jpg,4,3,0.33333333333333326,True
class_consistency_risk,images/train/0378183.jpg,2,1,0.2666666666666667,True
class_consistency_risk,images/train/0378723.jpg,5,4,0.2666666666666667,True
class_consistency_risk,images/train/0378737.jpg,3,2,0.25,True
class_consistency_risk,images/train/0390841.jpg,1,0,0.0,True
class_consistency_risk,images/train/0390881.jpg,2,1,0.0,True
class_consistency_risk,images/train/0390915.jpg,1,0,0.0,True
class_consistency_risk,images/train/0390929.jpg,1,0,0.0,True
class_consistency_risk,images/train/0392410.jpg,5,4,0.06666666666666665,True
class_consistency_risk,images/train/0392531.jpg,18,12,0.2666666666666667,True
class_consistency_risk,images/train/0394635.jpg,1,0,0.0,True
class_consistency_risk,images/train/03947.jpg,1,0,0.0,True
class_consistency_risk,images/train/0395903.jpg,7,5,0.30000000000000004,True
class_consistency_risk,images/train/0396118.jpg,2,1,0.0,True
class_consistency_risk,images/train/0396126.jpg,1,0,0.0,True
class_consistency_risk,images/train/0396128.jpg,2,1,0.0,True
class_consistency_risk,images/train/0398670.jpg,11,10,0.25,True
class_consistency_risk,images/train/0399260.jpg,8,7,0.44999999999999996,True
class_consistency_risk,images/train/0399701.jpg,13,12,0.35,True
class_consistency_risk,images/train/0404763.jpg,1,0,0.0,True
class_consistency_risk,images/train/0406416.jpg,7,7,0.19999999999999996,True
class_consistency_risk,images/train/0407749.jpg,20,19,0.35,True
class_consistency_risk,images/train/0409436.jpg,13,12,0.2666666666666667,True
class_consistency_risk,images/train/0413982.jpg,2,1,0.0,True
class_consistency_risk,images/train/0416512.jpg,14,10,0.44999999999999996,True
class_consistency_risk,images/train/0418786.jpg,31,24,0.30000000000000004,True
class_consistency_risk,images/train/0418788.jpg,77,69,0.2666666666666667,True
class_consistency_risk,images/train/0419091.jpg,4,3,0.2666666666666667,True
class_consistency_risk,images/train/0422855.jpg,1,0,0.0,True
class_consistency_risk,images/train/0424339.jpg,1,0,0.0,True
class_consistency_risk,images/train/0430383.jpg,4,3,0.0,True
class_consistency_risk,images/train/0430711.jpg,1,0,0.0,True
class_consistency_risk,images/train/0432245.jpg,21,20,0.3666666666666667,True
class_consistency_risk,images/train/1005_data.jpg,10,9,0.44999999999999996,True
class_consistency_risk,images/train/1011_data.jpg,20,17,0.7,True
class_consistency_risk,images/train/1084_data.jpg,11,10,0.55,True
class_consistency_risk,images/train/11097.jpg,11,7,0.09999999999999998,True
class_consistency_risk,images/train/1183_data.jpg,4,4,0.44999999999999996,True
class_consistency_risk,images/train/1212_data.jpg,1,0,0.0,True
class_consistency_risk,images/train/1332_data.jpg,1,0,0.0,True
class_consistency_risk,images/train/1334_data.jpg,2,1,0.08333333333333337,True
class_consistency_risk,images/train/1337_data.jpg,3,2,0.4666666666666667,True
class_consistency_risk,images/train/1347_data.jpg,14,13,0.25,True
class_consistency_risk,images/train/1425_data.jpg,3,2,0.2666666666666667,True
class_consistency_risk,images/train/14609.jpg,8,7,0.13333333333333341,True
class_consistency_risk,images/train/2369_data.jpg,10,0,0.0,True
class_consistency_risk,images/train/2373_data.jpg,25,17,0.5,True
class_consistency_risk,images/train/546_data.jpg,12,11,0.0,True
class_consistency_risk,images/train/AAA (2).jpg,5,4,0.050000000000000044,True
class_consistency_risk,images/train/AAA (3).jpg,11,10,0.7,True
class_consistency_risk,images/train/E_002011.jpg,5,0,0.0,True
class_consistency_risk,images/train/E_003318.jpg,7,6,0.2666666666666667,True
class_consistency_risk,images/train/E_003329.jpg,1,0,0.0,True
class_consistency_risk,images/train/E_003341.jpg,3,2,0.5,True
class_consistency_risk,images/train/E_003363.jpg,6,3,0.050000000000000044,True
class_consistency_risk,images/train/E_003365.jpg,26,20,0.5,True
class_consistency_risk,images/train/E_003378.jpg,3,2,0.2666666666666667,True
class_consistency_risk,images/train/E_003380.jpg,46,35,0.44999999999999996,True
class_consistency_risk,images/train/E_003394.jpg,1,0,0.0,True
class_consistency_risk,images/train/E_003395.jpg,18,15,0.09999999999999998,True
class_consistency_risk,images/train/E_003433.jpg,1,0,0.0,True
class_consistency_risk,images/train/E_003434.jpg,7,6,0.33333333333333337,True
class_consistency_risk,images/train/E_003442.jpg,6,5,0.2666666666666667,True
class_consistency_risk,images/train/E_003452.jpg,37,33,0.44999999999999996,True
class_consistency_risk,images/train/E_003453.jpg,26,23,0.65,True
class_consistency_risk,images/train/E_003459.jpg,38,28,0.5,True
class_consistency_risk,images/train/E_003460.jpg,24,18,0.5,True
class_consistency_risk,images/train/E_003464.jpg,8,7,0.55,True
class_consistency_risk,images/train/E_003493.jpg,7,2,0.09999999999999998,True
class_consistency_risk,images/train/E_003545.jpg,3,2,0.0,True
class_consistency_risk,images/train/E_003547.jpg,43,39,0.9166666666666666,True
class_consistency_risk,images/train/E_003551.jpg,2,1,0.09999999999999998,True
class_consistency_risk,images/train/E_003566.jpg,1,0,0.0,True
class_consistency_risk,images/train/E_003585.jpg,4,3,0.2666666666666667,True
class_consistency_risk,images/train/E_003595.jpg,4,3,0.2666666666666667,True
class_consistency_risk,images/train/E_003601.jpg,13,12,0.41666666666666663,True
class_consistency_risk,images/train/E_003615.jpg,2,1,0.15000000000000002,True
class_consistency_risk,images/train/E_003623.jpg,9,7,0.6,True
class_consistency_risk,images/train/E_003657.jpg,2,1,0.19999999999999996,True
class_consistency_risk,images/train/E_003840.jpg,5,2,0.0,True
class_consistency_risk,images/train/E_005148.jpg,13,12,0.19999999999999996,True
class_consistency_risk,images/train/E_005498.jpg,17,16,0.625,True
class_consistency_risk,images/train/E_007424.jpg,3,2,0.0,True
class_consistency_risk,images/train/E_010343.jpg,2,1,0.0,True
class_consistency_risk,images/train/E_011129.jpg,17,14,0.4,True
class_consistency_risk,images/train/E_012618.jpg,2,2,0.2666666666666667,True
class_consistency_risk,images/train/S_10004166.jpg,1,0,0.0,True
class_consistency_risk,images/train/S_10004278.jpg,5,4,0.25,True
class_consistency_risk,images/train/S_10004587.jpg,4,2,0.0,True
class_consistency_risk,images/train/S_10004896.jpg,8,7,0.625,True
class_consistency_risk,images/train/S_10005140.jpg,1,0,0.0,True
class_consistency_risk,images/train/S_10005602.jpg,9,8,0.19999999999999996,True
class_consistency_risk,images/train/S_10007295.jpg,1,0,0.0,True
class_consistency_risk,images/train/S_10009551.jpg,11,10,0.4666666666666667,True
class_consistency_risk,images/train/S_10009966.jpg,13,11,0.30000000000000004,True
class_consistency_risk,images/train/S_10010112.jpg,1,0,0.0,True
class_consistency_risk,images/train/S_10010598.jpg,1,0,0.0,True
class_consistency_risk,images/train/S_10011982.jpg,16,15,0.2666666666666667,True
class_consistency_risk,images/train/S_10012851.jpg,9,8,0.5333333333333333,True
class_consistency_risk,images/train/S_10014378.jpg,1,0,0.0,True
class_consistency_risk,images/train/S_10014938.jpg,1,0,0.0,True
class_consistency_risk,images/train/S_10026888.jpg,2,1,0.0,True
class_consistency_risk,images/train/S_10028597.jpg,16,15,0.5833333333333334,True
class_consistency_risk,images/train/S_10028796.jpg,11,10,0.0,True
class_consistency_risk,images/train/S_10028829.jpg,1,0,0.0,True
class_consistency_risk,images/train/S_10029106.jpg,22,18,0.6,True
class_consistency_risk,images/train/S_10029348.jpg,8,5,0.4,True
class_consistency_risk,images/train/S_10031044.jpg,2,1,0.0,True
class_consistency_risk,images/train/S_10031230.jpg,2,1,0.0,True
class_consistency_risk,images/train/S_10031704.jpg,4,3,0.2666666666666667,True
class_consistency_risk,images/train/S_10036032.jpg,5,4,0.7,True
class_consistency_risk,images/train/S_10037262.jpg,2,1,0.09999999999999998,True
class_consistency_risk,images/train/S_10037373.jpg,5,4,0.19999999999999996,True
class_consistency_risk,images/train/S_10059391.jpg,20,14,0.2666666666666667,True
class_consistency_risk,images/train/S_10059420.jpg,1,0,0.0,True
class_consistency_risk,images/train/S_10060033.jpg,8,7,0.5,True
class_consistency_risk,images/train/S_10061742.jpg,9,8,0.65,True
class_consistency_risk,images/train/S_10061748.jpg,3,2,0.2666666666666667,True
class_consistency_risk,images/train/S_10061753.jpg,9,8,0.2666666666666667,True
class_consistency_risk,images/train/S_10067633.jpg,1,0,0.0,True
class_consistency_risk,images/train/S_10070699.jpg,18,17,0.4666666666666667,True
class_consistency_risk,images/train/S_10075550.jpg,12,11,0.0,True
class_consistency_risk,images/train/S_10082101.jpg,17,16,0.08333333333333337,True
class_consistency_risk,images/train/S_10096816.jpg,4,3,0.0,True
class_consistency_risk,images/train/S_10097101.jpg,4,2,0.0,True
class_consistency_risk,images/train/S_10097169.jpg,4,3,0.33333333333333326,True
class_consistency_risk,images/train/S_10099360.jpg,19,17,0.6666666666666667,True
class_consistency_risk,images/train/S_10099985.jpg,3,2,0.25,True
class_consistency_risk,images/train/S_10100614.jpg,27,22,0.2666666666666667,True
class_consistency_risk,images/train/S_10100963.jpg,5,4,0.75,True
class_consistency_risk,images/train/S_10101052.jpg,25,25,0.3666666666666667,True
class_consistency_risk,images/train/S_10101439.jpg,3,3,0.0,True
class_consistency_risk,images/train/S_10103461.jpg,5,4,0.5,True
class_consistency_risk,images/train/S_10103773.jpg,11,10,0.3666666666666667,True
class_consistency_risk,images/train/S_10106427.jpg,37,33,0.7333333333333334,True
class_consistency_risk,images/train/S_10106812.jpg,20,19,0.2666666666666667,True
class_consistency_risk,images/train/S_10136790.jpg,12,9,0.25,True
class_consistency_risk,images/train/S_10139323.jpg,8,7,0.6,True
class_consistency_risk,images/train/S_10157805.jpg,3,2,0.0,True
class_consistency_risk,images/train/S_10175668.jpg,2,2,0.4,True
class_consistency_risk,images/train/S_10194624.jpg,17,16,0.5666666666666667,True
class_consistency_risk,images/train/S_10216665.jpg,1,0,0.0,True
class_consistency_risk,images/train/S_10224035.jpg,12,11,0.44999999999999996,True
class_consistency_risk,images/train/S_10254420.jpg,1,0,0.0,True
class_consistency_risk,images/train/S_10254693.jpg,24,20,0.5,True
class_consistency_risk,images/train/S_10271957.jpg,1,0,0.0,True
class_consistency_risk,images/train/S_10274980.jpg,5,3,0.08333333333333337,True
class_consistency_risk,images/train/S_10277863.jpg,2,1,0.09999999999999998,True
class_consistency_risk,images/train/S_10277986.jpg,2,1,0.2666666666666667,True
class_consistency_risk,images/train/S_10278330.jpg,5,4,0.19999999999999996,True
class_consistency_risk,images/train/S_10279487.jpg,25,22,0.7,True
class_consistency_risk,images/train/S_10279712.jpg,2,1,0.0,True
class_consistency_risk,images/train/S_10279717.jpg,2,1,0.33333333333333326,True
class_consistency_risk,images/train/S_10281966.jpg,3,2,0.2666666666666667,True
class_consistency_risk,images/train/S_10282343.jpg,5,3,0.050000000000000044,True
class_consistency_risk,images/train/S_10284683.jpg,1,0,0.0,True
class_consistency_risk,images/train/S_10284985.jpg,3,2,0.3666666666666667,True
class_consistency_risk,images/train/S_10288588.jpg,2,1,0.2666666666666667,True
class_consistency_risk,images/train/S_10289526.jpg,5,5,0.6,True
class_consistency_risk,images/train/S_10292442.jpg,4,3,0.2666666666666667,True
class_consistency_risk,images/train/S_10292867.jpg,2,1,0.0,True
class_consistency_risk,images/train/S_10294124.jpg,14,13,0.30000000000000004,True
class_consistency_risk,images/train/S_10302423.jpg,1,0,0.0,True
class_consistency_risk,images/train/S_10303427.jpg,2,1,0.25,True
class_consistency_risk,images/train/S_10306026.jpg,3,2,0.3666666666666667,True
class_consistency_risk,images/train/S_10307242.jpg,3,2,0.25,True
class_consistency_risk,images/train/S_10307954.jpg,2,1,0.0,True
class_consistency_risk,images/train/S_10309209.jpg,5,2,0.19999999999999996,True
class_consistency_risk,images/train/S_10309738.jpg,8,7,0.2666666666666667,True
class_consistency_risk,images/train/S_10310253.jpg,9,6,0.2666666666666667,True
class_consistency_risk,images/train/S_10310254.jpg,9,6,0.0,True
class_consistency_risk,images/train/S_10310413.jpg,12,11,0.13333333333333341,True
class_consistency_risk,images/train/S_10310459.jpg,2,0,0.0,True
class_consistency_risk,images/train/S_10310620.jpg,5,3,0.08333333333333337,True
class_consistency_risk,images/train/S_10311760.jpg,12,7,0.7,True
class_consistency_risk,images/train/S_10312068.jpg,3,2,0.0,True
class_consistency_risk,images/train/S_10317012.jpg,26,24,0.09999999999999998,True
class_consistency_risk,images/train/S_10329964.jpg,10,9,0.2666666666666667,True
class_consistency_risk,images/train/S_10331308.jpg,4,3,0.2666666666666667,True
class_consistency_risk,images/train/S_10337526.jpg,9,6,0.8,True
class_consistency_risk,images/train/S_10337527.jpg,11,8,0.44999999999999996,True
class_consistency_risk,images/train/S_10337984.jpg,13,11,0.625,True
class_consistency_risk,images/train/S_10338040.jpg,1,0,0.0,True
class_consistency_risk,images/train/S_10340756.jpg,3,2,0.5,True
class_consistency_risk,images/train/S_10347002.jpg,1,0,0.0,True
class_consistency_risk,images/train/S_10347086.jpg,4,2,0.4666666666666667,True
class_consistency_risk,images/train/S_10347146.jpg,5,4,0.0,True
class_consistency_risk,images/train/S_10368444.jpg,7,6,0.33333333333333326,True
class_consistency_risk,images/train/S_10369701.jpg,10,9,0.2666666666666667,True
class_consistency_risk,images/train/S_10370027.jpg,1,0,0.0,True
class_consistency_risk,images/train/S_10370075.jpg,11,10,0.35,True
class_consistency_risk,images/train/S_10376042.jpg,5,4,0.0,True
class_consistency_risk,images/train/S_10376045.jpg,8,7,0.08333333333333337,True
class_consistency_risk,images/train/S_10376280.jpg,1,0,0.0,True
class_consistency_risk,images/train/S_10376917.jpg,1,0,0.0,True
class_consistency_risk,images/train/S_10377758.jpg,1,0,0.0,True
class_consistency_risk,images/train/S_10377815.jpg,5,4,0.2666666666666667,True
class_consistency_risk,images/train/S_10377816.jpg,1,0,0.0,True
class_consistency_risk,images/train/S_10377838.jpg,3,2,0.33333333333333326,True
class_consistency_risk,images/train/S_10377865.jpg,1,0,0.0,True
class_consistency_risk,images/train/S_10377880.jpg,1,0,0.0,True
class_consistency_risk,images/train/S_10377882.jpg,1,0,0.0,True
class_consistency_risk,images/train/S_10377991.jpg,4,3,0.5333333333333333,True
class_consistency_risk,images/train/S_10378746.jpg,1,0,0.0,True
class_consistency_risk,images/train/S_10380457.jpg,6,5,0.33333333333333326,True
class_consistency_risk,images/train/S_10384280.jpg,3,2,0.0,True
class_consistency_risk,images/train/S_10390016.jpg,1,0,0.0,True
class_consistency_risk,images/train/S_10390043.jpg,3,2,0.33333333333333326,True
class_consistency_risk,images/train/S_10396713.jpg,1,0,0.0,True
class_consistency_risk,images/train/S_10396758.jpg,2,0,0.0,True
class_consistency_risk,images/train/S_10401335.jpg,1,0,0.0,True
class_consistency_risk,images/train/S_10416752.jpg,10,9,0.6,True
class_consistency_risk,images/train/S_10428857.jpg,2,1,0.0,True
class_consistency_risk,images/train/S_10428881.jpg,15,11,0.15000000000000002,True
class_consistency_risk,images/train/S_10428913.jpg,13,8,0.6,True
class_consistency_risk,images/train/S_10433105.jpg,1,0,0.0,True
class_consistency_risk,images/train/S_10433106.jpg,17,12,0.30000000000000004,True
class_consistency_risk,images/train/S_10440800.jpg,1,0,0.0,True
class_consistency_risk,images/train/S_10441594.jpg,5,4,0.6,True
class_consistency_risk,images/train/S_10450803.jpg,7,6,0.0,True
class_consistency_risk,images/train/S_10462662.jpg,6,5,0.75,True
class_consistency_risk,images/train/S_10464973.jpg,3,2,0.2666666666666667,True
class_consistency_risk,images/train/S_10466317.jpg,9,7,0.25,True
class_consistency_risk,images/train/S_10469174.jpg,1,0,0.0,True
class_consistency_risk,images/train/S_10469185.jpg,39,33,0.55,True
class_consistency_risk,images/train/S_10469188.jpg,34,31,0.2666666666666667,True
class_consistency_risk,images/train/S_10469205.jpg,1,0,0.0,True
class_consistency_risk,images/train/S_10471123.jpg,6,5,0.125,True
class_consistency_risk,images/train/S_10477139.jpg,13,10,0.2666666666666667,True
class_consistency_risk,images/train/S_11001682.jpg,1,0,0.0,True
class_consistency_risk,images/train/S_11004843.jpg,40,37,0.4666666666666667,True
class_consistency_risk,images/train/S_11005068.jpg,1,0,0.0,True
class_consistency_risk,images/train/S_11005095.jpg,8,7,0.2666666666666667,True
class_consistency_risk,images/train/S_11005138.jpg,1,0,0.0,True
class_consistency_risk,images/train/S_11006753.jpg,13,12,0.6666666666666667,True
class_consistency_risk,images/train/S_11007143.jpg,32,30,0.4,True
class_consistency_risk,images/train/S_11008865.jpg,8,7,0.2666666666666667,True
class_consistency_risk,images/train/S_11014906.jpg,6,5,0.06666666666666665,True
class_consistency_risk,images/train/S_11014986.jpg,1,0,0.0,True
class_consistency_risk,images/train/S_11015679.jpg,8,7,0.7,True
class_consistency_risk,images/train/S_11016378.jpg,1,0,0.0,True
class_consistency_risk,images/train/S_11016720.jpg,11,10,0.33333333333333326,True
class_consistency_risk,images/train/S_11018125.jpg,15,12,0.2666666666666667,True
class_consistency_risk,images/train/S_11022610.jpg,8,7,0.7,True
class_consistency_risk,images/train/S_11023280.jpg,5,4,0.4666666666666667,True
class_consistency_risk,images/train/S_11023571.jpg,8,7,0.5,True
class_consistency_risk,images/train/S_11024618.jpg,1,0,0.0,True
class_consistency_risk,images/train/S_11024972.jpg,3,2,0.0,True
class_consistency_risk,images/train/S_11025056.jpg,10,9,0.4,True
class_consistency_risk,images/train/S_11029806.jpg,23,21,0.9,True
class_consistency_risk,images/train/S_11030915.jpg,3,2,0.0,True
class_consistency_risk,images/train/S_11031181.jpg,1,0,0.0,True
class_consistency_risk,images/train/S_11031615.jpg,11,10,0.5333333333333333,True
class_consistency_risk,images/train/S_11031698.jpg,2,1,0.2666666666666667,True
class_consistency_risk,images/train/S_11032503.jpg,2,1,0.0,True
class_consistency_risk,images/train/S_11033373.jpg,8,6,0.050000000000000044,True
class_consistency_risk,images/train/S_11033390.jpg,13,12,0.6333333333333333,True
class_consistency_risk,images/train/S_11033605.jpg,11,9,0.33333333333333326,True
class_consistency_risk,images/train/S_11033921.jpg,9,8,0.2666666666666667,True
class_consistency_risk,images/train/S_11033932.jpg,3,2,0.08333333333333337,True
class_consistency_risk,images/train/S_11033947.jpg,10,9,0.5,True
class_consistency_risk,images/train/S_11034234.jpg,3,2,0.08333333333333337,True
class_consistency_risk,images/train/S_11034334.jpg,2,1,0.0,True
class_consistency_risk,images/train/S_11035030.jpg,38,36,0.7,True
class_consistency_risk,images/train/S_11035562.jpg,8,7,0.2666666666666667,True
class_consistency_risk,images/train/S_11036036.jpg,5,4,0.2666666666666667,True
class_consistency_risk,images/train/S_11036341.jpg,21,17,0.6333333333333333,True
class_consistency_risk,images/train/S_11036351.jpg,1,0,0.0,True
class_consistency_risk,images/train/S_11040821.jpg,1,0,0.0,True
class_consistency_risk,images/train/S_11041310.jpg,8,7,0.2666666666666667,True
class_consistency_risk,images/train/S_11041662.jpg,3,2,0.25,True
class_consistency_risk,images/train/S_11041732.jpg,4,3,0.15000000000000002,True
class_consistency_risk,images/train/S_11042446.jpg,10,8,0.0,True
class_consistency_risk,images/train/S_11044002.jpg,11,5,0.30000000000000004,True
class_consistency_risk,images/train/S_11044070.jpg,4,3,0.25,True
class_consistency_risk,images/train/S_11044923.jpg,3,2,0.2666666666666667,True
class_consistency_risk,images/train/S_11044937.jpg,2,1,0.0,True
class_consistency_risk,images/train/S_11046880.jpg,6,5,0.4,True
class_consistency_risk,images/train/S_11046881.jpg,2,1,0.0,True
class_consistency_risk,images/train/S_11047139.jpg,2,1,0.0,True
class_consistency_risk,images/train/S_11047359.jpg,1,0,0.0,True
class_consistency_risk,images/train/S_11047636.jpg,7,6,0.19999999999999996,True
class_consistency_risk,images/train/S_11048124.jpg,2,1,0.0,True
class_consistency_risk,images/val/S_11048199.jpg,2,1,0.0,True
class_consistency_risk,images/train/S_11048224.jpg,1,0,0.0,True
class_consistency_risk,images/train/S_11048293.jpg,3,2,0.0,True
class_consistency_risk,images/train/S_11049121.jpg,2,1,0.0,True
class_consistency_risk,images/train/S_11049458.jpg,1,0,0.0,True
class_consistency_risk,images/train/S_11049507.jpg,13,11,0.25,True
class_consistency_risk,images/train/S_11049616.jpg,4,3,0.125,True
class_consistency_risk,images/train/S_11049817.jpg,2,1,0.0,True
class_consistency_risk,images/train/S_11050164.jpg,2,1,0.2666666666666667,True
class_consistency_risk,images/train/S_11050314.jpg,4,3,0.25,True
class_consistency_risk,images/train/S_11065657.jpg,5,4,0.06666666666666665,True
class_consistency_risk,images/train/S_11065998.jpg,2,1,0.0,True
class_consistency_risk,images/train/S_11067266.jpg,5,4,0.0,True
class_consistency_risk,images/train/S_11067589.jpg,16,15,0.0,True
class_consistency_risk,images/train/S_11067885.jpg,2,1,0.0,True
class_consistency_risk,images/train/S_11068304.jpg,6,5,0.25,True
class_consistency_risk,images/train/S_11068413.jpg,9,8,0.0,True
class_consistency_risk,images/train/S_11073196.jpg,28,18,0.33333333333333326,True
class_consistency_risk,images/train/S_11073425.jpg,2,1,0.0,True
class_consistency_risk,images/train/S_11073427.jpg,10,9,0.0,True
class_consistency_risk,images/train/S_11074092.jpg,19,15,0.08333333333333337,True
class_consistency_risk,images/train/S_11074177.jpg,2,1,0.125,True
class_consistency_risk,images/train/S_11075496.jpg,1,0,0.0,True
class_consistency_risk,images/train/S_11075500.jpg,1,0,0.0,True
class_consistency_risk,images/train/S_11080318.jpg,1,0,0.0,True
class_consistency_risk,images/train/S_11080474.jpg,3,2,0.2666666666666667,True
class_consistency_risk,images/train/S_11080582.jpg,3,2,0.125,True
class_consistency_risk,images/train/S_11080610.jpg,24,16,0.125,True
class_consistency_risk,images/train/S_11081148.jpg,12,2,0.2666666666666667,True
class_consistency_risk,images/train/S_11082711.jpg,1,0,0.0,True
class_consistency_risk,images/train/S_11082769.jpg,2,1,0.33333333333333326,True
class_consistency_risk,images/train/S_11082913.jpg,26,22,0.5,True
class_consistency_risk,images/train/S_11082983.jpg,24,13,0.050000000000000044,True
class_consistency_risk,images/train/S_11082995.jpg,31,20,0.19999999999999996,True
class_consistency_risk,images/train/S_11083351.jpg,26,22,0.7,True
class_consistency_risk,images/train/S_11083897.jpg,7,3,0.19999999999999996,True
class_consistency_risk,images/train/S_11085001.jpg,8,7,0.2666666666666667,True
class_consistency_risk,images/train/S_11085137.jpg,3,2,0.0,True
class_consistency_risk,images/train/S_11086625.jpg,27,21,0.6,True
class_consistency_risk,images/train/S_11087107.jpg,4,3,0.2666666666666667,True
class_consistency_risk,images/train/S_11087606.jpg,3,3,0.09999999999999998,True
class_consistency_risk,images/train/S_11099280.jpg,2,1,0.0,True
class_consistency_risk,images/train/S_11100317.jpg,1,0,0.0,True
class_consistency_risk,images/train/S_11103429.jpg,2,1,0.0,True
class_consistency_risk,images/train/S_11111874.jpg,7,6,0.0,True
class_consistency_risk,images/train/S_11124098.jpg,8,7,0.0,True
class_consistency_risk,images/train/S_11129363.jpg,4,3,0.2666666666666667,True
class_consistency_risk,images/train/S_11129719.jpg,1,0,0.0,True
class_consistency_risk,images/train/S_11130745.jpg,25,24,0.19999999999999996,True
class_consistency_risk,images/train/S_11144373.jpg,1,0,0.0,True
class_consistency_risk,images/train/S_11144675.jpg,9,7,0.33333333333333326,True
class_consistency_risk,images/train/S_11144941.jpg,1,0,0.0,True
class_consistency_risk,images/train/S_11146111.jpg,1,0,0.0,True
class_consistency_risk,images/train/S_11153395.jpg,1,0,0.0,True
class_consistency_risk,images/train/S_11153550.jpg,56,51,0.6,True
class_consistency_risk,images/train/S_11153597.jpg,38,32,0.4,True
class_consistency_risk,images/train/S_11153773.jpg,30,25,0.5333333333333333,True
class_consistency_risk,images/train/S_11153784.jpg,25,22,0.0,True
class_consistency_risk,images/train/S_11154027.jpg,20,16,0.4,True
class_consistency_risk,images/train/S_11154125.jpg,4,2,0.050000000000000044,True
class_consistency_risk,images/train/S_11155393.jpg,4,3,0.2666666666666667,True
class_consistency_risk,images/train/S_11155523.jpg,8,5,0.0,True
class_consistency_risk,images/train/S_11157565.jpg,35,34,0.43333333333333335,True
class_consistency_risk,images/train/S_11157810.jpg,8,7,0.09999999999999998,True
class_consistency_risk,images/train/S_11158153.jpg,5,4,0.4666666666666667,True
class_consistency_risk,images/train/S_11158596.jpg,2,1,0.2666666666666667,True
class_consistency_risk,images/train/S_11158684.jpg,3,2,0.19999999999999996,True
class_consistency_risk,images/train/S_11171971.jpg,6,5,0.125,True
class_consistency_risk,images/train/S_11197423.jpg,12,11,0.0,True
class_consistency_risk,images/train/S_11198594.jpg,2,1,0.0,True
class_consistency_risk,images/train/S_11222627.jpg,2,1,0.0,True
class_consistency_risk,images/train/S_11232362.jpg,1,0,0.0,True
class_consistency_risk,images/train/S_11232699.jpg,6,5,0.2666666666666667,True
class_consistency_risk,images/train/S_11234196.jpg,3,2,0.6,True
class_consistency_risk,images/train/S_11234486.jpg,4,3,0.125,True
class_consistency_risk,images/train/S_11348810.jpg,16,15,0.125,True
class_consistency_risk,images/train/S_11350098.jpg,2,1,0.0,True
class_consistency_risk,images/train/S_11350344.jpg,1,0,0.0,True
class_consistency_risk,images/val/S_11350363.jpg,1,0,0.0,True
class_consistency_risk,images/train/S_11350366.jpg,1,0,0.0,True
class_consistency_risk,images/train/S_11350461.jpg,3,2,0.2666666666666667,True
class_consistency_risk,images/train/S_11351046.jpg,1,0,0.0,True
class_consistency_risk,images/train/S_11352018.jpg,2,1,0.0,True
class_consistency_risk,images/train/S_11370433.jpg,4,3,0.2666666666666667,True
class_consistency_risk,images/train/S_11379080.jpg,6,4,0.5,True
class_consistency_risk,images/train/S_11384875.jpg,2,1,0.0,True
class_consistency_risk,images/train/S_11462542.jpg,12,7,0.2666666666666667,True
class_consistency_risk,images/train/S_11462571.jpg,17,13,0.25,True
class_consistency_risk,images/train/S_11462577.jpg,19,16,0.5333333333333333,True
class_consistency_risk,images/train/S_11462596.jpg,17,14,0.35,True
class_consistency_risk,images/train/S_11462607.jpg,2,1,0.0,True
class_consistency_risk,images/train/S_11462621.jpg,16,12,0.5,True
class_consistency_risk,images/train/S_11462658.jpg,21,18,0.65,True
class_consistency_risk,images/train/S_11462659.jpg,8,7,0.33333333333333326,True
class_consistency_risk,images/train/S_11462685.jpg,15,14,0.5,True
class_consistency_risk,images/train/S_11462724.jpg,9,6,0.2666666666666667,True
class_consistency_risk,images/train/S_11462764.jpg,9,6,0.09999999999999998,True
class_consistency_risk,images/train/S_11462822.jpg,4,3,0.2666666666666667,True
class_consistency_risk,images/train/S_11462895.jpg,9,8,0.6,True
class_consistency_risk,images/train/S_11462916.jpg,2,1,0.2666666666666667,True
class_consistency_risk,images/train/S_11462951.jpg,8,7,0.2666666666666667,True
class_consistency_risk,images/train/S_11462958.jpg,11,10,0.6333333333333333,True
class_consistency_risk,images/train/S_11462982.jpg,6,5,0.2666666666666667,True
class_consistency_risk,images/train/S_11463023.jpg,10,7,0.33333333333333326,True
class_consistency_risk,images/train/S_11463077.jpg,7,6,0.06666666666666665,True
class_consistency_risk,images/train/S_11463107.jpg,9,7,0.2666666666666667,True
class_consistency_risk,images/train/S_11463120.jpg,11,7,0.2666666666666667,True
class_consistency_risk,images/train/S_11463158.jpg,22,16,0.25,True
class_consistency_risk,images/train/S_11463177.jpg,11,10,0.4666666666666667,True
class_consistency_risk,images/train/S_11463209.jpg,13,12,0.5333333333333333,True
class_consistency_risk,images/train/S_11463233.jpg,7,4,0.050000000000000044,True
class_consistency_risk,images/train/S_11463274.jpg,3,2,0.6333333333333333,True
class_consistency_risk,images/train/S_11463386.jpg,5,4,0.2666666666666667,True
class_consistency_risk,images/train/S_11463393.jpg,18,14,0.2666666666666667,True
class_consistency_risk,images/train/S_11463538.jpg,11,7,0.375,True
class_consistency_risk,images/train/S_11463748.jpg,6,5,0.19999999999999996,True
class_consistency_risk,images/train/S_11463754.jpg,5,4,0.4666666666666667,True
class_consistency_risk,images/train/S_11502854.jpg,1,0,0.0,True
class_consistency_risk,images/train/S_11504680.jpg,5,3,1.0,True
class_consistency_risk,images/train/S_11504687.jpg,6,5,0.06666666666666665,True
class_consistency_risk,images/train/S_11504689.jpg,4,3,0.3666666666666667,True
class_consistency_risk,images/train/S_11504692.jpg,8,7,0.41666666666666663,True
class_consistency_risk,images/train/S_11504730.jpg,1,0,0.0,True
class_consistency_risk,images/train/S_11527151.jpg,1,0,0.0,True
class_consistency_risk,images/train/S_11527526.jpg,9,8,0.2666666666666667,True
class_consistency_risk,images/train/S_11530791.jpg,15,14,0.625,True
class_consistency_risk,images/train/S_11546130.jpg,15,14,0.5833333333333334,True
class_consistency_risk,images/train/S_11556071.jpg,1,0,0.0,True
class_consistency_risk,images/train/S_11567832.jpg,2,1,0.0,True
class_consistency_risk,images/train/S_11568376.jpg,4,3,0.2666666666666667,True
class_consistency_risk,images/train/S_11575845.jpg,18,17,0.0,True
class_consistency_risk,images/train/S_11625828.jpg,22,20,0.5,True
class_consistency_risk,images/train/S_11625878.jpg,2,2,0.19999999999999996,True
class_consistency_risk,images/train/S_11625939.jpg,8,7,0.33333333333333326,True
class_consistency_risk,images/train/S_11625940.jpg,8,7,0.2666666666666667,True
class_consistency_risk,images/train/S_11625951.jpg,1,0,0.0,True
class_consistency_risk,images/train/S_11625987.jpg,4,2,0.06666666666666665,True
class_consistency_risk,images/train/S_11626263.jpg,6,5,0.08333333333333337,True
class_consistency_risk,images/train/S_11626549.jpg,11,10,0.4666666666666667,True
class_consistency_risk,images/train/S_11631644.jpg,6,5,0.2666666666666667,True
class_consistency_risk,images/train/S_11731040.jpg,5,4,0.5,True
class_consistency_risk,images/train/S_11757372.jpg,18,17,0.29166666666666663,True
class_consistency_risk,images/train/S_11757798.jpg,16,15,0.7,True
class_consistency_risk,images/train/S_11759526.jpg,8,7,0.2666666666666667,True
class_consistency_risk,images/train/S_11759763.jpg,1,0,0.0,True
class_consistency_risk,images/train/S_11759764.jpg,4,3,0.5416666666666667,True
class_consistency_risk,images/train/S_11760546.jpg,4,3,0.2666666666666667,True
class_consistency_risk,images/train/S_11760999.jpg,2,1,0.08333333333333337,True
class_consistency_risk,images/train/S_11762098.jpg,12,9,0.2666666666666667,True
class_consistency_risk,images/train/S_11762131.jpg,14,12,0.5,True
class_consistency_risk,images/train/S_11767354.jpg,6,5,0.15000000000000002,True
class_consistency_risk,images/train/S_11767666.jpg,16,12,0.4,True
class_consistency_risk,images/train/S_11768154.jpg,8,7,0.2666666666666667,True
class_consistency_risk,images/train/S_11768167.jpg,10,9,0.2666666666666667,True
class_consistency_risk,images/train/S_11768331.jpg,2,1,0.15000000000000002,True
class_consistency_risk,images/train/S_11769608.jpg,1,0,0.0,True
class_consistency_risk,images/train/S_11769654.jpg,1,0,0.0,True
class_consistency_risk,images/train/S_11833229.jpg,19,11,0.4,True
class_consistency_risk,images/train/S_11833240.jpg,29,18,0.2666666666666667,True
class_consistency_risk,images/train/S_11833251.jpg,43,21,0.44999999999999996,True
class_consistency_risk,images/train/S_11833256.jpg,17,6,0.19999999999999996,True
class_consistency_risk,images/train/S_11833692.jpg,5,4,0.55,True
class_consistency_risk,images/train/S_11833720.jpg,8,7,0.0,True
class_consistency_risk,images/train/S_11833728.jpg,70,56,0.6,True
class_consistency_risk,images/train/S_11833746.jpg,3,2,0.0,True
class_consistency_risk,images/train/S_11833771.jpg,3,2,0.0,True
class_consistency_risk,images/train/S_11833822.jpg,3,2,0.0,True
class_consistency_risk,images/train/S_11833826.jpg,9,8,0.2666666666666667,True
class_consistency_risk,images/train/S_11833831.jpg,1,0,0.0,True
class_consistency_risk,images/train/S_11833869.jpg,5,4,0.25,True
class_consistency_risk,images/train/S_11833927.jpg,6,5,0.33333333333333326,True
class_consistency_risk,images/train/S_11839267.jpg,9,7,0.19999999999999996,True
class_consistency_risk,images/train/S_11841301.jpg,11,10,0.4,True
class_consistency_risk,images/train/S_11841488.jpg,66,51,1.0,True
class_consistency_risk,images/train/S_11841613.jpg,67,58,0.4666666666666667,True
class_consistency_risk,images/train/S_11841616.jpg,86,64,0.30000000000000004,True
class_consistency_risk,images/train/S_11845538.jpg,45,31,0.5,True
class_consistency_risk,images/train/S_11846750.jpg,24,17,0.43333333333333335,True
class_consistency_risk,images/train/S_11846978.jpg,46,39,0.375,True
class_consistency_risk,images/train/S_11848321.jpg,36,35,0.3666666666666667,True
class_consistency_risk,images/train/S_11849023.jpg,6,5,0.5,True
class_consistency_risk,images/train/S_11849821.jpg,6,5,0.75,True
class_consistency_risk,images/train/S_11850030.jpg,25,24,0.6,True
class_consistency_risk,images/train/S_11850671.jpg,15,14,0.2666666666666667,True
class_consistency_risk,images/train/S_11854069.jpg,7,6,0.125,True
class_consistency_risk,images/train/S_11857161.jpg,16,15,0.2666666666666667,True
class_consistency_risk,images/train/S_11859071.jpg,10,9,0.7,True
class_consistency_risk,images/train/S_11862414.jpg,12,11,0.7333333333333334,True
class_consistency_risk,images/train/S_11863542.jpg,2,1,0.09999999999999998,True
class_consistency_risk,images/train/S_11863684.jpg,3,2,0.2666666666666667,True
class_consistency_risk,images/train/S_11869127.jpg,30,29,0.0,True
class_consistency_risk,images/train/S_11871353.jpg,9,8,0.33333333333333337,True
class_consistency_risk,images/train/S_11873388.jpg,6,5,0.0,True
class_consistency_risk,images/train/S_11879852.jpg,39,34,0.0,True
class_consistency_risk,images/train/S_11882946.jpg,5,4,0.2666666666666667,True
class_consistency_risk,images/train/S_11883069.jpg,4,3,0.2666666666666667,True
class_consistency_risk,images/train/S_11887833.jpg,17,15,0.2666666666666667,True
class_consistency_risk,images/train/S_11894833.jpg,5,4,0.2666666666666667,True
class_consistency_risk,images/train/S_11900281.jpg,2,1,0.2666666666666667,True
class_consistency_risk,images/train/S_11906305.jpg,1,0,0.0,True
class_consistency_risk,images/train/S_11907175.jpg,7,6,0.09999999999999998,True
class_consistency_risk,images/train/S_11915278.jpg,10,9,0.5333333333333333,True
class_consistency_risk,images/train/S_11917333.jpg,4,3,0.2666666666666667,True
class_consistency_risk,images/train/S_11917733.jpg,3,1,0.5,True
class_consistency_risk,images/train/S_11917870.jpg,4,3,0.2666666666666667,True
class_consistency_risk,images/train/S_11918026.jpg,7,6,0.4666666666666667,True
class_consistency_risk,images/train/S_11918304.jpg,10,9,0.2666666666666667,True
class_consistency_risk,images/train/S_11918307.jpg,7,6,0.33333333333333326,True
class_consistency_risk,images/train/S_11918620.jpg,74,66,0.6,True
class_consistency_risk,images/train/S_11919213.jpg,12,10,0.09999999999999998,True
class_consistency_risk,images/train/S_11920593.jpg,33,28,0.125,True
class_consistency_risk,images/train/S_11922703.jpg,10,9,0.8,True
class_consistency_risk,images/train/S_11922891.jpg,18,16,0.33333333333333326,True
class_consistency_risk,images/train/S_11924950.jpg,9,7,0.0,True
class_consistency_risk,images/train/S_11925076.jpg,9,7,0.15000000000000002,True
class_consistency_risk,images/train/S_11926542.jpg,8,7,0.125,True
class_consistency_risk,images/train/S_11928765.jpg,11,10,0.33333333333333326,True
class_consistency_risk,images/train/S_11930933.jpg,3,2,0.0,True
class_consistency_risk,images/train/S_11931105.jpg,3,2,0.0,True
class_consistency_risk,images/train/S_11934517.jpg,3,2,0.0,True
class_consistency_risk,images/train/S_11940179.jpg,6,5,0.2666666666666667,True
class_consistency_risk,images/train/S_11941493.jpg,70,65,0.0,True
class_consistency_risk,images/train/S_11942677.jpg,6,5,0.0,True
class_consistency_risk,images/train/S_11943386.jpg,3,2,0.0,True
class_consistency_risk,images/train/S_12000323.jpg,2,1,0.0,True
class_consistency_risk,images/train/S_12003608.jpg,11,10,0.3666666666666667,True
class_consistency_risk,images/train/S_12003816.jpg,19,18,0.0,True
class_consistency_risk,images/train/S_12006446.jpg,11,10,0.0,True
class_consistency_risk,images/train/S_12012025.jpg,5,4,0.0,True
class_consistency_risk,images/train/S_12029202.jpg,11,10,0.2666666666666667,True
class_consistency_risk,images/train/S_12040955.jpg,7,6,0.41666666666666663,True
class_consistency_risk,images/train/S_12053535.jpg,31,27,0.125,True
class_consistency_risk,images/train/S_12054265.jpg,10,8,0.30000000000000004,True
class_consistency_risk,images/train/S_12065041.jpg,4,3,0.13333333333333341,True
class_consistency_risk,images/train/S_12066120.jpg,1,0,0.0,True
class_consistency_risk,images/train/S_12066130.jpg,6,5,0.25,True
class_consistency_risk,images/train/S_12070922.jpg,2,1,0.09999999999999998,True
class_consistency_risk,images/train/S_12074101.jpg,1,0,0.0,True
class_consistency_risk,images/train/S_12081044.jpg,7,6,0.2666666666666667,True
class_consistency_risk,images/train/S_12084169.jpg,5,4,0.09999999999999998,True
class_consistency_risk,images/train/S_12085666.jpg,5,4,0.5,True
class_consistency_risk,images/train/S_12085808.jpg,6,5,0.19999999999999996,True
class_consistency_risk,images/train/S_12085871.jpg,7,6,0.375,True
class_consistency_risk,images/train/S_12091539.jpg,1,0,0.0,True
class_consistency_risk,images/train/S_12091778.jpg,2,1,0.25,True
class_consistency_risk,images/train/S_12092008.jpg,13,12,0.5333333333333333,True
class_consistency_risk,images/train/S_12093948.jpg,37,36,0.6,True
class_consistency_risk,images/train/S_12095954.jpg,12,10,0.6333333333333333,True
class_consistency_risk,images/train/S_12096475.jpg,3,2,0.2666666666666667,True
class_consistency_risk,images/train/S_12115633.jpg,46,42,0.125,True
class_consistency_risk,images/train/S_12122957.jpg,2,1,0.08333333333333337,True
class_consistency_risk,images/train/S_12125714.jpg,7,6,0.33333333333333326,True
class_consistency_risk,images/train/S_12127799.jpg,2,0,0.0,True
class_consistency_risk,images/train/S_12128912.jpg,39,36,0.75,True
class_consistency_risk,images/train/S_12156156.jpg,15,14,0.5333333333333333,True
class_consistency_risk,images/train/S_12157127.jpg,1,0,0.0,True
class_consistency_risk,images/train/S_12157137.jpg,8,7,0.33333333333333326,True
class_consistency_risk,images/train/S_12157304.jpg,18,15,0.125,True
class_consistency_risk,images/train/S_12157529.jpg,7,6,0.125,True
class_consistency_risk,images/train/S_12157654.jpg,9,8,0.30000000000000004,True
class_consistency_risk,images/train/S_12157834.jpg,3,2,0.2666666666666667,True
class_consistency_risk,images/train/S_12157942.jpg,1,0,0.0,True
class_consistency_risk,images/train/S_12159898.jpg,3,1,0.0,True
class_consistency_risk,images/train/S_12160873.jpg,3,2,0.875,True
class_consistency_risk,images/train/S_12161104.jpg,4,3,0.25,True
class_consistency_risk,images/train/S_12161105.jpg,10,9,0.5,True
class_consistency_risk,images/train/S_12177930.jpg,9,8,0.19999999999999996,True
class_consistency_risk,images/train/S_12208687.jpg,34,31,0.19999999999999996,True
class_consistency_risk,images/train/S_12220568.jpg,2,1,0.4666666666666667,True
class_consistency_risk,images/train/S_12220697.jpg,8,7,0.35,True
class_consistency_risk,images/train/S_12220756.jpg,6,5,0.2666666666666667,True
class_consistency_risk,images/train/S_12222126.jpg,4,3,0.0,True
class_consistency_risk,images/train/S_12223297.jpg,1,0,0.0,True
class_consistency_risk,images/train/S_12225379.jpg,3,2,0.2666666666666667,True
class_consistency_risk,images/train/S_12226425.jpg,21,19,0.2666666666666667,True
class_consistency_risk,images/train/S_12236644.jpg,3,1,0.0,True
class_consistency_risk,images/train/S_12236852.jpg,1,0,0.0,True
class_consistency_risk,images/train/S_12236861.jpg,1,0,0.0,True
class_consistency_risk,images/train/S_12236888.jpg,8,7,0.4,True
class_consistency_risk,images/train/S_12236997.jpg,3,2,0.65,True
class_consistency_risk,images/train/S_12239385.jpg,2,1,0.0,True
class_consistency_risk,images/train/S_12239468.jpg,3,2,0.2666666666666667,True
class_consistency_risk,images/train/S_12253490.jpg,8,7,0.0,True
class_consistency_risk,images/train/S_12323308.jpg,4,3,0.35,True
class_consistency_risk,images/train/S_12326623.jpg,9,8,0.0,True
class_consistency_risk,images/train/S_12332734.jpg,1,0,0.0,True
class_consistency_risk,images/train/S_12346151.jpg,43,33,0.65,True
class_consistency_risk,images/train/S_12349091.jpg,19,16,0.44999999999999996,True
class_consistency_risk,images/train/S_12363373.jpg,7,6,0.0,True
class_consistency_risk,images/train/S_12363797.jpg,13,11,0.625,True
class_consistency_risk,images/train/S_12365955.jpg,11,10,0.55,True
class_consistency_risk,images/train/S_12367063.jpg,3,2,0.08333333333333337,True
class_consistency_risk,images/train/S_12368242.jpg,7,6,0.09999999999999998,True
class_consistency_risk,images/train/S_12369166.jpg,4,3,0.5,True
class_consistency_risk,images/train/S_12369938.jpg,9,7,0.8,True
class_consistency_risk,images/train/S_12411294.jpg,3,2,0.0,True
class_consistency_risk,images/train/S_12415895.jpg,2,2,0.41666666666666663,True
class_consistency_risk,images/train/S_12416067.jpg,5,4,0.5333333333333333,True
class_consistency_risk,images/train/S_12439401.jpg,4,3,0.0,True
class_consistency_risk,images/train/S_12451962.jpg,12,11,0.08333333333333337,True
class_consistency_risk,images/train/S_12459545.jpg,7,6,0.2666666666666667,True
class_consistency_risk,images/train/S_12462882.jpg,1,0,0.0,True
class_consistency_risk,images/train/S_12462991.jpg,4,3,0.5416666666666667,True
class_consistency_risk,images/train/S_12466711.jpg,2,1,0.08333333333333337,True
class_consistency_risk,images/train/S_12466886.jpg,1,0,0.0,True
class_consistency_risk,images/train/S_12467447.jpg,37,33,0.6,True
class_consistency_risk,images/train/S_12481433.jpg,21,12,0.4,True
class_consistency_risk,images/train/S_12481452.jpg,50,42,0.6,True
class_consistency_risk,images/train/S_12494175.jpg,2,1,0.15000000000000002,True
class_consistency_risk,images/train/S_12504184.jpg,5,3,0.08333333333333337,True
class_consistency_risk,images/train/S_12511329.jpg,2,1,0.050000000000000044,True
class_consistency_risk,images/train/S_12511349.jpg,1,0,0.0,True
class_consistency_risk,images/train/S_12511586.jpg,9,8,0.4666666666666667,True
class_consistency_risk,images/train/S_12540614.jpg,17,15,0.125,True
class_consistency_risk,images/train/S_12544307.jpg,43,37,0.09999999999999998,True
class_consistency_risk,images/train/S_12571071.jpg,2,1,0.2666666666666667,True
class_consistency_risk,images/train/S_12588225.jpg,5,4,0.0,True
class_consistency_risk,images/train/S_12599629.jpg,1,0,0.0,True
class_consistency_risk,images/train/S_12600154.jpg,29,20,0.55,True
class_consistency_risk,images/train/S_12602146.jpg,14,12,0.35,True
class_consistency_risk,images/train/S_12614420.jpg,3,2,0.0,True
class_consistency_risk,images/train/S_12614456.jpg,8,6,0.5,True
class_consistency_risk,images/train/S_12614457.jpg,1,0,0.0,True
class_consistency_risk,images/train/S_12616645.jpg,2,1,0.2666666666666667,True
class_consistency_risk,images/train/S_12616932.jpg,32,28,0.44999999999999996,True
class_consistency_risk,images/train/S_12616987.jpg,12,5,0.06666666666666665,True
class_consistency_risk,images/train/S_12617096.jpg,3,2,0.0,True
class_consistency_risk,images/train/Y_000012.jpg,6,3,0.55,True
class_consistency_risk,images/train/Y_000019.jpg,5,4,0.5,True
class_consistency_risk,images/train/Y_000030.jpg,2,1,0.0,True
class_consistency_risk,images/train/Y_000069.jpg,7,6,0.2666666666666667,True
class_consistency_risk,images/train/Y_000082.jpg,4,3,0.25,True
class_consistency_risk,images/train/Y_000117.jpg,5,4,0.2666666666666667,True
class_consistency_risk,images/train/Y_000143.jpg,2,1,0.0,True
class_consistency_risk,images/train/Y_000189.jpg,7,6,0.33333333333333326,True
class_consistency_risk,images/train/Y_000190.jpg,3,2,0.0,True
class_consistency_risk,images/train/Y_000241.jpg,2,1,0.0,True
class_consistency_risk,images/train/Y_000245.jpg,1,0,0.0,True
class_consistency_risk,images/train/Y_000281.jpg,12,11,0.4,True
class_consistency_risk,images/train/Y_000286.jpg,6,5,0.25,True
class_consistency_risk,images/train/Y_000299.jpg,4,3,0.9,True
class_consistency_risk,images/train/Y_000329.jpg,3,2,0.0,True
class_consistency_risk,images/train/Y_000396.jpg,9,8,0.2666666666666667,True
class_consistency_risk,images/train/Y_000414.jpg,4,3,0.19999999999999996,True
class_consistency_risk,images/train/Y_000416.jpg,10,9,0.33333333333333326,True
class_consistency_risk,images/train/Y_000423.jpg,1,0,0.0,True
class_consistency_risk,images/train/Y_000458.jpg,5,3,0.19999999999999996,True
class_consistency_risk,images/train/Y_000470.jpg,3,2,0.2666666666666667,True
class_consistency_risk,images/train/Y_000477.jpg,3,1,0.0,True
class_consistency_risk,images/train/Y_000546.jpg,7,4,0.44999999999999996,True
class_consistency_risk,images/train/Y_000584.jpg,9,0,0.0,True
class_consistency_risk,images/train/Y_000586.jpg,1,0,0.0,True
class_consistency_risk,images/train/Y_000605.jpg,8,1,0.050000000000000044,True
class_consistency_risk,images/train/Y_000608.jpg,9,0,0.0,True
class_consistency_risk,images/train/Y_000614.jpg,7,0,0.0,True
class_consistency_risk,images/train/Y_000664.jpg,9,1,0.0,True
class_consistency_risk,images/train/Y_000673.jpg,9,2,0.0,True
class_consistency_risk,images/train/Y_000696.jpg,16,8,0.30000000000000004,True
class_consistency_risk,images/train/Y_000704.jpg,14,5,0.19999999999999996,True
class_consistency_risk,images/train/Y_000714.jpg,16,8,0.19999999999999996,True
class_consistency_risk,images/train/Y_000715.jpg,28,18,0.19999999999999996,True
class_consistency_risk,images/train/Y_000724.jpg,2,0,0.0,True
class_consistency_risk,images/train/Y_000745.jpg,2,1,0.0,True
class_consistency_risk,images/train/Y_000750.jpg,2,1,0.0,True
class_consistency_risk,images/train/Y_000755.jpg,1,0,0.0,True
class_consistency_risk,images/train/Y_000769.jpg,7,6,0.3666666666666667,True
class_consistency_risk,images/train/Y_000774.jpg,1,0,0.0,True
class_consistency_risk,images/train/Y_000781.jpg,1,0,0.0,True
class_consistency_risk,images/train/Y_000815.jpg,4,3,0.30000000000000004,True
class_consistency_risk,images/train/Y_000853.jpg,12,5,0.4,True
class_consistency_risk,images/train/Y_000882.jpg,12,3,0.6,True
class_consistency_risk,images/train/Y_000884.jpg,6,5,0.2666666666666667,True
class_consistency_risk,images/train/Y_000886.jpg,9,4,0.2666666666666667,True
class_consistency_risk,images/train/Y_000903.jpg,10,1,0.0,True
class_consistency_risk,images/train/Y_000906.jpg,3,2,0.2666666666666667,True
class_consistency_risk,images/train/Y_000912.jpg,4,3,0.33333333333333326,True
class_consistency_risk,images/train/Y_000915.jpg,4,3,0.125,True
class_consistency_risk,images/train/Y_000925.jpg,9,0,0.0,True
class_consistency_risk,images/train/Y_000932.jpg,4,3,0.0,True
class_consistency_risk,images/train/Y_000945.jpg,8,7,0.2666666666666667,True
class_consistency_risk,images/train/Y_000956.jpg,4,3,0.0,True
class_consistency_risk,images/train/Y_000979.jpg,7,5,0.20833333333333337,True
class_consistency_risk,images/train/Y_000988.jpg,13,12,0.2666666666666667,True
class_consistency_risk,images/train/Y_001024.jpg,1,0,0.0,True
class_consistency_risk,images/val/Y_001026.jpg,1,0,0.0,True
class_consistency_risk,images/train/Y_001037.jpg,2,1,0.0,True
class_consistency_risk,images/train/Y_001168.jpg,1,0,0.0,True
class_consistency_risk,images/train/Y_001183.jpg,1,0,0.0,True
class_consistency_risk,images/train/Y_001257.jpg,23,21,0.125,True
class_consistency_risk,images/train/Y_001289.jpg,6,5,0.2666666666666667,True
class_consistency_risk,images/train/Y_001476.jpg,5,4,0.25,True
class_consistency_risk,images/train/Y_001499.jpg,2,1,0.050000000000000044,True
class_consistency_risk,images/train/Y_001614.jpg,4,3,0.125,True
class_consistency_risk,images/train/Y_001624.jpg,7,7,0.0,True
class_consistency_risk,images/train/Y_001782.jpg,5,4,0.08333333333333337,True
class_consistency_risk,images/train/Y_001797.jpg,4,3,0.44999999999999996,True
class_consistency_risk,images/train/Y_001805.jpg,1,0,0.0,True
class_consistency_risk,images/train/Y_001851.jpg,1,0,0.0,True
class_consistency_risk,images/train/Y_001855.jpg,9,8,0.08333333333333337,True
class_consistency_risk,images/train/Y_001868.jpg,1,0,0.0,True
class_consistency_risk,images/train/Y_001878.jpg,1,1,0.0,True
class_consistency_risk,images/train/Y_001892.jpg,1,0,0.0,True
class_consistency_risk,images/train/Y_001904.jpg,3,2,0.0,True
class_consistency_risk,images/train/Y_001917.jpg,1,0,0.0,True
class_consistency_risk,images/train/Y_001918.jpg,1,0,0.0,True
class_consistency_risk,images/train/Y_001930.jpg,1,0,0.0,True
class_consistency_risk,images/train/Y_001988.jpg,2,0,0.0,True
class_consistency_risk,images/train/Y_001995.jpg,1,0,0.0,True
class_consistency_risk,images/train/Y_002004.jpg,1,0,0.0,True
class_consistency_risk,images/train/Y_002065.jpg,8,7,0.2666666666666667,True
class_consistency_risk,images/train/Y_002082.jpg,1,0,0.0,True
class_consistency_risk,images/train/Y_002084.jpg,1,0,0.0,True
class_consistency_risk,images/train/Y_002087.jpg,1,0,0.0,True
class_consistency_risk,images/train/Y_002092.jpg,2,1,0.0,True
class_consistency_risk,images/train/Y_002130.jpg,4,2,0.09999999999999998,True
class_consistency_risk,images/train/Y_002147.jpg,11,9,0.29166666666666663,True
class_consistency_risk,images/train/Y_002164.jpg,1,0,0.0,True
class_consistency_risk,images/train/Y_002167.jpg,7,6,0.2666666666666667,True
class_consistency_risk,images/train/Y_002178.jpg,2,1,0.08333333333333337,True
class_consistency_risk,images/train/Y_002186.jpg,2,1,0.30000000000000004,True
class_consistency_risk,images/train/Y_002201.jpg,6,5,0.2666666666666667,True
class_consistency_risk,images/train/Y_002220.jpg,4,3,0.2666666666666667,True
class_consistency_risk,images/train/Y_002221.jpg,9,8,0.125,True
class_consistency_risk,images/train/Y_002227.jpg,5,4,0.375,True
class_consistency_risk,images/train/Y_002275.jpg,20,19,0.33333333333333326,True
class_consistency_risk,images/train/Y_002296.jpg,3,3,0.0,True
class_consistency_risk,images/train/Y_002303.jpg,4,3,0.33333333333333326,True
class_consistency_risk,images/train/Y_002333.jpg,12,11,0.41666666666666663,True
class_consistency_risk,images/train/Y_002371.jpg,5,4,0.2666666666666667,True
class_consistency_risk,images/train/Y_002393.jpg,7,7,0.125,True
class_consistency_risk,images/train/Y_002413.jpg,1,0,0.0,True
class_consistency_risk,images/train/Y_002482.jpg,12,11,0.2666666666666667,True
class_consistency_risk,images/train/Y_002483.jpg,1,0,0.0,True
class_consistency_risk,images/train/Y_002484.jpg,1,0,0.0,True
class_consistency_risk,images/train/Y_002505.jpg,2,1,0.13333333333333341,True
class_consistency_risk,images/train/Y_002547.jpg,11,10,0.2666666666666667,True
class_consistency_risk,images/train/Y_002548.jpg,3,2,0.33333333333333326,True
class_consistency_risk,images/train/Y_002563.jpg,4,3,0.2666666666666667,True
class_consistency_risk,images/train/Y_002566.jpg,3,2,0.125,True
class_consistency_risk,images/train/Y_002571.jpg,1,0,0.0,True
class_consistency_risk,images/train/Y_003653.jpg,26,21,0.08333333333333337,True
class_consistency_risk,images/train/Y_004063.jpg,3,1,0.25,True
class_consistency_risk,images/train/Y_006375.jpg,21,20,0.5333333333333333,True
class_consistency_risk,images/train/Y_008515.jpg,20,19,0.050000000000000044,True
class_consistency_risk,images/train/Y_008530.jpg,3,1,0.2666666666666667,True
class_consistency_risk,images/train/Y_008537.jpg,2,1,0.0,True
class_consistency_risk,images/train/Y_008570.jpg,7,6,0.65,True
class_consistency_risk,images/train/Y_011315.jpg,6,6,0.6,True
class_consistency_risk,images/train/Y_011492.jpg,5,5,0.0,True
class_consistency_risk,images/train/Y_011500.jpg,2,1,0.0,True
class_consistency_risk,images/train/Y_011621.jpg,7,6,0.0,True
class_consistency_risk,images/train/Y_011626.jpg,21,20,0.0,True
class_consistency_risk,images/train/Y_011640.jpg,20,16,0.125,True
class_consistency_risk,images/train/Y_011778.jpg,6,5,0.2666666666666667,True
class_consistency_risk,images/train/Y_011792.jpg,10,9,0.0,True
class_consistency_risk,images/train/Y_011859.jpg,13,10,0.0,True
class_consistency_risk,images/train/Y_011861.jpg,6,4,0.050000000000000044,True
localisation_stability_risk,images/train/0006194.jpg,3,2,0.03310424584674654,True
localisation_stability_risk,images/train/0045408.jpg,10,9,0.394031331836985,True
localisation_stability_risk,images/train/0048868.jpg,9,8,0.28079969664085014,True
localisation_stability_risk,images/train/0058380.jpg,1,0,0.026912778558261463,True
localisation_stability_risk,images/train/0059120.jpg,6,5,0.5117560152880241,True
localisation_stability_risk,images/train/0061887.jpg,2,1,0.09678314037857061,True
localisation_stability_risk,images/train/0061956.jpg,18,15,0.18511477967058898,True
localisation_stability_risk,images/train/0061974.jpg,17,14,0.2362708881998974,True
localisation_stability_risk,images/train/0063023.jpg,1,0,0.030687798609813077,True
localisation_stability_risk,images/train/0063030.jpg,3,2,0.14035862667122534,True
localisation_stability_risk,images/train/0063118.jpg,18,14,0.14767745218222483,True
localisation_stability_risk,images/train/0065376.jpg,6,5,0.17709715151622163,True
localisation_stability_risk,images/train/0065596.jpg,2,1,0.06453599046598124,True
localisation_stability_risk,images/train/0065902.jpg,10,8,0.3286685038122332,True
localisation_stability_risk,images/train/0065939.jpg,7,5,0.1967328644974865,True
localisation_stability_risk,images/train/0065943.jpg,5,4,0.21843355715587032,True
localisation_stability_risk,images/train/0065947.jpg,4,2,0.14894998678955174,True
localisation_stability_risk,images/train/0065977.jpg,3,2,0.34988992471267477,True
localisation_stability_risk,images/train/0066130.jpg,19,17,0.28492799918784484,True
localisation_stability_risk,images/train/0067329.jpg,1,0,0.017060276702390076,True
localisation_stability_risk,images/train/0067993.jpg,3,2,0.34979262087006924,True
localisation_stability_risk,images/train/0068026.jpg,3,2,0.09507728824537764,True
localisation_stability_risk,images/train/0068071.jpg,4,3,0.34188450181139296,True
localisation_stability_risk,images/train/0068096.jpg,5,4,0.3112354738891836,True
localisation_stability_risk,images/train/0068728.jpg,6,6,0.17661935697399778,True
localisation_stability_risk,images/train/0069406.jpg,15,11,0.25237633050857755,True
localisation_stability_risk,images/train/0072520.jpg,2,1,0.2079003871629852,True
localisation_stability_risk,images/train/0075059.jpg,4,3,0.3862054551790959,True
localisation_stability_risk,images/train/0079911.jpg,2,0,0.034356310784487754,True
localisation_stability_risk,images/train/0080268.jpg,1,0,0.03257027409432922,True
localisation_stability_risk,images/train/0084218.jpg,5,4,0.10771574532125539,True
localisation_stability_risk,images/train/0093085.jpg,2,1,0.05807453025446663,True
localisation_stability_risk,images/train/0097802.jpg,10,9,0.49028867421576505,True
localisation_stability_risk,images/train/0098796.jpg,2,1,0.15297778313705312,True
localisation_stability_risk,images/train/0100794.jpg,3,2,0.027012661446967234,True
localisation_stability_risk,images/train/0105983.jpg,1,0,0.027334825395557205,True
localisation_stability_risk,images/train/0106237.jpg,2,1,0.0304621618509604,True
localisation_stability_risk,images/train/0107314.jpg,18,15,0.36338333895589847,True
localisation_stability_risk,images/train/0107421.jpg,9,8,0.29662248762531673,True
localisation_stability_risk,images/train/0108219.jpg,1,0,0.03002930494066014,True
localisation_stability_risk,images/train/0108367.jpg,3,2,0.12849835902222217,True
localisation_stability_risk,images/train/0124142.jpg,5,4,0.4410044661734933,True
localisation_stability_risk,images/train/0149825.jpg,1,0,0.06875023175122819,True
localisation_stability_risk,images/train/0223193.jpg,2,1,0.06460000414775602,True
localisation_stability_risk,images/train/0223464.jpg,7,6,0.3702340371707251,True
localisation_stability_risk,images/train/0273269.jpg,3,2,0.0587961644061743,True
localisation_stability_risk,images/train/0335581.jpg,2,1,0.11068882779389833,True
localisation_stability_risk,images/train/0341843.jpg,2,1,0.06008932634558817,True
localisation_stability_risk,images/train/0344893.jpg,18,17,0.24123321576984458,True
localisation_stability_risk,images/train/0344980.jpg,1,0,0.025524106687388803,True
localisation_stability_risk,images/train/0344995.jpg,12,11,0.39558044970067996,True
localisation_stability_risk,images/train/0345170.jpg,3,2,0.04950724991092381,True
localisation_stability_risk,images/train/0352319.jpg,13,12,0.413064661876842,True
localisation_stability_risk,images/train/0357225.jpg,43,41,0.6573282203252673,True
localisation_stability_risk,images/train/0370467.jpg,18,17,0.40181293067023616,True
localisation_stability_risk,images/train/0370597.jpg,8,7,0.39629237578089727,True
localisation_stability_risk,images/train/0370611.jpg,6,5,0.2605860482726543,True
localisation_stability_risk,images/train/0370652.jpg,2,1,0.3495013489308547,True
localisation_stability_risk,images/val/0370676.jpg,1,0,0.017558185213821353,True
localisation_stability_risk,images/train/0371737.jpg,15,13,0.49218222181925875,True
localisation_stability_risk,images/train/0372822.jpg,4,3,0.4011351404410822,True
localisation_stability_risk,images/train/0373458.jpg,1,0,0.020823458210396217,True
localisation_stability_risk,images/train/0373538.jpg,4,3,0.0752176526289089,True
localisation_stability_risk,images/train/0373725.jpg,8,7,0.2895206640631418,True
localisation_stability_risk,images/train/0373938.jpg,1,0,0.018676600183728076,True
localisation_stability_risk,images/train/0374232.jpg,1,0,0.020417506092381466,True
localisation_stability_risk,images/train/0374307.jpg,6,4,0.17591783049959298,True
localisation_stability_risk,images/train/0374722.jpg,1,0,0.02064080139597002,True
localisation_stability_risk,images/train/0374773.jpg,6,5,0.11918531169531443,True
localisation_stability_risk,images/train/0374823.jpg,22,15,0.5120652711385351,True
localisation_stability_risk,images/train/0375514.jpg,5,4,0.6630442573684548,True
localisation_stability_risk,images/train/0375522.jpg,2,1,0.5816267057200362,True
localisation_stability_risk,images/train/0375527.jpg,7,6,0.3909359369911759,True
localisation_stability_risk,images/train/0376073.jpg,8,7,0.22001240310558923,True
localisation_stability_risk,images/train/0376357.jpg,1,0,0.023243319198829604,True
localisation_stability_risk,images/train/0376375.jpg,12,11,0.31961512117069035,True
localisation_stability_risk,images/train/0376450.jpg,22,20,0.23974002424847773,True
localisation_stability_risk,images/train/0377363.jpg,7,6,0.4480890012501576,True
localisation_stability_risk,images/train/0377507.jpg,29,28,0.2555986582319394,True
localisation_stability_risk,images/train/0377739.jpg,1,0,0.033908454474135596,True
localisation_stability_risk,images/train/0377845.jpg,34,31,0.33407261970802593,True
localisation_stability_risk,images/train/0378117.jpg,4,3,0.3145322697511559,True
localisation_stability_risk,images/train/0378183.jpg,2,1,0.2860227816873018,True
localisation_stability_risk,images/train/0378723.jpg,5,4,0.3804370990953274,True
localisation_stability_risk,images/train/0378737.jpg,3,2,0.19392178379089986,True
localisation_stability_risk,images/train/0390841.jpg,1,0,0.03155766718581743,True
localisation_stability_risk,images/train/0390881.jpg,2,1,0.06512560319770655,True
localisation_stability_risk,images/train/0390915.jpg,1,0,0.02956628471125433,True
localisation_stability_risk,images/train/0390929.jpg,1,0,0.017927082004200123,True
localisation_stability_risk,images/train/0392410.jpg,5,4,0.1967133457623278,True
localisation_stability_risk,images/train/0392531.jpg,18,12,0.32628080299422413,True
localisation_stability_risk,images/train/0394635.jpg,1,0,0.060392374262328574,True
localisation_stability_risk,images/train/03947.jpg,1,0,0.025681020501133744,True
localisation_stability_risk,images/train/0395903.jpg,7,5,0.17799408656061044,True
localisation_stability_risk,images/train/0396118.jpg,2,1,0.07548592335839344,True
localisation_stability_risk,images/train/0396126.jpg,1,0,0.015567999988086223,True
localisation_stability_risk,images/train/0396128.jpg,2,1,0.03900935782966497,True
localisation_stability_risk,images/train/0398670.jpg,11,10,0.27488678286740165,True
localisation_stability_risk,images/train/0399260.jpg,8,7,0.5193900015316502,True
localisation_stability_risk,images/train/0399701.jpg,13,12,0.5376257208471981,True
localisation_stability_risk,images/train/0404763.jpg,1,0,0.039521204964808376,True
localisation_stability_risk,images/train/0406416.jpg,7,7,0.17670747704809175,True
localisation_stability_risk,images/train/0407749.jpg,20,19,0.3851564974938515,True
localisation_stability_risk,images/train/0409436.jpg,13,12,0.3674121712833378,True
localisation_stability_risk,images/train/0413982.jpg,2,1,0.0716862140414658,True
localisation_stability_risk,images/train/0416512.jpg,14,10,0.2970926861232249,True
localisation_stability_risk,images/train/0418786.jpg,31,24,0.38050038162597044,True
localisation_stability_risk,images/train/0418788.jpg,77,69,0.3446360108826696,True
localisation_stability_risk,images/train/0419091.jpg,4,3,0.34884512780411725,True
localisation_stability_risk,images/train/0422855.jpg,1,0,0.03598477614140838,True
localisation_stability_risk,images/train/0424339.jpg,1,0,0.02606681977784986,True
localisation_stability_risk,images/train/0430383.jpg,4,3,0.08019935685511137,True
localisation_stability_risk,images/train/0430711.jpg,1,0,0.058515083366171616,True
localisation_stability_risk,images/train/0432245.jpg,21,20,0.27762967830684804,True
localisation_stability_risk,images/train/1005_data.jpg,10,9,0.14348793548823358,True
localisation_stability_risk,images/train/1011_data.jpg,20,17,0.3656333453370809,True
localisation_stability_risk,images/train/1084_data.jpg,11,10,0.31085587504828915,True
localisation_stability_risk,images/train/11097.jpg,11,7,0.23137669026662278,True
localisation_stability_risk,images/train/1183_data.jpg,4,4,0.16993775756794838,True
localisation_stability_risk,images/train/1212_data.jpg,1,0,0.04466844952981641,True
localisation_stability_risk,images/train/1332_data.jpg,1,0,0.030433210919100562,True
localisation_stability_risk,images/train/1334_data.jpg,2,1,0.16939560522078112,True
localisation_stability_risk,images/train/1337_data.jpg,3,2,0.37217724924506324,True
localisation_stability_risk,images/train/1347_data.jpg,14,13,0.18385320503382774,True
localisation_stability_risk,images/train/1425_data.jpg,3,2,0.34891312979501,True
localisation_stability_risk,images/train/14609.jpg,8,7,0.24813336520612028,True
localisation_stability_risk,images/train/2369_data.jpg,10,0,0.08000393521368498,True
localisation_stability_risk,images/train/2373_data.jpg,25,17,0.38036893493793256,True
localisation_stability_risk,images/train/546_data.jpg,12,11,0.2526707364105628,True
localisation_stability_risk,images/train/AAA (2).jpg,5,4,0.06675453875959225,True
localisation_stability_risk,images/train/AAA (3).jpg,11,10,0.31302670555363643,True
localisation_stability_risk,images/train/E_002011.jpg,5,0,0.021898492452128493,True
localisation_stability_risk,images/train/E_003318.jpg,7,6,0.33997457277575727,True
localisation_stability_risk,images/train/E_003329.jpg,1,0,0.040712033480379994,True
localisation_stability_risk,images/train/E_003341.jpg,3,2,0.5538237110443461,True
localisation_stability_risk,images/train/E_003363.jpg,6,3,0.15266700030267055,True
localisation_stability_risk,images/train/E_003365.jpg,26,20,0.4584168028919199,True
localisation_stability_risk,images/train/E_003378.jpg,3,2,0.32256336994732804,True
localisation_stability_risk,images/train/E_003380.jpg,46,35,0.3731901994388759,True
localisation_stability_risk,images/train/E_003394.jpg,1,0,0.04143514541253457,True
localisation_stability_risk,images/train/E_003395.jpg,18,15,0.24357220700378368,True
localisation_stability_risk,images/train/E_003433.jpg,1,0,0.030729168963489095,True
localisation_stability_risk,images/train/E_003434.jpg,7,6,0.34071702776796065,True
localisation_stability_risk,images/train/E_003442.jpg,6,5,0.37528592859546317,True
localisation_stability_risk,images/train/E_003452.jpg,37,33,0.35373460490223574,True
localisation_stability_risk,images/train/E_003453.jpg,26,23,0.2094895812796551,True
localisation_stability_risk,images/train/E_003459.jpg,38,28,0.3351543134004561,True
localisation_stability_risk,images/train/E_003460.jpg,24,18,0.38689817107886837,True
localisation_stability_risk,images/train/E_003464.jpg,8,7,0.5939754706398951,True
localisation_stability_risk,images/train/E_003493.jpg,7,2,0.13355884820977548,True
localisation_stability_risk,images/train/E_003545.jpg,3,2,0.0788936870029685,True
localisation_stability_risk,images/train/E_003547.jpg,43,39,0.4031485012394772,True
localisation_stability_risk,images/train/E_003551.jpg,2,1,0.14672047687604528,True
localisation_stability_risk,images/train/E_003566.jpg,1,0,0.027193238852943447,True
localisation_stability_risk,images/train/E_003585.jpg,4,3,0.39147732515618194,True
localisation_stability_risk,images/train/E_003595.jpg,4,3,0.3357303004169164,True
localisation_stability_risk,images/train/E_003601.jpg,13,12,0.18126967104826197,True
localisation_stability_risk,images/train/E_003615.jpg,2,1,0.24446293396880536,True
localisation_stability_risk,images/train/E_003623.jpg,9,7,0.51351027739102,True
localisation_stability_risk,images/train/E_003657.jpg,2,1,0.0458874608649561,True
localisation_stability_risk,images/train/E_003840.jpg,5,2,0.07262257440239739,True
localisation_stability_risk,images/train/E_005148.jpg,13,12,0.325364476049787,True
localisation_stability_risk,images/train/E_005498.jpg,17,16,0.6302665901465102,True
localisation_stability_risk,images/train/E_007424.jpg,3,2,0.04872711017788478,True
localisation_stability_risk,images/train/E_010343.jpg,2,1,0.13753936682826795,True
localisation_stability_risk,images/train/E_011129.jpg,17,14,0.3012291297953351,True
localisation_stability_risk,images/train/E_012618.jpg,2,2,0.325846726584482,True
localisation_stability_risk,images/train/S_10004166.jpg,1,0,0.01787377877692009,True
localisation_stability_risk,images/train/S_10004278.jpg,5,4,0.3077031307641317,True
localisation_stability_risk,images/train/S_10004587.jpg,4,2,0.15688357346498627,True
localisation_stability_risk,images/train/S_10004896.jpg,8,7,0.33260807940609094,True
localisation_stability_risk,images/train/S_10005140.jpg,1,0,0.02766638882085637,True
localisation_stability_risk,images/train/S_10005602.jpg,9,8,0.17038354461902505,True
localisation_stability_risk,images/train/S_10007295.jpg,1,0,0.03853940265099509,True
localisation_stability_risk,images/train/S_10009551.jpg,11,10,0.3724812137275558,True
localisation_stability_risk,images/train/S_10009966.jpg,13,11,0.23054333991491283,True
localisation_stability_risk,images/train/S_10010112.jpg,1,0,0.04401915543459567,True
localisation_stability_risk,images/train/S_10010598.jpg,1,0,0.022451475250478525,True
localisation_stability_risk,images/train/S_10011982.jpg,16,15,0.3504670668447496,True
localisation_stability_risk,images/train/S_10012851.jpg,9,8,0.3547923273151107,True
localisation_stability_risk,images/train/S_10014378.jpg,1,0,0.03189624137712088,True
localisation_stability_risk,images/train/S_10014938.jpg,1,0,0.03584205651996564,True
localisation_stability_risk,images/train/S_10026888.jpg,2,1,0.08177966223321176,True
localisation_stability_risk,images/train/S_10028597.jpg,16,15,0.21427419028641137,True
localisation_stability_risk,images/train/S_10028796.jpg,11,10,0.12371732424935089,True
localisation_stability_risk,images/train/S_10028829.jpg,1,0,0.08465680909993956,True
localisation_stability_risk,images/train/S_10029106.jpg,22,18,0.5606760723107562,True
localisation_stability_risk,images/train/S_10029348.jpg,8,5,0.31457172780785514,True
localisation_stability_risk,images/train/S_10031044.jpg,2,1,0.046690680411208496,True
localisation_stability_risk,images/train/S_10031230.jpg,2,1,0.02498443839968356,True
localisation_stability_risk,images/train/S_10031704.jpg,4,3,0.33932003259131305,True
localisation_stability_risk,images/train/S_10036032.jpg,5,4,0.25553652983711583,True
localisation_stability_risk,images/train/S_10037262.jpg,2,1,0.19637182576259282,True
localisation_stability_risk,images/train/S_10037373.jpg,5,4,0.3715689324034491,True
localisation_stability_risk,images/train/S_10059391.jpg,20,14,0.3074966836266624,True
localisation_stability_risk,images/train/S_10059420.jpg,1,0,0.034893596967853435,True
localisation_stability_risk,images/train/S_10060033.jpg,8,7,0.2847065228365693,True
localisation_stability_risk,images/train/S_10061742.jpg,9,8,0.1767842861614909,True
localisation_stability_risk,images/train/S_10061748.jpg,3,2,0.37169125711818496,True
localisation_stability_risk,images/train/S_10061753.jpg,9,8,0.37825613015600035,True
localisation_stability_risk,images/train/S_10067633.jpg,1,0,0.016981330144936968,True
localisation_stability_risk,images/train/S_10070699.jpg,18,17,0.3124547434934818,True
localisation_stability_risk,images/train/S_10075550.jpg,12,11,0.14002540307974976,True
localisation_stability_risk,images/train/S_10082101.jpg,17,16,0.1896733493789411,True
localisation_stability_risk,images/train/S_10096816.jpg,4,3,0.2243312504765943,True
localisation_stability_risk,images/train/S_10097101.jpg,4,2,0.12509899982760087,True
localisation_stability_risk,images/train/S_10097169.jpg,4,3,0.38128777022282434,True
localisation_stability_risk,images/train/S_10099360.jpg,19,17,0.31292733760490876,True
localisation_stability_risk,images/train/S_10099985.jpg,3,2,0.22187222797318928,True
localisation_stability_risk,images/train/S_10100614.jpg,27,22,0.2980822796551239,True
localisation_stability_risk,images/train/S_10100963.jpg,5,4,0.30736228155829126,True
localisation_stability_risk,images/train/S_10101052.jpg,25,25,0.4952828142419141,True
localisation_stability_risk,images/train/S_10101439.jpg,3,3,0.08405989007843018,True
localisation_stability_risk,images/train/S_10103461.jpg,5,4,0.33232528028526764,True
localisation_stability_risk,images/train/S_10103773.jpg,11,10,0.25529195497741597,True
localisation_stability_risk,images/train/S_10106427.jpg,37,33,0.41624687761873647,True
localisation_stability_risk,images/train/S_10106812.jpg,20,19,0.35857112871719454,True
localisation_stability_risk,images/train/S_10136790.jpg,12,9,0.2164541629685648,True
localisation_stability_risk,images/train/S_10139323.jpg,8,7,0.3917179556143662,True
localisation_stability_risk,images/train/S_10157805.jpg,3,2,0.06494070614485892,True
localisation_stability_risk,images/train/S_10175668.jpg,2,2,0.2957496741972696,True
localisation_stability_risk,images/train/S_10194624.jpg,17,16,0.4510614830207754,True
localisation_stability_risk,images/train/S_10216665.jpg,1,0,0.020947551614609594,True
localisation_stability_risk,images/train/S_10224035.jpg,12,11,0.32330658095697984,True
localisation_stability_risk,images/train/S_10254420.jpg,1,0,0.031206549323072208,True
localisation_stability_risk,images/train/S_10254693.jpg,24,20,0.26419281493640967,True
localisation_stability_risk,images/train/S_10271957.jpg,1,0,0.016163946038199928,True
localisation_stability_risk,images/train/S_10274980.jpg,5,3,0.10732104116072771,True
localisation_stability_risk,images/train/S_10277863.jpg,2,1,0.08139456942776646,True
localisation_stability_risk,images/train/S_10277986.jpg,2,1,0.2611546155430067,True
localisation_stability_risk,images/train/S_10278330.jpg,5,4,0.27399754222551,True
localisation_stability_risk,images/train/S_10279487.jpg,25,22,0.36734820942447555,True
localisation_stability_risk,images/train/S_10279712.jpg,2,1,0.09901846778965673,True
localisation_stability_risk,images/train/S_10279717.jpg,2,1,0.42184389041093107,True
localisation_stability_risk,images/train/S_10281966.jpg,3,2,0.2905116775264649,True
localisation_stability_risk,images/train/S_10282343.jpg,5,3,0.13277774574089451,True
localisation_stability_risk,images/train/S_10284683.jpg,1,0,0.017461275684283573,True
localisation_stability_risk,images/train/S_10284985.jpg,3,2,0.4479230951173565,True
localisation_stability_risk,images/train/S_10288588.jpg,2,1,0.350606999956272,True
localisation_stability_risk,images/train/S_10289526.jpg,5,5,0.2471471538511203,True
localisation_stability_risk,images/train/S_10292442.jpg,4,3,0.34420705284098463,True
localisation_stability_risk,images/train/S_10292867.jpg,2,1,0.03363617298546162,True
localisation_stability_risk,images/train/S_10294124.jpg,14,13,0.3308042190538255,True
localisation_stability_risk,images/train/S_10302423.jpg,1,0,0.03943201883585945,True
localisation_stability_risk,images/train/S_10303427.jpg,2,1,0.29983935082947244,True
localisation_stability_risk,images/train/S_10306026.jpg,3,2,0.4104805674923807,True
localisation_stability_risk,images/train/S_10307242.jpg,3,2,0.3056146898350526,True
localisation_stability_risk,images/train/S_10307954.jpg,2,1,0.08804817478590743,True
localisation_stability_risk,images/train/S_10309209.jpg,5,2,0.1523034187374943,True
localisation_stability_risk,images/train/S_10309738.jpg,8,7,0.3524935455204361,True
localisation_stability_risk,images/train/S_10310253.jpg,9,6,0.35124086847788694,True
localisation_stability_risk,images/train/S_10310254.jpg,9,6,0.20206457376628273,True
localisation_stability_risk,images/train/S_10310413.jpg,12,11,0.26070420781631043,True
localisation_stability_risk,images/train/S_10310459.jpg,2,0,0.030458072491023058,True
localisation_stability_risk,images/train/S_10310620.jpg,5,3,0.15545097036455746,True
localisation_stability_risk,images/train/S_10311760.jpg,12,7,0.43538786241359484,True
localisation_stability_risk,images/train/S_10312068.jpg,3,2,0.11374863853017081,True
localisation_stability_risk,images/train/S_10317012.jpg,26,24,0.2572184961174694,True
localisation_stability_risk,images/train/S_10329964.jpg,10,9,0.3059483667470534,True
localisation_stability_risk,images/train/S_10331308.jpg,4,3,0.336494788186258,True
localisation_stability_risk,images/train/S_10337526.jpg,9,6,0.38874460455716187,True
localisation_stability_risk,images/train/S_10337527.jpg,11,8,0.20869689304672656,True
localisation_stability_risk,images/train/S_10337984.jpg,13,11,0.2787880333248607,True
localisation_stability_risk,images/train/S_10338040.jpg,1,0,0.02932392434351827,True
localisation_stability_risk,images/train/S_10340756.jpg,3,2,0.05991196334043658,True
localisation_stability_risk,images/train/S_10347002.jpg,1,0,0.050025365172329805,True
localisation_stability_risk,images/train/S_10347086.jpg,4,2,0.3203943356068234,True
localisation_stability_risk,images/train/S_10347146.jpg,5,4,0.1268960202184628,True
localisation_stability_risk,images/train/S_10368444.jpg,7,6,0.349182006966709,True
localisation_stability_risk,images/train/S_10369701.jpg,10,9,0.40675177841511834,True
localisation_stability_risk,images/train/S_10370027.jpg,1,0,0.03568989038054904,True
localisation_stability_risk,images/train/S_10370075.jpg,11,10,0.2466816523923071,True
localisation_stability_risk,images/train/S_10376042.jpg,5,4,0.12063331849648173,True
localisation_stability_risk,images/train/S_10376045.jpg,8,7,0.16101888247216212,True
localisation_stability_risk,images/train/S_10376280.jpg,1,0,0.01982387203543079,True
localisation_stability_risk,images/train/S_10376917.jpg,1,0,0.034230890079346765,True
localisation_stability_risk,images/train/S_10377758.jpg,1,0,0.03422279723053312,True
localisation_stability_risk,images/train/S_10377815.jpg,5,4,0.2000412359959346,True
localisation_stability_risk,images/train/S_10377816.jpg,1,0,0.04413039015333331,True
localisation_stability_risk,images/train/S_10377838.jpg,3,2,0.3827097685791927,True
localisation_stability_risk,images/train/S_10377865.jpg,1,0,0.05039955049623135,True
localisation_stability_risk,images/train/S_10377880.jpg,1,0,0.07605903415805959,True
localisation_stability_risk,images/train/S_10377882.jpg,1,0,0.032189352146416494,True
localisation_stability_risk,images/train/S_10377991.jpg,4,3,0.3430605476774624,True
localisation_stability_risk,images/train/S_10378746.jpg,1,0,0.03430669572340439,True
localisation_stability_risk,images/train/S_10380457.jpg,6,5,0.373580775421288,True
localisation_stability_risk,images/train/S_10384280.jpg,3,2,0.21192707218860207,True
localisation_stability_risk,images/train/S_10390016.jpg,1,0,0.036997526052803265,True
localisation_stability_risk,images/train/S_10390043.jpg,3,2,0.19208305454232733,True
localisation_stability_risk,images/train/S_10396713.jpg,1,0,0.033119668127169044,True
localisation_stability_risk,images/train/S_10396758.jpg,2,0,0.0435691476247374,True
localisation_stability_risk,images/train/S_10401335.jpg,1,0,0.03942036299509122,True
localisation_stability_risk,images/train/S_10416752.jpg,10,9,0.40137424321618387,True
localisation_stability_risk,images/train/S_10428857.jpg,2,1,0.052332966969013794,True
localisation_stability_risk,images/train/S_10428881.jpg,15,11,0.22627800366663886,True
localisation_stability_risk,images/train/S_10428913.jpg,13,8,0.6221218458335245,True
localisation_stability_risk,images/train/S_10433105.jpg,1,0,0.019025399027889356,True
localisation_stability_risk,images/train/S_10433106.jpg,17,12,0.24957220904767552,True
localisation_stability_risk,images/train/S_10440800.jpg,1,0,0.032245595290064544,True
localisation_stability_risk,images/train/S_10441594.jpg,5,4,0.29205179447247254,True
localisation_stability_risk,images/train/S_10450803.jpg,7,6,0.1028271988517373,True
localisation_stability_risk,images/train/S_10462662.jpg,6,5,0.45883056995875593,True
localisation_stability_risk,images/train/S_10464973.jpg,3,2,0.31387459973915877,True
localisation_stability_risk,images/train/S_10466317.jpg,9,7,0.10127137261390151,True
localisation_stability_risk,images/train/S_10469174.jpg,1,0,0.02096434246516221,True
localisation_stability_risk,images/train/S_10469185.jpg,39,33,0.2858161359987861,True
localisation_stability_risk,images/train/S_10469188.jpg,34,31,0.42827912912540866,True
localisation_stability_risk,images/train/S_10469205.jpg,1,0,0.028475888563966323,True
localisation_stability_risk,images/train/S_10471123.jpg,6,5,0.267312785865797,True
localisation_stability_risk,images/train/S_10477139.jpg,13,10,0.21964867389310094,True
localisation_stability_risk,images/train/S_11001682.jpg,1,0,0.03300054656494278,True
localisation_stability_risk,images/train/S_11004843.jpg,40,37,0.39333160608657913,True
localisation_stability_risk,images/train/S_11005068.jpg,1,0,0.018426734030431824,True
localisation_stability_risk,images/train/S_11005095.jpg,8,7,0.29603753054432735,True
localisation_stability_risk,images/train/S_11005138.jpg,1,0,0.04989108509408724,True
localisation_stability_risk,images/train/S_11006753.jpg,13,12,0.447587865836341,True
localisation_stability_risk,images/train/S_11007143.jpg,32,30,0.39559883934249496,True
localisation_stability_risk,images/train/S_11008865.jpg,8,7,0.21188602296223924,True
localisation_stability_risk,images/train/S_11014906.jpg,6,5,0.41155512958385376,True
localisation_stability_risk,images/train/S_11014986.jpg,1,0,0.02675937814166285,True
localisation_stability_risk,images/train/S_11015679.jpg,8,7,0.6531161791375611,True
localisation_stability_risk,images/train/S_11016378.jpg,1,0,0.04097067326392767,True
localisation_stability_risk,images/train/S_11016720.jpg,11,10,0.38398899637192485,True
localisation_stability_risk,images/train/S_11018125.jpg,15,12,0.36652204546080047,True
localisation_stability_risk,images/train/S_11022610.jpg,8,7,0.1936369143318979,True
localisation_stability_risk,images/train/S_11023280.jpg,5,4,0.5469177154470068,True
localisation_stability_risk,images/train/S_11023571.jpg,8,7,0.2599104552008533,True
localisation_stability_risk,images/train/S_11024618.jpg,1,0,0.03132291720687008,True
localisation_stability_risk,images/train/S_11024972.jpg,3,2,0.14061465378555105,True
localisation_stability_risk,images/train/S_11025056.jpg,10,9,0.3323869993584653,True
localisation_stability_risk,images/train/S_11029806.jpg,23,21,0.3469855198539632,True
localisation_stability_risk,images/train/S_11030915.jpg,3,2,0.22323096908276252,True
localisation_stability_risk,images/train/S_11031181.jpg,1,0,0.08521261469776353,True
localisation_stability_risk,images/train/S_11031615.jpg,11,10,0.38121929955990996,True
localisation_stability_risk,images/train/S_11031698.jpg,2,1,0.12692627637483034,True
localisation_stability_risk,images/train/S_11032503.jpg,2,1,0.1748818881514641,True
localisation_stability_risk,images/train/S_11033373.jpg,8,6,0.16902788779735967,True
localisation_stability_risk,images/train/S_11033390.jpg,13,12,0.4065513897453672,True
localisation_stability_risk,images/train/S_11033605.jpg,11,9,0.44078699335460914,True
localisation_stability_risk,images/train/S_11033921.jpg,9,8,0.29837869682932705,True
localisation_stability_risk,images/train/S_11033932.jpg,3,2,0.1448018605662601,True
localisation_stability_risk,images/train/S_11033947.jpg,10,9,0.6063553595168122,True
localisation_stability_risk,images/train/S_11034234.jpg,3,2,0.23983428170712728,True
localisation_stability_risk,images/train/S_11034334.jpg,2,1,0.08272420350831955,True
localisation_stability_risk,images/train/S_11035030.jpg,38,36,0.39966973900079283,True
localisation_stability_risk,images/train/S_11035562.jpg,8,7,0.367174415319271,True
localisation_stability_risk,images/train/S_11036036.jpg,5,4,0.20240969587020996,True
localisation_stability_risk,images/train/S_11036341.jpg,21,17,0.3526859671912206,True
localisation_stability_risk,images/train/S_11036351.jpg,1,0,0.06625576991350268,True
localisation_stability_risk,images/train/S_11040821.jpg,1,0,0.08145392739678248,True
localisation_stability_risk,images/train/S_11041310.jpg,8,7,0.3252986171538227,True
localisation_stability_risk,images/train/S_11041662.jpg,3,2,0.26117648313010855,True
localisation_stability_risk,images/train/S_11041732.jpg,4,3,0.20280579602466953,True
localisation_stability_risk,images/train/S_11042446.jpg,10,8,0.17055660548046458,True
localisation_stability_risk,images/train/S_11044002.jpg,11,5,0.21243624393199234,True
localisation_stability_risk,images/train/S_11044070.jpg,4,3,0.18635987766134765,True
localisation_stability_risk,images/train/S_11044923.jpg,3,2,0.3329705163420089,True
localisation_stability_risk,images/train/S_11044937.jpg,2,1,0.08121969975519039,True
localisation_stability_risk,images/train/S_11046880.jpg,6,5,0.42503955345971844,True
localisation_stability_risk,images/train/S_11046881.jpg,2,1,0.08653204722064523,True
localisation_stability_risk,images/train/S_11047139.jpg,2,1,0.06685504081096594,True
localisation_stability_risk,images/train/S_11047359.jpg,1,0,0.025305396061571672,True
localisation_stability_risk,images/train/S_11047636.jpg,7,6,0.1499264320036101,True
localisation_stability_risk,images/train/S_11048124.jpg,2,1,0.05718312839882156,True
localisation_stability_risk,images/val/S_11048199.jpg,2,1,0.16277852412140992,True
localisation_stability_risk,images/train/S_11048224.jpg,1,0,0.039065923353896026,True
localisation_stability_risk,images/train/S_11048293.jpg,3,2,0.12500501985834467,True
localisation_stability_risk,images/train/S_11049121.jpg,2,1,0.07230802989203,True
localisation_stability_risk,images/train/S_11049458.jpg,1,0,0.04714346862335117,True
localisation_stability_risk,images/train/S_11049507.jpg,13,11,0.139139656756751,True
localisation_stability_risk,images/train/S_11049616.jpg,4,3,0.21671763801937716,True
localisation_stability_risk,images/train/S_11049817.jpg,2,1,0.07307500852345561,True
localisation_stability_risk,images/train/S_11050164.jpg,2,1,0.36221904767462854,True
localisation_stability_risk,images/train/S_11050314.jpg,4,3,0.10814599370149924,True
localisation_stability_risk,images/train/S_11065657.jpg,5,4,0.19492235411521663,True
localisation_stability_risk,images/train/S_11065998.jpg,2,1,0.04436064764311476,True
localisation_stability_risk,images/train/S_11067266.jpg,5,4,0.19059316491998735,True
localisation_stability_risk,images/train/S_11067589.jpg,16,15,0.24779128356397195,True
localisation_stability_risk,images/train/S_11067885.jpg,2,1,0.12041414888197144,True
localisation_stability_risk,images/train/S_11068304.jpg,6,5,0.2711494658216541,True
localisation_stability_risk,images/train/S_11068413.jpg,9,8,0.08188643633142534,True
localisation_stability_risk,images/train/S_11073196.jpg,28,18,0.3579807237687518,True
localisation_stability_risk,images/train/S_11073425.jpg,2,1,0.02435002011645404,True
localisation_stability_risk,images/train/S_11073427.jpg,10,9,0.146683701581362,True
localisation_stability_risk,images/train/S_11074092.jpg,19,15,0.1769053451235051,True
localisation_stability_risk,images/train/S_11074177.jpg,2,1,0.16858799441580719,True
localisation_stability_risk,images/train/S_11075496.jpg,1,0,0.012955471322967482,True
localisation_stability_risk,images/train/S_11075500.jpg,1,0,0.011408195065796156,True
localisation_stability_risk,images/train/S_11080318.jpg,1,0,0.032863279111391086,True
localisation_stability_risk,images/train/S_11080474.jpg,3,2,0.310454698579991,True
localisation_stability_risk,images/train/S_11080582.jpg,3,2,0.0842329962482593,True
localisation_stability_risk,images/train/S_11080610.jpg,24,16,0.2984096674102188,True
localisation_stability_risk,images/train/S_11081148.jpg,12,2,0.279725843829848,True
localisation_stability_risk,images/train/S_11082711.jpg,1,0,0.04590591040528158,True
localisation_stability_risk,images/train/S_11082769.jpg,2,1,0.37089314047217603,True
localisation_stability_risk,images/train/S_11082913.jpg,26,22,0.35552738367673475,True
localisation_stability_risk,images/train/S_11082983.jpg,24,13,0.213342650228606,True
localisation_stability_risk,images/train/S_11082995.jpg,31,20,0.2504458834534641,True
localisation_stability_risk,images/train/S_11083351.jpg,26,22,0.26944241923872947,True
localisation_stability_risk,images/train/S_11083897.jpg,7,3,0.3717493752819325,True
localisation_stability_risk,images/train/S_11085001.jpg,8,7,0.40989543300935694,True
localisation_stability_risk,images/train/S_11085137.jpg,3,2,0.07367434278144935,True
localisation_stability_risk,images/train/S_11086625.jpg,27,21,0.36080782108065823,True
localisation_stability_risk,images/train/S_11087107.jpg,4,3,0.36041033549278245,True
localisation_stability_risk,images/train/S_11087606.jpg,3,3,0.12453363688365027,True
localisation_stability_risk,images/train/S_11099280.jpg,2,1,0.0851984700713242,True
localisation_stability_risk,images/train/S_11100317.jpg,1,0,0.03347992653241483,True
localisation_stability_risk,images/train/S_11103429.jpg,2,1,0.035033157708849294,True
localisation_stability_risk,images/train/S_11111874.jpg,7,6,0.17866651751239804,True
localisation_stability_risk,images/train/S_11124098.jpg,8,7,0.1628343000540775,True
localisation_stability_risk,images/train/S_11129363.jpg,4,3,0.2597487595925757,True
localisation_stability_risk,images/train/S_11129719.jpg,1,0,0.03140416484462771,True
localisation_stability_risk,images/train/S_11130745.jpg,25,24,0.22400888786292206,True
localisation_stability_risk,images/train/S_11144373.jpg,1,0,0.019285915926949726,True
localisation_stability_risk,images/train/S_11144675.jpg,9,7,0.30898033222756993,True
localisation_stability_risk,images/train/S_11144941.jpg,1,0,0.048004718587089434,True
localisation_stability_risk,images/train/S_11146111.jpg,1,0,0.04663424674587713,True
localisation_stability_risk,images/train/S_11153395.jpg,1,0,0.019609266590106644,True
localisation_stability_risk,images/train/S_11153550.jpg,56,51,0.29821756749865524,True
localisation_stability_risk,images/train/S_11153597.jpg,38,32,0.4960242408536992,True
localisation_stability_risk,images/train/S_11153773.jpg,30,25,0.5619023058784093,True
localisation_stability_risk,images/train/S_11153784.jpg,25,22,0.2593786359985446,True
localisation_stability_risk,images/train/S_11154027.jpg,20,16,0.4056194985084629,True
localisation_stability_risk,images/train/S_11154125.jpg,4,2,0.1374918227596973,True
localisation_stability_risk,images/train/S_11155393.jpg,4,3,0.18277607748265456,True
localisation_stability_risk,images/train/S_11155523.jpg,8,5,0.1678360527926236,True
localisation_stability_risk,images/train/S_11157565.jpg,35,34,0.4015034144470555,True
localisation_stability_risk,images/train/S_11157810.jpg,8,7,0.1796677051934037,True
localisation_stability_risk,images/train/S_11158153.jpg,5,4,0.3676043018772801,True
localisation_stability_risk,images/train/S_11158596.jpg,2,1,0.042555304975170904,True
localisation_stability_risk,images/train/S_11158684.jpg,3,2,0.2521040956085556,True
localisation_stability_risk,images/train/S_11171971.jpg,6,5,0.21639095286641896,True
localisation_stability_risk,images/train/S_11197423.jpg,12,11,0.10268570266752397,True
localisation_stability_risk,images/train/S_11198594.jpg,2,1,0.06331163851829946,True
localisation_stability_risk,images/train/S_11222627.jpg,2,1,0.12409958727550374,True
localisation_stability_risk,images/train/S_11232362.jpg,1,0,0.026273772188187605,True
localisation_stability_risk,images/train/S_11232699.jpg,6,5,0.35216195557325825,True
localisation_stability_risk,images/train/S_11234196.jpg,3,2,0.37382359491786354,True
localisation_stability_risk,images/train/S_11234486.jpg,4,3,0.2967563523806772,True
localisation_stability_risk,images/train/S_11348810.jpg,16,15,0.20966759606612806,True
localisation_stability_risk,images/train/S_11350098.jpg,2,1,0.02328133875240801,True
localisation_stability_risk,images/train/S_11350344.jpg,1,0,0.017774715817083453,True
localisation_stability_risk,images/val/S_11350363.jpg,1,0,0.015146511085988967,True
localisation_stability_risk,images/train/S_11350366.jpg,1,0,0.01749825768178792,True
localisation_stability_risk,images/train/S_11350461.jpg,3,2,0.2747398441821647,True
localisation_stability_risk,images/train/S_11351046.jpg,1,0,0.025800883890920057,True
localisation_stability_risk,images/train/S_11352018.jpg,2,1,0.06959910037263395,True
localisation_stability_risk,images/train/S_11370433.jpg,4,3,0.19242869277235797,True
localisation_stability_risk,images/train/S_11379080.jpg,6,4,0.18514114864189168,True
localisation_stability_risk,images/train/S_11384875.jpg,2,1,0.19241205145443863,True
localisation_stability_risk,images/train/S_11462542.jpg,12,7,0.2660651409003111,True
localisation_stability_risk,images/train/S_11462571.jpg,17,13,0.29446139214003664,True
localisation_stability_risk,images/train/S_11462577.jpg,19,16,0.3187718667091619,True
localisation_stability_risk,images/train/S_11462596.jpg,17,14,0.3272289988299687,True
localisation_stability_risk,images/train/S_11462607.jpg,2,1,0.03051377393189103,True
localisation_stability_risk,images/train/S_11462621.jpg,16,12,0.5384866997023228,True
localisation_stability_risk,images/train/S_11462658.jpg,21,18,0.33586950786272607,True
localisation_stability_risk,images/train/S_11462659.jpg,8,7,0.44454368055972926,True
localisation_stability_risk,images/train/S_11462685.jpg,15,14,0.4875717639229651,True
localisation_stability_risk,images/train/S_11462724.jpg,9,6,0.3626367293440995,True
localisation_stability_risk,images/train/S_11462764.jpg,9,6,0.15324223704061612,True
localisation_stability_risk,images/train/S_11462822.jpg,4,3,0.30397426000176864,True
localisation_stability_risk,images/train/S_11462895.jpg,9,8,0.38719357361836937,True
localisation_stability_risk,images/train/S_11462916.jpg,2,1,0.32724926133259014,True
localisation_stability_risk,images/train/S_11462951.jpg,8,7,0.343937350846682,True
localisation_stability_risk,images/train/S_11462958.jpg,11,10,0.41837606716101616,True
localisation_stability_risk,images/train/S_11462982.jpg,6,5,0.3310013960537954,True
localisation_stability_risk,images/train/S_11463023.jpg,10,7,0.3290088379478705,True
localisation_stability_risk,images/train/S_11463077.jpg,7,6,0.11558616627105034,True
localisation_stability_risk,images/train/S_11463107.jpg,9,7,0.41133445135446534,True
localisation_stability_risk,images/train/S_11463120.jpg,11,7,0.2568633408277796,True
localisation_stability_risk,images/train/S_11463158.jpg,22,16,0.30256962470789706,True
localisation_stability_risk,images/train/S_11463177.jpg,11,10,0.49936398223896084,True
localisation_stability_risk,images/train/S_11463209.jpg,13,12,0.395802620850503,True
localisation_stability_risk,images/train/S_11463233.jpg,7,4,0.08300322894808865,True
localisation_stability_risk,images/train/S_11463274.jpg,3,2,0.3826965719170635,True
localisation_stability_risk,images/train/S_11463386.jpg,5,4,0.31998283566111907,True
localisation_stability_risk,images/train/S_11463393.jpg,18,14,0.33784870658554755,True
localisation_stability_risk,images/train/S_11463538.jpg,11,7,0.29102821708807336,True
localisation_stability_risk,images/train/S_11463748.jpg,6,5,0.3705780580408089,True
localisation_stability_risk,images/train/S_11463754.jpg,5,4,0.335703793089027,True
localisation_stability_risk,images/train/S_11502854.jpg,1,0,0.015870264309792992,True
localisation_stability_risk,images/train/S_11504680.jpg,5,3,0.18276182879485836,True
localisation_stability_risk,images/train/S_11504687.jpg,6,5,0.2661768356275841,True
localisation_stability_risk,images/train/S_11504689.jpg,4,3,0.34618499722976603,True
localisation_stability_risk,images/train/S_11504692.jpg,8,7,0.33584636353329733,True
localisation_stability_risk,images/train/S_11504730.jpg,1,0,0.015412474711719026,True
localisation_stability_risk,images/train/S_11527151.jpg,1,0,0.01678385708811958,True
localisation_stability_risk,images/train/S_11527526.jpg,9,8,0.19261200357327068,True
localisation_stability_risk,images/train/S_11530791.jpg,15,14,0.274018005898103,True
localisation_stability_risk,images/train/S_11546130.jpg,15,14,0.3136255930733636,True
localisation_stability_risk,images/train/S_11556071.jpg,1,0,0.033940459066613804,True
localisation_stability_risk,images/train/S_11567832.jpg,2,1,0.05713408111056728,True
localisation_stability_risk,images/train/S_11568376.jpg,4,3,0.29472982952376514,True
localisation_stability_risk,images/train/S_11575845.jpg,18,17,0.2201806808413007,True
localisation_stability_risk,images/train/S_11625828.jpg,22,20,0.2756954911074241,True
localisation_stability_risk,images/train/S_11625878.jpg,2,2,0.11800912225715865,True
localisation_stability_risk,images/train/S_11625939.jpg,8,7,0.35418015715243134,True
localisation_stability_risk,images/train/S_11625940.jpg,8,7,0.30569031774385313,True
localisation_stability_risk,images/train/S_11625951.jpg,1,0,0.04258703246268003,True
localisation_stability_risk,images/train/S_11625987.jpg,4,2,0.1851765759059567,True
localisation_stability_risk,images/train/S_11626263.jpg,6,5,0.09260877136316936,True
localisation_stability_risk,images/train/S_11626549.jpg,11,10,0.505310361337751,True
localisation_stability_risk,images/train/S_11631644.jpg,6,5,0.3496565284629154,True
localisation_stability_risk,images/train/S_11731040.jpg,5,4,0.25304607285400815,True
localisation_stability_risk,images/train/S_11757372.jpg,18,17,0.3767134511218233,True
localisation_stability_risk,images/train/S_11757798.jpg,16,15,0.34440671145637736,True
localisation_stability_risk,images/train/S_11759526.jpg,8,7,0.31114387366873975,True
localisation_stability_risk,images/train/S_11759763.jpg,1,0,0.02712153191814759,True
localisation_stability_risk,images/train/S_11759764.jpg,4,3,0.35124599866750406,True
localisation_stability_risk,images/train/S_11760546.jpg,4,3,0.21007208541700428,True
localisation_stability_risk,images/train/S_11760999.jpg,2,1,0.09620973765852803,True
localisation_stability_risk,images/train/S_11762098.jpg,12,9,0.3010664227014589,True
localisation_stability_risk,images/train/S_11762131.jpg,14,12,0.32181857601995556,True
localisation_stability_risk,images/train/S_11767354.jpg,6,5,0.14187077927475955,True
localisation_stability_risk,images/train/S_11767666.jpg,16,12,0.3733252051919722,True
localisation_stability_risk,images/train/S_11768154.jpg,8,7,0.32497309490859094,True
localisation_stability_risk,images/train/S_11768167.jpg,10,9,0.2851040505533524,True
localisation_stability_risk,images/train/S_11768331.jpg,2,1,0.19143451566629532,True
localisation_stability_risk,images/train/S_11769608.jpg,1,0,0.0270723175710188,True
localisation_stability_risk,images/train/S_11769654.jpg,1,0,0.022147742320185237,True
localisation_stability_risk,images/train/S_11833229.jpg,19,11,0.2517757787949293,True
localisation_stability_risk,images/train/S_11833240.jpg,29,18,0.30298452486223526,True
localisation_stability_risk,images/train/S_11833251.jpg,43,21,0.3443499963444865,True
localisation_stability_risk,images/train/S_11833256.jpg,17,6,0.1324133311608382,True
localisation_stability_risk,images/train/S_11833692.jpg,5,4,0.5713380063059386,True
localisation_stability_risk,images/train/S_11833720.jpg,8,7,0.18791811520587753,True
localisation_stability_risk,images/train/S_11833728.jpg,70,56,0.4693628440554496,True
localisation_stability_risk,images/train/S_11833746.jpg,3,2,0.0917689764241606,True
localisation_stability_risk,images/train/S_11833771.jpg,3,2,0.10983489053905482,True
localisation_stability_risk,images/train/S_11833822.jpg,3,2,0.12807249242543883,True
localisation_stability_risk,images/train/S_11833826.jpg,9,8,0.19740518660102124,True
localisation_stability_risk,images/train/S_11833831.jpg,1,0,0.02928936123235759,True
localisation_stability_risk,images/train/S_11833869.jpg,5,4,0.3647431471021868,True
localisation_stability_risk,images/train/S_11833927.jpg,6,5,0.36431093267834036,True
localisation_stability_risk,images/train/S_11839267.jpg,9,7,0.24954563072486446,True
localisation_stability_risk,images/train/S_11841301.jpg,11,10,0.4848008058289165,True
localisation_stability_risk,images/train/S_11841488.jpg,66,51,1.0,True
localisation_stability_risk,images/train/S_11841613.jpg,67,58,0.3923689967508739,True
localisation_stability_risk,images/train/S_11841616.jpg,86,64,0.3926436335161724,True
localisation_stability_risk,images/train/S_11845538.jpg,45,31,0.2961060665433255,True
localisation_stability_risk,images/train/S_11846750.jpg,24,17,0.27957516281815287,True
localisation_stability_risk,images/train/S_11846978.jpg,46,39,0.28208133448780415,True
localisation_stability_risk,images/train/S_11848321.jpg,36,35,0.37898665326810277,True
localisation_stability_risk,images/train/S_11849023.jpg,6,5,0.2236378671684741,True
localisation_stability_risk,images/train/S_11849821.jpg,6,5,0.2541121984349003,True
localisation_stability_risk,images/train/S_11850030.jpg,25,24,0.3566273161852369,True
localisation_stability_risk,images/train/S_11850671.jpg,15,14,0.3542902647441232,True
localisation_stability_risk,images/train/S_11854069.jpg,7,6,0.17433858559570492,True
localisation_stability_risk,images/train/S_11857161.jpg,16,15,0.27004296283720786,True
localisation_stability_risk,images/train/S_11859071.jpg,10,9,0.7797997253270804,True
localisation_stability_risk,images/train/S_11862414.jpg,12,11,0.3842294427421431,True
localisation_stability_risk,images/train/S_11863542.jpg,2,1,0.1340573358616467,True
localisation_stability_risk,images/train/S_11863684.jpg,3,2,0.19588028211989528,True
localisation_stability_risk,images/train/S_11869127.jpg,30,29,0.29157420289941105,True
localisation_stability_risk,images/train/S_11871353.jpg,9,8,0.44474809191479703,True
localisation_stability_risk,images/train/S_11873388.jpg,6,5,0.14950232584385503,True
localisation_stability_risk,images/train/S_11879852.jpg,39,34,0.2675702479580546,True
localisation_stability_risk,images/train/S_11882946.jpg,5,4,0.31876971525748865,True
localisation_stability_risk,images/train/S_11883069.jpg,4,3,0.3446832896188745,True
localisation_stability_risk,images/train/S_11887833.jpg,17,15,0.3298958199470562,True
localisation_stability_risk,images/train/S_11894833.jpg,5,4,0.19633951078021938,True
localisation_stability_risk,images/train/S_11900281.jpg,2,1,0.10886076893377317,True
localisation_stability_risk,images/train/S_11906305.jpg,1,0,0.04435372442680896,True
localisation_stability_risk,images/train/S_11907175.jpg,7,6,0.1626898055253111,True
localisation_stability_risk,images/train/S_11915278.jpg,10,9,0.3635211488294814,True
localisation_stability_risk,images/train/S_11917333.jpg,4,3,0.3561880708363101,True
localisation_stability_risk,images/train/S_11917733.jpg,3,1,0.07400627182893549,True
localisation_stability_risk,images/train/S_11917870.jpg,4,3,0.30064674297226224,True
localisation_stability_risk,images/train/S_11918026.jpg,7,6,0.5092803609572478,True
localisation_stability_risk,images/train/S_11918304.jpg,10,9,0.4168522413388721,True
localisation_stability_risk,images/train/S_11918307.jpg,7,6,0.312127960321156,True
localisation_stability_risk,images/train/S_11918620.jpg,74,66,0.5751286873469506,True
localisation_stability_risk,images/train/S_11919213.jpg,12,10,0.18801848364702456,True
localisation_stability_risk,images/train/S_11920593.jpg,33,28,0.2518451062447632,True
localisation_stability_risk,images/train/S_11922703.jpg,10,9,0.3631079385153059,True
localisation_stability_risk,images/train/S_11922891.jpg,18,16,0.37750167224460207,True
localisation_stability_risk,images/train/S_11924950.jpg,9,7,0.17359212381614186,True
localisation_stability_risk,images/train/S_11925076.jpg,9,7,0.3262303726561713,True
localisation_stability_risk,images/train/S_11926542.jpg,8,7,0.22894793935021562,True
localisation_stability_risk,images/train/S_11928765.jpg,11,10,0.5046557318254432,True
localisation_stability_risk,images/train/S_11930933.jpg,3,2,0.07412407769828921,True
localisation_stability_risk,images/train/S_11931105.jpg,3,2,0.12248983560467686,True
localisation_stability_risk,images/train/S_11934517.jpg,3,2,0.053653470245085044,True
localisation_stability_risk,images/train/S_11940179.jpg,6,5,0.3267165472860887,True
localisation_stability_risk,images/train/S_11941493.jpg,70,65,0.239351263329465,True
localisation_stability_risk,images/train/S_11942677.jpg,6,5,0.07159010576883895,True
localisation_stability_risk,images/train/S_11943386.jpg,3,2,0.05794119937872,True
localisation_stability_risk,images/train/S_12000323.jpg,2,1,0.06870045752977616,True
localisation_stability_risk,images/train/S_12003608.jpg,11,10,0.5203225606949999,True
localisation_stability_risk,images/train/S_12003816.jpg,19,18,0.15850213705447935,True
localisation_stability_risk,images/train/S_12006446.jpg,11,10,0.2788074742893102,True
localisation_stability_risk,images/train/S_12012025.jpg,5,4,0.1760399225924527,True
localisation_stability_risk,images/train/S_12029202.jpg,11,10,0.36268568844389937,True
localisation_stability_risk,images/train/S_12040955.jpg,7,6,0.26933804918845095,True
localisation_stability_risk,images/train/S_12053535.jpg,31,27,0.32365721273196857,True
localisation_stability_risk,images/train/S_12054265.jpg,10,8,0.14187076325934755,True
localisation_stability_risk,images/train/S_12065041.jpg,4,3,0.1359784280473274,True
localisation_stability_risk,images/train/S_12066120.jpg,1,0,0.029602596664441982,True
localisation_stability_risk,images/train/S_12066130.jpg,6,5,0.19198121683503844,True
localisation_stability_risk,images/train/S_12070922.jpg,2,1,0.07116698153383128,True
localisation_stability_risk,images/train/S_12074101.jpg,1,0,0.024120985138563533,True
localisation_stability_risk,images/train/S_12081044.jpg,7,6,0.34941203124871234,True
localisation_stability_risk,images/train/S_12084169.jpg,5,4,0.14165011700990549,True
localisation_stability_risk,images/train/S_12085666.jpg,5,4,0.43554874277023914,True
localisation_stability_risk,images/train/S_12085808.jpg,6,5,0.17809472566957096,True
localisation_stability_risk,images/train/S_12085871.jpg,7,6,0.24280978751627835,True
localisation_stability_risk,images/train/S_12091539.jpg,1,0,0.023590773233444495,True
localisation_stability_risk,images/train/S_12091778.jpg,2,1,0.03636636174925134,True
localisation_stability_risk,images/train/S_12092008.jpg,13,12,0.602142504923314,True
localisation_stability_risk,images/train/S_12093948.jpg,37,36,0.6704098193875832,True
localisation_stability_risk,images/train/S_12095954.jpg,12,10,0.49209539953187964,True
localisation_stability_risk,images/train/S_12096475.jpg,3,2,0.3144788185946046,True
localisation_stability_risk,images/train/S_12115633.jpg,46,42,0.2825200616880428,True
localisation_stability_risk,images/train/S_12122957.jpg,2,1,0.12138747581724108,True
localisation_stability_risk,images/train/S_12125714.jpg,7,6,0.34627953529406696,True
localisation_stability_risk,images/train/S_12127799.jpg,2,0,0.09861056297088078,True
localisation_stability_risk,images/train/S_12128912.jpg,39,36,0.2926780976100082,True
localisation_stability_risk,images/train/S_12156156.jpg,15,14,0.38740493130256326,True
localisation_stability_risk,images/train/S_12157127.jpg,1,0,0.020825353468241325,True
localisation_stability_risk,images/train/S_12157137.jpg,8,7,0.38061983952638356,True
localisation_stability_risk,images/train/S_12157304.jpg,18,15,0.2325861215421321,True
localisation_stability_risk,images/train/S_12157529.jpg,7,6,0.05006899568115197,True
localisation_stability_risk,images/train/S_12157654.jpg,9,8,0.3514207720086857,True
localisation_stability_risk,images/train/S_12157834.jpg,3,2,0.34831952236738895,True
localisation_stability_risk,images/train/S_12157942.jpg,1,0,0.014506128356115311,True
localisation_stability_risk,images/train/S_12159898.jpg,3,1,0.10834988505840837,True
localisation_stability_risk,images/train/S_12160873.jpg,3,2,0.3351716073782175,True
localisation_stability_risk,images/train/S_12161104.jpg,4,3,0.2899803735978863,True
localisation_stability_risk,images/train/S_12161105.jpg,10,9,0.5701243375554725,True
localisation_stability_risk,images/train/S_12177930.jpg,9,8,0.205101399940124,True
localisation_stability_risk,images/train/S_12208687.jpg,34,31,0.2701784152251273,True
localisation_stability_risk,images/train/S_12220568.jpg,2,1,0.05014311331069299,True
localisation_stability_risk,images/train/S_12220697.jpg,8,7,0.31953071295138025,True
localisation_stability_risk,images/train/S_12220756.jpg,6,5,0.23669341213805506,True
localisation_stability_risk,images/train/S_12222126.jpg,4,3,0.15352121618640546,True
localisation_stability_risk,images/train/S_12223297.jpg,1,0,0.03510519825239233,True
localisation_stability_risk,images/train/S_12225379.jpg,3,2,0.20042329694515426,True
localisation_stability_risk,images/train/S_12226425.jpg,21,19,0.2834469246795549,True
localisation_stability_risk,images/train/S_12236644.jpg,3,1,0.029222286016607257,True
localisation_stability_risk,images/train/S_12236852.jpg,1,0,0.028583162706729448,True
localisation_stability_risk,images/train/S_12236861.jpg,1,0,0.027305690233573876,True
localisation_stability_risk,images/train/S_12236888.jpg,8,7,0.3845816000812452,True
localisation_stability_risk,images/train/S_12236997.jpg,3,2,0.3100121877222838,True
localisation_stability_risk,images/train/S_12239385.jpg,2,1,0.017266207895062946,True
localisation_stability_risk,images/train/S_12239468.jpg,3,2,0.09640100027549248,True
localisation_stability_risk,images/train/S_12253490.jpg,8,7,0.12507408714954538,True
localisation_stability_risk,images/train/S_12323308.jpg,4,3,0.38677201068991585,True
localisation_stability_risk,images/train/S_12326623.jpg,9,8,0.23028552308416106,True
localisation_stability_risk,images/train/S_12332734.jpg,1,0,0.06281153717389698,True
localisation_stability_risk,images/train/S_12346151.jpg,43,33,0.6726239300668754,True
localisation_stability_risk,images/train/S_12349091.jpg,19,16,0.3081580230513551,True
localisation_stability_risk,images/train/S_12363373.jpg,7,6,0.16620421789183126,True
localisation_stability_risk,images/train/S_12363797.jpg,13,11,0.2777806311313624,True
localisation_stability_risk,images/train/S_12365955.jpg,11,10,0.2047217191709585,True
localisation_stability_risk,images/train/S_12367063.jpg,3,2,0.12917570880279228,True
localisation_stability_risk,images/train/S_12368242.jpg,7,6,0.09154663571822341,True
localisation_stability_risk,images/train/S_12369166.jpg,4,3,0.12180599102220335,True
localisation_stability_risk,images/train/S_12369938.jpg,9,7,0.22928693441832915,True
localisation_stability_risk,images/train/S_12411294.jpg,3,2,0.0742497822784639,True
localisation_stability_risk,images/train/S_12415895.jpg,2,2,0.09524556466968348,True
localisation_stability_risk,images/train/S_12416067.jpg,5,4,0.5487452233372061,True
localisation_stability_risk,images/train/S_12439401.jpg,4,3,0.14957046322461054,True
localisation_stability_risk,images/train/S_12451962.jpg,12,11,0.22241379191988997,True
localisation_stability_risk,images/train/S_12459545.jpg,7,6,0.3557139497692535,True
localisation_stability_risk,images/train/S_12462882.jpg,1,0,0.023660809861456578,True
localisation_stability_risk,images/train/S_12462991.jpg,4,3,0.4705156771772617,True
localisation_stability_risk,images/train/S_12466711.jpg,2,1,0.11486142786634823,True
localisation_stability_risk,images/train/S_12466886.jpg,1,0,0.025941224343866365,True
localisation_stability_risk,images/train/S_12467447.jpg,37,33,0.36839893022979553,True
localisation_stability_risk,images/train/S_12481433.jpg,21,12,0.41829683023279507,True
localisation_stability_risk,images/train/S_12481452.jpg,50,42,0.4862273670658832,True
localisation_stability_risk,images/train/S_12494175.jpg,2,1,0.1957720942360428,True
localisation_stability_risk,images/train/S_12504184.jpg,5,3,0.08350864057466789,True
localisation_stability_risk,images/train/S_12511329.jpg,2,1,0.019226691328722012,True
localisation_stability_risk,images/train/S_12511349.jpg,1,0,0.016509983646341708,True
localisation_stability_risk,images/train/S_12511586.jpg,9,8,0.36689711437682715,True
localisation_stability_risk,images/train/S_12540614.jpg,17,15,0.31330644905151606,True
localisation_stability_risk,images/train/S_12544307.jpg,43,37,0.42365728794662405,True
localisation_stability_risk,images/train/S_12571071.jpg,2,1,0.3264315188071145,True
localisation_stability_risk,images/train/S_12588225.jpg,5,4,0.1451591777333825,True
localisation_stability_risk,images/train/S_12599629.jpg,1,0,0.042615500401381845,True
localisation_stability_risk,images/train/S_12600154.jpg,29,20,0.25337644617867205,True
localisation_stability_risk,images/train/S_12602146.jpg,14,12,0.2103795102878656,True
localisation_stability_risk,images/train/S_12614420.jpg,3,2,0.04454592464076035,True
localisation_stability_risk,images/train/S_12614456.jpg,8,6,0.5297083639268094,True
localisation_stability_risk,images/train/S_12614457.jpg,1,0,0.04990220084839225,True
localisation_stability_risk,images/train/S_12616645.jpg,2,1,0.33119826168883937,True
localisation_stability_risk,images/train/S_12616932.jpg,32,28,0.19457965898188012,True
localisation_stability_risk,images/train/S_12616987.jpg,12,5,0.13138953025328326,True
localisation_stability_risk,images/train/S_12617096.jpg,3,2,0.0281377786131477,True
localisation_stability_risk,images/train/Y_000012.jpg,6,3,0.5552646974844913,True
localisation_stability_risk,images/train/Y_000019.jpg,5,4,0.598431668438065,True
localisation_stability_risk,images/train/Y_000030.jpg,2,1,0.06827615674699616,True
localisation_stability_risk,images/train/Y_000069.jpg,7,6,0.2777227078815452,True
localisation_stability_risk,images/train/Y_000082.jpg,4,3,0.16949537871374742,True
localisation_stability_risk,images/train/Y_000117.jpg,5,4,0.3466935136806457,True
localisation_stability_risk,images/train/Y_000143.jpg,2,1,0.04936550003028761,True
localisation_stability_risk,images/train/Y_000189.jpg,7,6,0.3083275408444329,True
localisation_stability_risk,images/train/Y_000190.jpg,3,2,0.09511893466850463,True
localisation_stability_risk,images/train/Y_000241.jpg,2,1,0.14859388576736232,True
localisation_stability_risk,images/train/Y_000245.jpg,1,0,0.04893270021843121,True
localisation_stability_risk,images/train/Y_000281.jpg,12,11,0.2976548218235977,True
localisation_stability_risk,images/train/Y_000286.jpg,6,5,0.19995861613024135,True
localisation_stability_risk,images/train/Y_000299.jpg,4,3,0.15616675949981773,True
localisation_stability_risk,images/train/Y_000329.jpg,3,2,0.13753796117060912,True
localisation_stability_risk,images/train/Y_000396.jpg,9,8,0.2995853061132615,True
localisation_stability_risk,images/train/Y_000414.jpg,4,3,0.3060113287584745,True
localisation_stability_risk,images/train/Y_000416.jpg,10,9,0.3871541035976749,True
localisation_stability_risk,images/train/Y_000423.jpg,1,0,0.01877193623446427,True
localisation_stability_risk,images/train/Y_000458.jpg,5,3,0.10192157383458333,True
localisation_stability_risk,images/train/Y_000470.jpg,3,2,0.304295644044263,True
localisation_stability_risk,images/train/Y_000477.jpg,3,1,0.08609118226230006,True
localisation_stability_risk,images/train/Y_000546.jpg,7,4,0.3182295685811872,True
localisation_stability_risk,images/train/Y_000584.jpg,9,0,0.020087823964686558,True
localisation_stability_risk,images/train/Y_000586.jpg,1,0,0.019018315723273505,True
localisation_stability_risk,images/train/Y_000605.jpg,8,1,0.1184681742046022,True
localisation_stability_risk,images/train/Y_000608.jpg,9,0,0.01948286638631469,True
localisation_stability_risk,images/train/Y_000614.jpg,7,0,0.027658710308849033,True
localisation_stability_risk,images/train/Y_000664.jpg,9,1,0.023878635840207663,True
localisation_stability_risk,images/train/Y_000673.jpg,9,2,0.13042614666114782,True
localisation_stability_risk,images/train/Y_000696.jpg,16,8,0.2597907471949441,True
localisation_stability_risk,images/train/Y_000704.jpg,14,5,0.2937225641089407,True
localisation_stability_risk,images/train/Y_000714.jpg,16,8,0.2723708303443887,True
localisation_stability_risk,images/train/Y_000715.jpg,28,18,0.25934594261796917,True
localisation_stability_risk,images/train/Y_000724.jpg,2,0,0.034467714814776285,True
localisation_stability_risk,images/train/Y_000745.jpg,2,1,0.02015441052482192,True
localisation_stability_risk,images/train/Y_000750.jpg,2,1,0.02449104762120702,True
localisation_stability_risk,images/train/Y_000755.jpg,1,0,0.021967283245612146,True
localisation_stability_risk,images/train/Y_000769.jpg,7,6,0.4514295414521038,True
localisation_stability_risk,images/train/Y_000774.jpg,1,0,0.024104997818560014,True
localisation_stability_risk,images/train/Y_000781.jpg,1,0,0.024421473380778713,True
localisation_stability_risk,images/train/Y_000815.jpg,4,3,0.4096483680343018,True
localisation_stability_risk,images/train/Y_000853.jpg,12,5,0.17694742704340027,True
localisation_stability_risk,images/train/Y_000882.jpg,12,3,0.13305026826435584,True
localisation_stability_risk,images/train/Y_000884.jpg,6,5,0.3187077112242369,True
localisation_stability_risk,images/train/Y_000886.jpg,9,4,0.30889145590631617,True
localisation_stability_risk,images/train/Y_000903.jpg,10,1,0.0974594028266228,True
localisation_stability_risk,images/train/Y_000906.jpg,3,2,0.31072428084097914,True
localisation_stability_risk,images/train/Y_000912.jpg,4,3,0.3762372734019742,True
localisation_stability_risk,images/train/Y_000915.jpg,4,3,0.2054567792837979,True
localisation_stability_risk,images/train/Y_000925.jpg,9,0,0.024326449717783305,True
localisation_stability_risk,images/train/Y_000932.jpg,4,3,0.018607705509190664,True
localisation_stability_risk,images/train/Y_000945.jpg,8,7,0.3710455825924176,True
localisation_stability_risk,images/train/Y_000956.jpg,4,3,0.15845811776685192,True
localisation_stability_risk,images/train/Y_000979.jpg,7,5,0.24043723411745943,True
localisation_stability_risk,images/train/Y_000988.jpg,13,12,0.3856419157408836,True
localisation_stability_risk,images/train/Y_001024.jpg,1,0,0.01605546088976728,True
localisation_stability_risk,images/val/Y_001026.jpg,1,0,0.015862429120340638,True
localisation_stability_risk,images/train/Y_001037.jpg,2,1,0.06072329732936643,True
localisation_stability_risk,images/train/Y_001168.jpg,1,0,0.018884159613063112,True
localisation_stability_risk,images/train/Y_001183.jpg,1,0,0.014443265656385762,True
localisation_stability_risk,images/train/Y_001257.jpg,23,21,0.21426791540633294,True
localisation_stability_risk,images/train/Y_001289.jpg,6,5,0.37558459434536906,True
localisation_stability_risk,images/train/Y_001476.jpg,5,4,0.13890340251208821,True
localisation_stability_risk,images/train/Y_001499.jpg,2,1,0.09644428814306072,True
localisation_stability_risk,images/train/Y_001614.jpg,4,3,0.25915227701073507,True
localisation_stability_risk,images/train/Y_001624.jpg,7,7,0.1913314139665443,True
localisation_stability_risk,images/train/Y_001782.jpg,5,4,0.2788243958287129,True
localisation_stability_risk,images/train/Y_001797.jpg,4,3,0.14641578172130965,True
localisation_stability_risk,images/train/Y_001805.jpg,1,0,0.027988714934781056,True
localisation_stability_risk,images/train/Y_001851.jpg,1,0,0.061187179698651284,True
localisation_stability_risk,images/train/Y_001855.jpg,9,8,0.15470963427898632,True
localisation_stability_risk,images/train/Y_001868.jpg,1,0,0.0426628166141263,True
localisation_stability_risk,images/train/Y_001878.jpg,1,1,0.02939081834821633,True
localisation_stability_risk,images/train/Y_001892.jpg,1,0,0.020136130384734607,True
localisation_stability_risk,images/train/Y_001904.jpg,3,2,0.06421487213627297,True
localisation_stability_risk,images/train/Y_001917.jpg,1,0,0.022288294129614306,True
localisation_stability_risk,images/train/Y_001918.jpg,1,0,0.028646063221916762,True
localisation_stability_risk,images/train/Y_001930.jpg,1,0,0.03238068724215315,True
localisation_stability_risk,images/train/Y_001988.jpg,2,0,0.0761121298958567,True
localisation_stability_risk,images/train/Y_001995.jpg,1,0,0.027745165952892892,True
localisation_stability_risk,images/train/Y_002004.jpg,1,0,0.02524011593045139,True
localisation_stability_risk,images/train/Y_002065.jpg,8,7,0.3522802618717107,True
localisation_stability_risk,images/train/Y_002082.jpg,1,0,0.031180537504090333,True
localisation_stability_risk,images/train/Y_002084.jpg,1,0,0.02400708986806621,True
localisation_stability_risk,images/train/Y_002087.jpg,1,0,0.0318907634249207,True
localisation_stability_risk,images/train/Y_002092.jpg,2,1,0.026956520059107647,True
localisation_stability_risk,images/train/Y_002130.jpg,4,2,0.16456186622928592,True
localisation_stability_risk,images/train/Y_002147.jpg,11,9,0.35747507549845425,True
localisation_stability_risk,images/train/Y_002164.jpg,1,0,0.039378134054759095,True
localisation_stability_risk,images/train/Y_002167.jpg,7,6,0.33427928390366135,True
localisation_stability_risk,images/train/Y_002178.jpg,2,1,0.13811997652244878,True
localisation_stability_risk,images/train/Y_002186.jpg,2,1,0.4117731714353521,True
localisation_stability_risk,images/train/Y_002201.jpg,6,5,0.3219071309902011,True
localisation_stability_risk,images/train/Y_002220.jpg,4,3,0.32327156148954617,True
localisation_stability_risk,images/train/Y_002221.jpg,9,8,0.2342967419861237,True
localisation_stability_risk,images/train/Y_002227.jpg,5,4,0.2650338319639467,True
localisation_stability_risk,images/train/Y_002275.jpg,20,19,0.32904269251365137,True
localisation_stability_risk,images/train/Y_002296.jpg,3,3,0.07524174481057133,True
localisation_stability_risk,images/train/Y_002303.jpg,4,3,0.33134224524814226,True
localisation_stability_risk,images/train/Y_002333.jpg,12,11,0.27758920062469006,True
localisation_stability_risk,images/train/Y_002371.jpg,5,4,0.2949689783563141,True
localisation_stability_risk,images/train/Y_002393.jpg,7,7,0.18041447544194744,True
localisation_stability_risk,images/train/Y_002413.jpg,1,0,0.034922878665942236,True
localisation_stability_risk,images/train/Y_002482.jpg,12,11,0.3854026373033195,True
localisation_stability_risk,images/train/Y_002483.jpg,1,0,0.018866969856038196,True
localisation_stability_risk,images/train/Y_002484.jpg,1,0,0.027683352882380108,True
localisation_stability_risk,images/train/Y_002505.jpg,2,1,0.2086367561010164,True
localisation_stability_risk,images/train/Y_002547.jpg,11,10,0.20332180112763565,True
localisation_stability_risk,images/train/Y_002548.jpg,3,2,0.38294273617583974,True
localisation_stability_risk,images/train/Y_002563.jpg,4,3,0.3174829528887231,True
localisation_stability_risk,images/train/Y_002566.jpg,3,2,0.1431626146020195,True
localisation_stability_risk,images/train/Y_002571.jpg,1,0,0.02683284890404991,True
localisation_stability_risk,images/train/Y_003653.jpg,26,21,0.17751823993074045,True
localisation_stability_risk,images/train/Y_004063.jpg,3,1,0.0663808002295726,True
localisation_stability_risk,images/train/Y_006375.jpg,21,20,0.5489944878991415,True
localisation_stability_risk,images/train/Y_008515.jpg,20,19,0.2972003053674719,True
localisation_stability_risk,images/train/Y_008530.jpg,3,1,0.2985708583416873,True
localisation_stability_risk,images/train/Y_008537.jpg,2,1,0.12834716090563725,True
localisation_stability_risk,images/train/Y_008570.jpg,7,6,0.31728167390206274,True
localisation_stability_risk,images/train/Y_011315.jpg,6,6,0.36345871835626453,True
localisation_stability_risk,images/train/Y_011492.jpg,5,5,0.0836473434468129,True
localisation_stability_risk,images/train/Y_011500.jpg,2,1,0.03632744992047032,True
localisation_stability_risk,images/train/Y_011621.jpg,7,6,0.0930700124571282,True
localisation_stability_risk,images/train/Y_011626.jpg,21,20,0.24380811940500446,True
localisation_stability_risk,images/train/Y_011640.jpg,20,16,0.2801830247382232,True
localisation_stability_risk,images/train/Y_011778.jpg,6,5,0.3244480014217823,True
localisation_stability_risk,images/train/Y_011792.jpg,10,9,0.18008684834329713,True
localisation_stability_risk,images/train/Y_011859.jpg,13,10,0.2452994115593211,True
localisation_stability_risk,images/train/Y_011861.jpg,6,4,0.1300340619536119,True
weighted_trustpcb_risk,images/train/0006194.jpg,3,2,0.8698906441104118,True
weighted_trustpcb_risk,images/train/0045408.jpg,10,9,0.9052069032161805,True
weighted_trustpcb_risk,images/train/0048868.jpg,9,8,0.9062916818826173,True
weighted_trustpcb_risk,images/train/0058380.jpg,1,0,0.0406100560132828,True
weighted_trustpcb_risk,images/train/0059120.jpg,6,5,0.9340824697922688,True
weighted_trustpcb_risk,images/train/0061887.jpg,2,1,0.7703945301004943,True
weighted_trustpcb_risk,images/train/0061956.jpg,18,15,0.9078547107414675,True
weighted_trustpcb_risk,images/train/0061974.jpg,17,14,0.905271642647452,True
weighted_trustpcb_risk,images/train/0063023.jpg,1,0,0.019969848027860945,True
weighted_trustpcb_risk,images/train/0063030.jpg,3,2,0.897614745433104,True
weighted_trustpcb_risk,images/train/0063118.jpg,18,14,0.8982488807855152,True
weighted_trustpcb_risk,images/train/0065376.jpg,6,5,0.8926181438842723,True
weighted_trustpcb_risk,images/train/0065596.jpg,2,1,0.8773258676042985,True
weighted_trustpcb_risk,images/train/0065902.jpg,10,8,0.9155071447517622,True
weighted_trustpcb_risk,images/train/0065939.jpg,7,5,0.8985971879784859,True
weighted_trustpcb_risk,images/train/0065943.jpg,5,4,0.8920964687037027,True
weighted_trustpcb_risk,images/train/0065947.jpg,4,2,0.8935249983601297,True
weighted_trustpcb_risk,images/train/0065977.jpg,3,2,0.9188963434962054,True
weighted_trustpcb_risk,images/train/0066130.jpg,19,17,0.9102224465441675,True
weighted_trustpcb_risk,images/train/0067329.jpg,1,0,0.03805693597933364,True
weighted_trustpcb_risk,images/train/0067993.jpg,3,2,0.9095800369344289,True
weighted_trustpcb_risk,images/train/0068026.jpg,3,2,0.889229763033059,True
weighted_trustpcb_risk,images/train/0068071.jpg,4,3,0.9204554917618545,True
weighted_trustpcb_risk,images/train/0068096.jpg,5,4,0.9107722230242871,True
weighted_trustpcb_risk,images/train/0068728.jpg,6,6,0.8575249007424418,True
weighted_trustpcb_risk,images/train/0069406.jpg,15,11,0.9083463595262589,True
weighted_trustpcb_risk,images/train/0072520.jpg,2,1,0.9060699161165374,True
weighted_trustpcb_risk,images/train/0075059.jpg,4,3,0.9212194170724846,True
weighted_trustpcb_risk,images/train/0079911.jpg,2,0,0.13420080827835976,True
weighted_trustpcb_risk,images/train/0080268.jpg,1,0,0.02990458334145721,True
weighted_trustpcb_risk,images/train/0084218.jpg,5,4,0.894345173410108,True
weighted_trustpcb_risk,images/train/0093085.jpg,2,1,0.8830198457575738,True
weighted_trustpcb_risk,images/train/0097802.jpg,10,9,0.9376857526734357,True
weighted_trustpcb_risk,images/train/0098796.jpg,2,1,0.884983674594017,True
weighted_trustpcb_risk,images/train/0100794.jpg,3,2,0.8524963700017645,True
weighted_trustpcb_risk,images/train/0105983.jpg,1,0,0.11662263840106603,True
weighted_trustpcb_risk,images/train/0106237.jpg,2,1,0.366230870050981,True
weighted_trustpcb_risk,images/train/0107314.jpg,18,15,0.9114339964769447,True
weighted_trustpcb_risk,images/train/0107421.jpg,9,8,0.9132358024666122,True
weighted_trustpcb_risk,images/train/0108219.jpg,1,0,0.07664496732617003,True
weighted_trustpcb_risk,images/train/0108367.jpg,3,2,0.7784792512493026,True
weighted_trustpcb_risk,images/train/0124142.jpg,5,4,0.9173376942380232,True
weighted_trustpcb_risk,images/train/0149825.jpg,1,0,0.7868249997062294,True
weighted_trustpcb_risk,images/train/0223193.jpg,2,1,0.8890755821602926,True
weighted_trustpcb_risk,images/train/0223464.jpg,7,6,0.9239670199265677,True
weighted_trustpcb_risk,images/train/0273269.jpg,3,2,0.8901857893847326,True
weighted_trustpcb_risk,images/train/0335581.jpg,2,1,0.8948171907705362,True
weighted_trustpcb_risk,images/train/0341843.jpg,2,1,0.8900833901399616,True
weighted_trustpcb_risk,images/train/0344893.jpg,18,17,0.9074809534080974,True
weighted_trustpcb_risk,images/train/0344980.jpg,1,0,0.056864493187148694,True
weighted_trustpcb_risk,images/train/0344995.jpg,12,11,0.9264593992866443,True
weighted_trustpcb_risk,images/train/0345170.jpg,3,2,0.8855508643219564,True
weighted_trustpcb_risk,images/train/0352319.jpg,13,12,0.9261408325373774,True
weighted_trustpcb_risk,images/train/0357225.jpg,43,41,0.9547867281052842,True
weighted_trustpcb_risk,images/train/0370467.jpg,18,17,0.9251686915098689,True
weighted_trustpcb_risk,images/train/0370597.jpg,8,7,0.9176517221681497,True
weighted_trustpcb_risk,images/train/0370611.jpg,6,5,0.8871567390014147,True
weighted_trustpcb_risk,images/train/0370652.jpg,2,1,0.9151688558535567,True
weighted_trustpcb_risk,images/val/0370676.jpg,1,0,0.022842928667591505,True
weighted_trustpcb_risk,images/train/0371737.jpg,15,13,0.9313770295656613,True
weighted_trustpcb_risk,images/train/0372822.jpg,4,3,0.9239604592252796,True
weighted_trustpcb_risk,images/train/0373458.jpg,1,0,0.013996773766182918,True
weighted_trustpcb_risk,images/train/0373538.jpg,4,3,0.8860432706371517,True
weighted_trustpcb_risk,images/train/0373725.jpg,8,7,0.915535560258664,True
weighted_trustpcb_risk,images/train/0373938.jpg,1,0,0.030581553850294103,True
weighted_trustpcb_risk,images/train/0374232.jpg,1,0,0.08750876203971564,True
weighted_trustpcb_risk,images/train/0374307.jpg,6,4,0.8976255611364187,True
weighted_trustpcb_risk,images/train/0374722.jpg,1,0,0.014560647777685858,True
weighted_trustpcb_risk,images/train/0374773.jpg,6,5,0.888364419416212,True
weighted_trustpcb_risk,images/train/0374823.jpg,22,15,0.9376663092269532,True
weighted_trustpcb_risk,images/train/0375514.jpg,5,4,0.8931856457245808,True
weighted_trustpcb_risk,images/train/0375522.jpg,2,1,0.9424962776861888,True
weighted_trustpcb_risk,images/train/0375527.jpg,7,6,0.9249749394543403,True
weighted_trustpcb_risk,images/train/0376073.jpg,8,7,0.9062844276032601,True
weighted_trustpcb_risk,images/train/0376357.jpg,1,0,0.07263468082634766,True
weighted_trustpcb_risk,images/train/0376375.jpg,12,11,0.9187489465146187,True
weighted_trustpcb_risk,images/train/0376450.jpg,22,20,0.9070675063330704,True
weighted_trustpcb_risk,images/train/0377363.jpg,7,6,0.9322302833555206,True
weighted_trustpcb_risk,images/train/0377507.jpg,29,28,0.9070961429976279,True
weighted_trustpcb_risk,images/train/0377739.jpg,1,0,0.038380741359955346,True
weighted_trustpcb_risk,images/train/0377845.jpg,34,31,0.9094754586153688,True
weighted_trustpcb_risk,images/train/0378117.jpg,4,3,0.9169891552513407,True
weighted_trustpcb_risk,images/train/0378183.jpg,2,1,0.9108287921546987,True
weighted_trustpcb_risk,images/train/0378723.jpg,5,4,0.919215325283345,True
weighted_trustpcb_risk,images/train/0378737.jpg,3,2,0.8824746906381042,True
weighted_trustpcb_risk,images/train/0390841.jpg,1,0,0.11407790117065138,True
weighted_trustpcb_risk,images/train/0390881.jpg,2,1,0.8805439994566506,True
weighted_trustpcb_risk,images/train/0390915.jpg,1,0,0.01795164786428529,True
weighted_trustpcb_risk,images/train/0390929.jpg,1,0,0.018611103227240113,True
weighted_trustpcb_risk,images/train/0392410.jpg,5,4,0.9033213060751677,True
weighted_trustpcb_risk,images/train/0392531.jpg,18,12,0.9159431022272768,True
weighted_trustpcb_risk,images/train/0394635.jpg,1,0,0.06645867852148839,True
weighted_trustpcb_risk,images/train/03947.jpg,1,0,0.0831357115383538,True
weighted_trustpcb_risk,images/train/0395903.jpg,7,5,0.9024183675504877,True
weighted_trustpcb_risk,images/train/0396118.jpg,2,1,0.8891388175907143,True
weighted_trustpcb_risk,images/train/0396126.jpg,1,0,0.01326007737189781,True
weighted_trustpcb_risk,images/train/0396128.jpg,2,1,0.8809348443690302,True
weighted_trustpcb_risk,images/train/0398670.jpg,11,10,0.907985708673722,True
weighted_trustpcb_risk,images/train/0399260.jpg,8,7,0.9153113110040345,True
weighted_trustpcb_risk,images/train/0399701.jpg,13,12,0.932485612927892,True
weighted_trustpcb_risk,images/train/0404763.jpg,1,0,0.18541986746301198,True
weighted_trustpcb_risk,images/train/0406416.jpg,7,7,0.8993222156530978,True
weighted_trustpcb_risk,images/train/0407749.jpg,20,19,0.9226727158964492,True
weighted_trustpcb_risk,images/train/0409436.jpg,13,12,0.9137501628981498,True
weighted_trustpcb_risk,images/train/0413982.jpg,2,1,0.886557278394219,True
weighted_trustpcb_risk,images/train/0416512.jpg,14,10,0.9133118908832941,True
weighted_trustpcb_risk,images/train/0418786.jpg,31,24,0.9246223195864539,True
weighted_trustpcb_risk,images/train/0418788.jpg,77,69,0.921173182364056,True
weighted_trustpcb_risk,images/train/0419091.jpg,4,3,0.9143079203206738,True
weighted_trustpcb_risk,images/train/0422855.jpg,1,0,0.042496652177259245,True
weighted_trustpcb_risk,images/train/0424339.jpg,1,0,0.11595803984719727,True
weighted_trustpcb_risk,images/train/0430383.jpg,4,3,0.8649455700134671,True
weighted_trustpcb_risk,images/train/0430711.jpg,1,0,0.07797430104434637,True
weighted_trustpcb_risk,images/train/0432245.jpg,21,20,0.9126128196784825,True
weighted_trustpcb_risk,images/train/1005_data.jpg,10,9,0.9012282588792648,True
weighted_trustpcb_risk,images/train/1011_data.jpg,20,17,0.9124428721010195,True
weighted_trustpcb_risk,images/train/1084_data.jpg,11,10,0.9135185910210578,True
weighted_trustpcb_risk,images/train/11097.jpg,11,7,0.9068713195707291,True
weighted_trustpcb_risk,images/train/1183_data.jpg,4,4,0.8999215310516899,True
weighted_trustpcb_risk,images/train/1212_data.jpg,1,0,0.07691181717477863,True
weighted_trustpcb_risk,images/train/1332_data.jpg,1,0,0.029055248510765592,True
weighted_trustpcb_risk,images/train/1334_data.jpg,2,1,0.8984704352252717,True
weighted_trustpcb_risk,images/train/1337_data.jpg,3,2,0.9231666783611082,True
weighted_trustpcb_risk,images/train/1347_data.jpg,14,13,0.895369046453614,True
weighted_trustpcb_risk,images/train/1425_data.jpg,3,2,0.9212046475458657,True
weighted_trustpcb_risk,images/train/14609.jpg,8,7,0.9072314703652978,True
weighted_trustpcb_risk,images/train/2369_data.jpg,10,0,0.0902504829671674,True
weighted_trustpcb_risk,images/train/2373_data.jpg,25,17,0.922898563655972,True
weighted_trustpcb_risk,images/train/546_data.jpg,12,11,0.9092961077685949,True
weighted_trustpcb_risk,images/train/AAA (2).jpg,5,4,0.8858184809430211,True
weighted_trustpcb_risk,images/train/AAA (3).jpg,11,10,0.9176724328294261,True
weighted_trustpcb_risk,images/train/E_002011.jpg,5,0,0.018632762990870223,True
weighted_trustpcb_risk,images/train/E_003318.jpg,7,6,0.9197604186699232,True
weighted_trustpcb_risk,images/train/E_003329.jpg,1,0,0.037580342170526373,True
weighted_trustpcb_risk,images/train/E_003341.jpg,3,2,0.9445250631841887,True
weighted_trustpcb_risk,images/train/E_003363.jpg,6,3,0.8957600943837192,True
weighted_trustpcb_risk,images/train/E_003365.jpg,26,20,0.9285839000560753,True
weighted_trustpcb_risk,images/train/E_003378.jpg,3,2,0.9103508871723461,True
weighted_trustpcb_risk,images/train/E_003380.jpg,46,35,0.9146453538521723,True
weighted_trustpcb_risk,images/train/E_003394.jpg,1,0,0.09701353971053131,True
weighted_trustpcb_risk,images/train/E_003395.jpg,18,15,0.908275053880507,True
weighted_trustpcb_risk,images/train/E_003433.jpg,1,0,0.024698591694686113,True
weighted_trustpcb_risk,images/train/E_003434.jpg,7,6,0.9125624995493921,True
weighted_trustpcb_risk,images/train/E_003442.jpg,6,5,0.9225622596162479,True
weighted_trustpcb_risk,images/train/E_003452.jpg,37,33,0.9168853626099341,True
weighted_trustpcb_risk,images/train/E_003453.jpg,26,23,0.9111369580331445,True
weighted_trustpcb_risk,images/train/E_003459.jpg,38,28,0.9145578077973237,True
weighted_trustpcb_risk,images/train/E_003460.jpg,24,18,0.9236824431778436,True
weighted_trustpcb_risk,images/train/E_003464.jpg,8,7,0.9485204095504514,True
weighted_trustpcb_risk,images/train/E_003493.jpg,7,2,0.8987221446023361,True
weighted_trustpcb_risk,images/train/E_003545.jpg,3,2,0.8911246115383947,True
weighted_trustpcb_risk,images/train/E_003547.jpg,43,39,0.9122331709214905,True
weighted_trustpcb_risk,images/train/E_003551.jpg,2,1,0.8988714017568643,True
weighted_trustpcb_risk,images/train/E_003566.jpg,1,0,0.0707272136691507,True
weighted_trustpcb_risk,images/train/E_003585.jpg,4,3,0.9260317581234733,True
weighted_trustpcb_risk,images/train/E_003595.jpg,4,3,0.9190646639165582,True
weighted_trustpcb_risk,images/train/E_003601.jpg,13,12,0.8972224335162976,True
weighted_trustpcb_risk,images/train/E_003615.jpg,2,1,0.6956949372284602,True
weighted_trustpcb_risk,images/train/E_003623.jpg,9,7,0.9024647222508356,True
weighted_trustpcb_risk,images/train/E_003657.jpg,2,1,0.5531710832940027,True
weighted_trustpcb_risk,images/train/E_003840.jpg,5,2,0.8832382236436955,True
weighted_trustpcb_risk,images/train/E_005148.jpg,13,12,0.9157257112380432,True
weighted_trustpcb_risk,images/train/E_005498.jpg,17,16,0.908719390599858,True
weighted_trustpcb_risk,images/train/E_007424.jpg,3,2,0.8175392089506262,True
weighted_trustpcb_risk,images/train/E_010343.jpg,2,1,0.8350571282602748,True
weighted_trustpcb_risk,images/train/E_011129.jpg,17,14,0.9063114830773996,True
weighted_trustpcb_risk,images/train/E_012618.jpg,2,2,0.9192045177371796,True
weighted_trustpcb_risk,images/train/S_10004166.jpg,1,0,0.09430624355915261,True
weighted_trustpcb_risk,images/train/S_10004278.jpg,5,4,0.9160999239750445,True
weighted_trustpcb_risk,images/train/S_10004587.jpg,4,2,0.8984149572434523,True
weighted_trustpcb_risk,images/train/S_10004896.jpg,8,7,0.9062156226304053,True
weighted_trustpcb_risk,images/train/S_10005140.jpg,1,0,0.04512918711673277,True
weighted_trustpcb_risk,images/train/S_10005602.jpg,9,8,0.9017466755974526,True
weighted_trustpcb_risk,images/train/S_10007295.jpg,1,0,0.1693509869477933,True
weighted_trustpcb_risk,images/train/S_10009551.jpg,11,10,0.9210384714713868,True
weighted_trustpcb_risk,images/train/S_10009966.jpg,13,11,0.8994005492058218,True
weighted_trustpcb_risk,images/train/S_10010112.jpg,1,0,0.08367577448466575,True
weighted_trustpcb_risk,images/train/S_10010598.jpg,1,0,0.04634545778154154,True
weighted_trustpcb_risk,images/train/S_10011982.jpg,16,15,0.9141918739864984,True
weighted_trustpcb_risk,images/train/S_10012851.jpg,9,8,0.9180409740531364,True
weighted_trustpcb_risk,images/train/S_10014378.jpg,1,0,0.036914286129283165,True
weighted_trustpcb_risk,images/train/S_10014938.jpg,1,0,0.028484219084655163,True
weighted_trustpcb_risk,images/train/S_10026888.jpg,2,1,0.8887393040804424,True
weighted_trustpcb_risk,images/train/S_10028597.jpg,16,15,0.9049406262935353,True
weighted_trustpcb_risk,images/train/S_10028796.jpg,11,10,0.8901644054818668,True
weighted_trustpcb_risk,images/train/S_10028829.jpg,1,0,0.1972870926269871,True
weighted_trustpcb_risk,images/train/S_10029106.jpg,22,18,0.944321315214832,True
weighted_trustpcb_risk,images/train/S_10029348.jpg,8,5,0.9046527967362618,True
weighted_trustpcb_risk,images/train/S_10031044.jpg,2,1,0.8851527949949481,True
weighted_trustpcb_risk,images/train/S_10031230.jpg,2,1,0.7665937091261877,True
weighted_trustpcb_risk,images/train/S_10031704.jpg,4,3,0.9185152780366823,True
weighted_trustpcb_risk,images/train/S_10036032.jpg,5,4,0.9090463817992638,True
weighted_trustpcb_risk,images/train/S_10037262.jpg,2,1,0.9036049684319888,True
weighted_trustpcb_risk,images/train/S_10037373.jpg,5,4,0.9158341283648597,True
weighted_trustpcb_risk,images/train/S_10059391.jpg,20,14,0.9152472151078931,True
weighted_trustpcb_risk,images/train/S_10059420.jpg,1,0,0.03273606249240795,True
weighted_trustpcb_risk,images/train/S_10060033.jpg,8,7,0.9170595452935699,True
weighted_trustpcb_risk,images/train/S_10061742.jpg,9,8,0.8986875410135255,True
weighted_trustpcb_risk,images/train/S_10061748.jpg,3,2,0.9165642043493041,True
weighted_trustpcb_risk,images/train/S_10061753.jpg,9,8,0.9232628377241063,True
weighted_trustpcb_risk,images/train/S_10067633.jpg,1,0,0.012115192452954065,True
weighted_trustpcb_risk,images/train/S_10070699.jpg,18,17,0.9170202021028139,True
weighted_trustpcb_risk,images/train/S_10075550.jpg,12,11,0.8948165717196122,True
weighted_trustpcb_risk,images/train/S_10082101.jpg,17,16,0.8993065980410581,True
weighted_trustpcb_risk,images/train/S_10096816.jpg,4,3,0.9008345445537707,True
weighted_trustpcb_risk,images/train/S_10097101.jpg,4,2,0.8907698504469593,True
weighted_trustpcb_risk,images/train/S_10097169.jpg,4,3,0.9231831215871336,True
weighted_trustpcb_risk,images/train/S_10099360.jpg,19,17,0.9146661374228237,True
weighted_trustpcb_risk,images/train/S_10099985.jpg,3,2,0.9071723422959244,True
weighted_trustpcb_risk,images/train/S_10100614.jpg,27,22,0.9125052397851435,True
weighted_trustpcb_risk,images/train/S_10100963.jpg,5,4,0.9188215151061476,True
weighted_trustpcb_risk,images/train/S_10101052.jpg,25,25,0.9371747951749536,True
weighted_trustpcb_risk,images/train/S_10101439.jpg,3,3,0.8866748610050286,True
weighted_trustpcb_risk,images/train/S_10103461.jpg,5,4,0.9186685950307968,True
weighted_trustpcb_risk,images/train/S_10103773.jpg,11,10,0.9067278444799958,True
weighted_trustpcb_risk,images/train/S_10106427.jpg,37,33,0.9272436219141457,True
weighted_trustpcb_risk,images/train/S_10106812.jpg,20,19,0.9221185373740152,True
weighted_trustpcb_risk,images/train/S_10136790.jpg,12,9,0.9041617569775543,True
weighted_trustpcb_risk,images/train/S_10139323.jpg,8,7,0.9250038832308206,True
weighted_trustpcb_risk,images/train/S_10157805.jpg,3,2,0.8857211071312666,True
weighted_trustpcb_risk,images/train/S_10175668.jpg,2,2,0.8452758525287694,True
weighted_trustpcb_risk,images/train/S_10194624.jpg,17,16,0.9284853361089227,True
weighted_trustpcb_risk,images/train/S_10216665.jpg,1,0,0.0631511880952563,True
weighted_trustpcb_risk,images/train/S_10224035.jpg,12,11,0.9167218390276307,True
weighted_trustpcb_risk,images/train/S_10254420.jpg,1,0,0.15715058612828883,True
weighted_trustpcb_risk,images/train/S_10254693.jpg,24,20,0.9035247274179562,True
weighted_trustpcb_risk,images/train/S_10271957.jpg,1,0,0.015650632137398736,True
weighted_trustpcb_risk,images/train/S_10274980.jpg,5,3,0.881475479884151,True
weighted_trustpcb_risk,images/train/S_10277863.jpg,2,1,0.7310977800642563,True
weighted_trustpcb_risk,images/train/S_10277986.jpg,2,1,0.806650838293382,True
weighted_trustpcb_risk,images/train/S_10278330.jpg,5,4,0.9104204815950533,True
weighted_trustpcb_risk,images/train/S_10279487.jpg,25,22,0.9207768061526892,True
weighted_trustpcb_risk,images/train/S_10279712.jpg,2,1,0.8921917767244356,True
weighted_trustpcb_risk,images/train/S_10279717.jpg,2,1,0.9288262555342367,True
weighted_trustpcb_risk,images/train/S_10281966.jpg,3,2,0.9034976739235279,True
weighted_trustpcb_risk,images/train/S_10282343.jpg,5,3,0.8969313077680886,True
weighted_trustpcb_risk,images/train/S_10284683.jpg,1,0,0.011489634205004309,True
weighted_trustpcb_risk,images/train/S_10284985.jpg,3,2,0.9313931691030368,True
weighted_trustpcb_risk,images/train/S_10288588.jpg,2,1,0.9210136625355578,True
weighted_trustpcb_risk,images/train/S_10289526.jpg,5,5,0.8973343630218286,True
weighted_trustpcb_risk,images/train/S_10292442.jpg,4,3,0.9131535363115576,True
weighted_trustpcb_risk,images/train/S_10292867.jpg,2,1,0.8560596399098912,True
weighted_trustpcb_risk,images/train/S_10294124.jpg,14,13,0.91877169309033,True
weighted_trustpcb_risk,images/train/S_10302423.jpg,1,0,0.17239490203957314,True
weighted_trustpcb_risk,images/train/S_10303427.jpg,2,1,0.906651309216786,True
weighted_trustpcb_risk,images/train/S_10306026.jpg,3,2,0.9272767628145614,True
weighted_trustpcb_risk,images/train/S_10307242.jpg,3,2,0.9142661221091545,True
weighted_trustpcb_risk,images/train/S_10307954.jpg,2,1,0.8494165167531171,True
weighted_trustpcb_risk,images/train/S_10309209.jpg,5,2,0.8923032354290157,True
weighted_trustpcb_risk,images/train/S_10309738.jpg,8,7,0.9111051135256596,True
weighted_trustpcb_risk,images/train/S_10310253.jpg,9,6,0.9209763151818136,True
weighted_trustpcb_risk,images/train/S_10310254.jpg,9,6,0.9017978271860083,True
weighted_trustpcb_risk,images/train/S_10310413.jpg,12,11,0.9023728649074273,True
weighted_trustpcb_risk,images/train/S_10310459.jpg,2,0,0.6612241211425431,True
weighted_trustpcb_risk,images/train/S_10310620.jpg,5,3,0.895300088962914,True
weighted_trustpcb_risk,images/train/S_10311760.jpg,12,7,0.9293313658038747,True
weighted_trustpcb_risk,images/train/S_10312068.jpg,3,2,0.8940913147970783,True
weighted_trustpcb_risk,images/train/S_10317012.jpg,26,24,0.9103433865265323,True
weighted_trustpcb_risk,images/train/S_10329964.jpg,10,9,0.9019197284547935,True
weighted_trustpcb_risk,images/train/S_10331308.jpg,4,3,0.9184842864379208,True
weighted_trustpcb_risk,images/train/S_10337526.jpg,9,6,0.9029824509669209,True
weighted_trustpcb_risk,images/train/S_10337527.jpg,11,8,0.8853519985573118,True
weighted_trustpcb_risk,images/train/S_10337984.jpg,13,11,0.9086871998158008,True
weighted_trustpcb_risk,images/train/S_10338040.jpg,1,0,0.12540660604528278,True
weighted_trustpcb_risk,images/train/S_10340756.jpg,3,2,0.8741494554813147,True
weighted_trustpcb_risk,images/train/S_10347002.jpg,1,0,0.09193381867823117,True
weighted_trustpcb_risk,images/train/S_10347086.jpg,4,2,0.9099806569751976,True
weighted_trustpcb_risk,images/train/S_10347146.jpg,5,4,0.8955069372500063,True
weighted_trustpcb_risk,images/train/S_10368444.jpg,7,6,0.9207400502412328,True
weighted_trustpcb_risk,images/train/S_10369701.jpg,10,9,0.9234689414517919,True
weighted_trustpcb_risk,images/train/S_10370027.jpg,1,0,0.19182677268677759,True
weighted_trustpcb_risk,images/train/S_10370075.jpg,11,10,0.9075973486422239,True
weighted_trustpcb_risk,images/train/S_10376042.jpg,5,4,0.8877517279612644,True
weighted_trustpcb_risk,images/train/S_10376045.jpg,8,7,0.8982770182164699,True
weighted_trustpcb_risk,images/train/S_10376280.jpg,1,0,0.020277488235801267,True
weighted_trustpcb_risk,images/train/S_10376917.jpg,1,0,0.07435573079747247,True
weighted_trustpcb_risk,images/train/S_10377758.jpg,1,0,0.06880251729188105,True
weighted_trustpcb_risk,images/train/S_10377815.jpg,5,4,0.8982293107895039,True
weighted_trustpcb_risk,images/train/S_10377816.jpg,1,0,0.0745061494654622,True
weighted_trustpcb_risk,images/train/S_10377838.jpg,3,2,0.9180427695127265,True
weighted_trustpcb_risk,images/train/S_10377865.jpg,1,0,0.1516624848184306,True
weighted_trustpcb_risk,images/train/S_10377880.jpg,1,0,0.24114366227724715,True
weighted_trustpcb_risk,images/train/S_10377882.jpg,1,0,0.1407423827099717,True
weighted_trustpcb_risk,images/train/S_10377991.jpg,4,3,0.9238226284558535,True
weighted_trustpcb_risk,images/train/S_10378746.jpg,1,0,0.04546084283087097,True
weighted_trustpcb_risk,images/train/S_10380457.jpg,6,5,0.9202166094147618,True
weighted_trustpcb_risk,images/train/S_10384280.jpg,3,2,0.9007338892808712,True
weighted_trustpcb_risk,images/train/S_10390016.jpg,1,0,0.09742154823576488,True
weighted_trustpcb_risk,images/train/S_10390043.jpg,3,2,0.8970612862354137,True
weighted_trustpcb_risk,images/train/S_10396713.jpg,1,0,0.04926532740452183,True
weighted_trustpcb_risk,images/train/S_10396758.jpg,2,0,0.08692029922544327,True
weighted_trustpcb_risk,images/train/S_10401335.jpg,1,0,0.3277185479441986,True
weighted_trustpcb_risk,images/train/S_10416752.jpg,10,9,0.9303388094308125,True
weighted_trustpcb_risk,images/train/S_10428857.jpg,2,1,0.8808826965377173,True
weighted_trustpcb_risk,images/train/S_10428881.jpg,15,11,0.9029340246370389,True
weighted_trustpcb_risk,images/train/S_10428913.jpg,13,8,0.9517311218650772,True
weighted_trustpcb_risk,images/train/S_10433105.jpg,1,0,0.027397159532151393,True
weighted_trustpcb_risk,images/train/S_10433106.jpg,17,12,0.9077631276843314,True
weighted_trustpcb_risk,images/train/S_10440800.jpg,1,0,0.1476003713935414,True
weighted_trustpcb_risk,images/train/S_10441594.jpg,5,4,0.9083811087432333,True
weighted_trustpcb_risk,images/train/S_10450803.jpg,7,6,0.8915384392119166,True
weighted_trustpcb_risk,images/train/S_10462662.jpg,6,5,0.9157765407003933,True
weighted_trustpcb_risk,images/train/S_10464973.jpg,3,2,0.916134344177873,True
weighted_trustpcb_risk,images/train/S_10466317.jpg,9,7,0.8608445893229403,True
weighted_trustpcb_risk,images/train/S_10469174.jpg,1,0,0.05040242947834662,True
weighted_trustpcb_risk,images/train/S_10469185.jpg,39,33,0.9109501282539783,True
weighted_trustpcb_risk,images/train/S_10469188.jpg,34,31,0.9176445890774036,True
weighted_trustpcb_risk,images/train/S_10469205.jpg,1,0,0.09847549792474954,True
weighted_trustpcb_risk,images/train/S_10471123.jpg,6,5,0.9057951038522727,True
weighted_trustpcb_risk,images/train/S_10477139.jpg,13,10,0.8996000173051432,True
weighted_trustpcb_risk,images/train/S_11001682.jpg,1,0,0.1761526742343717,True
weighted_trustpcb_risk,images/train/S_11004843.jpg,40,37,0.9228014268881818,True
weighted_trustpcb_risk,images/train/S_11005068.jpg,1,0,0.017589568302476447,True
weighted_trustpcb_risk,images/train/S_11005095.jpg,8,7,0.9080105663829582,True
weighted_trustpcb_risk,images/train/S_11005138.jpg,1,0,0.3543638121428975,True
weighted_trustpcb_risk,images/train/S_11006753.jpg,13,12,0.9223234844400363,True
weighted_trustpcb_risk,images/train/S_11007143.jpg,32,30,0.925224882392354,True
weighted_trustpcb_risk,images/train/S_11008865.jpg,8,7,0.9068116603023643,True
weighted_trustpcb_risk,images/train/S_11014906.jpg,6,5,0.9137781055315385,True
weighted_trustpcb_risk,images/train/S_11014986.jpg,1,0,0.05089335300726043,True
weighted_trustpcb_risk,images/train/S_11015679.jpg,8,7,0.953535109861488,True
weighted_trustpcb_risk,images/train/S_11016378.jpg,1,0,0.17021584218783176,True
weighted_trustpcb_risk,images/train/S_11016720.jpg,11,10,0.9243711876556219,True
weighted_trustpcb_risk,images/train/S_11018125.jpg,15,12,0.9228550951071006,True
weighted_trustpcb_risk,images/train/S_11022610.jpg,8,7,0.9001800372071342,True
weighted_trustpcb_risk,images/train/S_11023280.jpg,5,4,0.9423284495524707,True
weighted_trustpcb_risk,images/train/S_11023571.jpg,8,7,0.9064342666726608,True
weighted_trustpcb_risk,images/train/S_11024618.jpg,1,0,0.209225849057509,True
weighted_trustpcb_risk,images/train/S_11024972.jpg,3,2,0.8961077724701145,True
weighted_trustpcb_risk,images/train/S_11025056.jpg,10,9,0.9141302000613531,True
weighted_trustpcb_risk,images/train/S_11029806.jpg,23,21,0.919664047189761,True
weighted_trustpcb_risk,images/train/S_11030915.jpg,3,2,0.9054825590345114,True
weighted_trustpcb_risk,images/train/S_11031181.jpg,1,0,0.37524740169925785,True
weighted_trustpcb_risk,images/train/S_11031615.jpg,11,10,0.9236407450636217,True
weighted_trustpcb_risk,images/train/S_11031698.jpg,2,1,0.8701768461624184,True
weighted_trustpcb_risk,images/train/S_11032503.jpg,2,1,0.9016161945066226,True
weighted_trustpcb_risk,images/train/S_11033373.jpg,8,6,0.89579135472135,True
weighted_trustpcb_risk,images/train/S_11033390.jpg,13,12,0.9208287457783,True
weighted_trustpcb_risk,images/train/S_11033605.jpg,11,9,0.9310489886477032,True
weighted_trustpcb_risk,images/train/S_11033921.jpg,9,8,0.9118859747775814,True
weighted_trustpcb_risk,images/train/S_11033932.jpg,3,2,0.8995515024367314,True
weighted_trustpcb_risk,images/train/S_11033947.jpg,10,9,0.9301607360749228,True
weighted_trustpcb_risk,images/train/S_11034234.jpg,3,2,0.9080838936166465,True
weighted_trustpcb_risk,images/train/S_11034334.jpg,2,1,0.8822903882820097,True
weighted_trustpcb_risk,images/train/S_11035030.jpg,38,36,0.9216561108078031,True
weighted_trustpcb_risk,images/train/S_11035562.jpg,8,7,0.9212688825735552,True
weighted_trustpcb_risk,images/train/S_11036036.jpg,5,4,0.903372822528088,True
weighted_trustpcb_risk,images/train/S_11036341.jpg,21,17,0.9219154543794023,True
weighted_trustpcb_risk,images/train/S_11036351.jpg,1,0,0.25163002567559056,True
weighted_trustpcb_risk,images/train/S_11040821.jpg,1,0,0.2073852003803,True
weighted_trustpcb_risk,images/train/S_11041310.jpg,8,7,0.9083767810921444,True
weighted_trustpcb_risk,images/train/S_11041662.jpg,3,2,0.9111053267977927,True
weighted_trustpcb_risk,images/train/S_11041732.jpg,4,3,0.9050366927830931,True
weighted_trustpcb_risk,images/train/S_11042446.jpg,10,8,0.8976767543421189,True
weighted_trustpcb_risk,images/train/S_11044002.jpg,11,5,0.8931262946204092,True
weighted_trustpcb_risk,images/train/S_11044070.jpg,4,3,0.9032204702767461,True
weighted_trustpcb_risk,images/train/S_11044923.jpg,3,2,0.9168905334448724,True
weighted_trustpcb_risk,images/train/S_11044937.jpg,2,1,0.8887861168096562,True
weighted_trustpcb_risk,images/train/S_11046880.jpg,6,5,0.9279768514654342,True
weighted_trustpcb_risk,images/train/S_11046881.jpg,2,1,0.8905916912745423,True
weighted_trustpcb_risk,images/train/S_11047139.jpg,2,1,0.8827192686372459,True
weighted_trustpcb_risk,images/train/S_11047359.jpg,1,0,0.15969977757494522,True
weighted_trustpcb_risk,images/train/S_11047636.jpg,7,6,0.8991896165222976,True
weighted_trustpcb_risk,images/train/S_11048124.jpg,2,1,0.7905076718659348,True
weighted_trustpcb_risk,images/val/S_11048199.jpg,2,1,0.7764680555513624,True
weighted_trustpcb_risk,images/train/S_11048224.jpg,1,0,0.14856647754070182,True
weighted_trustpcb_risk,images/train/S_11048293.jpg,3,2,0.8964839070881575,True
weighted_trustpcb_risk,images/train/S_11049121.jpg,2,1,0.8408533929592559,True
weighted_trustpcb_risk,images/train/S_11049458.jpg,1,0,0.18753879062156778,True
weighted_trustpcb_risk,images/train/S_11049507.jpg,13,11,0.8968430237106465,True
weighted_trustpcb_risk,images/train/S_11049616.jpg,4,3,0.9072884708937949,True
weighted_trustpcb_risk,images/train/S_11049817.jpg,2,1,0.8675539473628129,True
weighted_trustpcb_risk,images/train/S_11050164.jpg,2,1,0.9230713901872116,True
weighted_trustpcb_risk,images/train/S_11050314.jpg,4,3,0.8718384220507555,True
weighted_trustpcb_risk,images/train/S_11065657.jpg,5,4,0.9039429263005312,True
weighted_trustpcb_risk,images/train/S_11065998.jpg,2,1,0.3561247887432809,True
weighted_trustpcb_risk,images/train/S_11067266.jpg,5,4,0.8884065956756089,True
weighted_trustpcb_risk,images/train/S_11067589.jpg,16,15,0.9058635808944588,True
weighted_trustpcb_risk,images/train/S_11067885.jpg,2,1,0.8156379261428026,True
weighted_trustpcb_risk,images/train/S_11068304.jpg,6,5,0.9124337255876549,True
weighted_trustpcb_risk,images/train/S_11068413.jpg,9,8,0.8890767899648556,True
weighted_trustpcb_risk,images/train/S_11073196.jpg,28,18,0.9167085472048343,True
weighted_trustpcb_risk,images/train/S_11073425.jpg,2,1,0.8299073210707304,True
weighted_trustpcb_risk,images/train/S_11073427.jpg,10,9,0.8957529271995683,True
weighted_trustpcb_risk,images/train/S_11074092.jpg,19,15,0.896979855495735,True
weighted_trustpcb_risk,images/train/S_11074177.jpg,2,1,0.9010480976177284,True
weighted_trustpcb_risk,images/train/S_11075496.jpg,1,0,0.00251894140505225,True
weighted_trustpcb_risk,images/train/S_11075500.jpg,1,0,0.001831954835527937,True
weighted_trustpcb_risk,images/train/S_11080318.jpg,1,0,0.1671007907322619,True
weighted_trustpcb_risk,images/train/S_11080474.jpg,3,2,0.9118281407647396,True
weighted_trustpcb_risk,images/train/S_11080582.jpg,3,2,0.8766998383578232,True
weighted_trustpcb_risk,images/train/S_11080610.jpg,24,16,0.9147102284476039,True
weighted_trustpcb_risk,images/train/S_11081148.jpg,12,2,0.9074583505234617,True
weighted_trustpcb_risk,images/train/S_11082711.jpg,1,0,0.26687444434626284,True
weighted_trustpcb_risk,images/train/S_11082769.jpg,2,1,0.92463147196146,True
weighted_trustpcb_risk,images/train/S_11082913.jpg,26,22,0.920051521720316,True
weighted_trustpcb_risk,images/train/S_11082983.jpg,24,13,0.9048116186770411,True
weighted_trustpcb_risk,images/train/S_11082995.jpg,31,20,0.9088214902168832,True
weighted_trustpcb_risk,images/train/S_11083351.jpg,26,22,0.907140638689179,True
weighted_trustpcb_risk,images/train/S_11083897.jpg,7,3,0.9212637816246465,True
weighted_trustpcb_risk,images/train/S_11085001.jpg,8,7,0.9162647827729569,True
weighted_trustpcb_risk,images/train/S_11085137.jpg,3,2,0.8893261258348529,True
weighted_trustpcb_risk,images/train/S_11086625.jpg,27,21,0.9200926155395247,True
weighted_trustpcb_risk,images/train/S_11087107.jpg,4,3,0.9221001012033845,True
weighted_trustpcb_risk,images/train/S_11087606.jpg,3,3,0.8964481569043317,True
weighted_trustpcb_risk,images/train/S_11099280.jpg,2,1,0.8924675819650768,True
weighted_trustpcb_risk,images/train/S_11100317.jpg,1,0,0.049806684046188696,True
weighted_trustpcb_risk,images/train/S_11103429.jpg,2,1,0.8638039493535155,True
weighted_trustpcb_risk,images/train/S_11111874.jpg,7,6,0.898129404795402,True
weighted_trustpcb_risk,images/train/S_11124098.jpg,8,7,0.8987695771833271,True
weighted_trustpcb_risk,images/train/S_11129363.jpg,4,3,0.9051628146391957,True
weighted_trustpcb_risk,images/train/S_11129719.jpg,1,0,0.17267317980101576,True
weighted_trustpcb_risk,images/train/S_11130745.jpg,25,24,0.9009882186354754,True
weighted_trustpcb_risk,images/train/S_11144373.jpg,1,0,0.015090878776431019,True
weighted_trustpcb_risk,images/train/S_11144675.jpg,9,7,0.9185626314510991,True
weighted_trustpcb_risk,images/train/S_11144941.jpg,1,0,0.16822431852725625,True
weighted_trustpcb_risk,images/train/S_11146111.jpg,1,0,0.26971658862117537,True
weighted_trustpcb_risk,images/train/S_11153395.jpg,1,0,0.009146416798419656,True
weighted_trustpcb_risk,images/train/S_11153550.jpg,56,51,0.9108277818954553,True
weighted_trustpcb_risk,images/train/S_11153597.jpg,38,32,0.9345766498645236,True
weighted_trustpcb_risk,images/train/S_11153773.jpg,30,25,0.9454327544324893,True
weighted_trustpcb_risk,images/train/S_11153784.jpg,25,22,0.9096870170983286,True
weighted_trustpcb_risk,images/train/S_11154027.jpg,20,16,0.9265713586188963,True
weighted_trustpcb_risk,images/train/S_11154125.jpg,4,2,0.8827561580752017,True
weighted_trustpcb_risk,images/train/S_11155393.jpg,4,3,0.9038586592597656,True
weighted_trustpcb_risk,images/train/S_11155523.jpg,8,5,0.9001562973762423,True
weighted_trustpcb_risk,images/train/S_11157565.jpg,35,34,0.920187742557778,True
weighted_trustpcb_risk,images/train/S_11157810.jpg,8,7,0.8969338564497317,True
weighted_trustpcb_risk,images/train/S_11158153.jpg,5,4,0.9144740494414856,True
weighted_trustpcb_risk,images/train/S_11158596.jpg,2,1,0.5059419361295844,True
weighted_trustpcb_risk,images/train/S_11158684.jpg,3,2,0.910586824957956,True
weighted_trustpcb_risk,images/train/S_11171971.jpg,6,5,0.9031056979915622,True
weighted_trustpcb_risk,images/train/S_11197423.jpg,12,11,0.8866193504877231,True
weighted_trustpcb_risk,images/train/S_11198594.jpg,2,1,0.5043845840957928,True
weighted_trustpcb_risk,images/train/S_11222627.jpg,2,1,0.896742006037725,True
weighted_trustpcb_risk,images/train/S_11232362.jpg,1,0,0.08176082236197185,True
weighted_trustpcb_risk,images/train/S_11232699.jpg,6,5,0.920977948560333,True
weighted_trustpcb_risk,images/train/S_11234196.jpg,3,2,0.923904609764744,True
weighted_trustpcb_risk,images/train/S_11234486.jpg,4,3,0.9150589895900615,True
weighted_trustpcb_risk,images/train/S_11348810.jpg,16,15,0.9055886316275634,True
weighted_trustpcb_risk,images/train/S_11350098.jpg,2,1,0.8566792887154293,True
weighted_trustpcb_risk,images/train/S_11350344.jpg,1,0,0.011784471851142786,True
weighted_trustpcb_risk,images/val/S_11350363.jpg,1,0,0.012280301427864269,True
weighted_trustpcb_risk,images/train/S_11350366.jpg,1,0,0.014774114259034948,True
weighted_trustpcb_risk,images/train/S_11350461.jpg,3,2,0.9138839313327068,True
weighted_trustpcb_risk,images/train/S_11351046.jpg,1,0,0.06773805659864825,True
weighted_trustpcb_risk,images/train/S_11352018.jpg,2,1,0.46030017359066067,True
weighted_trustpcb_risk,images/train/S_11370433.jpg,4,3,0.9048018138237598,True
weighted_trustpcb_risk,images/train/S_11379080.jpg,6,4,0.8965134284253955,True
weighted_trustpcb_risk,images/train/S_11384875.jpg,2,1,0.9015587029081243,True
weighted_trustpcb_risk,images/train/S_11462542.jpg,12,7,0.9128890682656414,True
weighted_trustpcb_risk,images/train/S_11462571.jpg,17,13,0.9144898935773312,True
weighted_trustpcb_risk,images/train/S_11462577.jpg,19,16,0.9193655703309388,True
weighted_trustpcb_risk,images/train/S_11462596.jpg,17,14,0.9089975523034209,True
weighted_trustpcb_risk,images/train/S_11462607.jpg,2,1,0.7662537843752761,True
weighted_trustpcb_risk,images/train/S_11462621.jpg,16,12,0.9395544181490922,True
weighted_trustpcb_risk,images/train/S_11462658.jpg,21,18,0.9186516682836458,True
weighted_trustpcb_risk,images/train/S_11462659.jpg,8,7,0.9235742240289032,True
weighted_trustpcb_risk,images/train/S_11462685.jpg,15,14,0.9357463168481798,True
weighted_trustpcb_risk,images/train/S_11462724.jpg,9,6,0.9215944308427615,True
weighted_trustpcb_risk,images/train/S_11462764.jpg,9,6,0.8998808945002033,True
weighted_trustpcb_risk,images/train/S_11462822.jpg,4,3,0.9159100588015846,True
weighted_trustpcb_risk,images/train/S_11462895.jpg,9,8,0.9264247368826897,True
weighted_trustpcb_risk,images/train/S_11462916.jpg,2,1,0.9178260043246423,True
weighted_trustpcb_risk,images/train/S_11462951.jpg,8,7,0.9175071573149368,True
weighted_trustpcb_risk,images/train/S_11462958.jpg,11,10,0.9303661257203437,True
weighted_trustpcb_risk,images/train/S_11462982.jpg,6,5,0.9187521546085509,True
weighted_trustpcb_risk,images/train/S_11463023.jpg,10,7,0.9192992746430869,True
weighted_trustpcb_risk,images/train/S_11463077.jpg,7,6,0.8896070556224934,True
weighted_trustpcb_risk,images/train/S_11463107.jpg,9,7,0.9264784964881421,True
weighted_trustpcb_risk,images/train/S_11463120.jpg,11,7,0.9075516350935718,True
weighted_trustpcb_risk,images/train/S_11463158.jpg,22,16,0.9155971579513149,True
weighted_trustpcb_risk,images/train/S_11463177.jpg,11,10,0.937978565432909,True
weighted_trustpcb_risk,images/train/S_11463209.jpg,13,12,0.9206191122753627,True
weighted_trustpcb_risk,images/train/S_11463233.jpg,7,4,0.8848428921809262,True
weighted_trustpcb_risk,images/train/S_11463274.jpg,3,2,0.9215907681485795,True
weighted_trustpcb_risk,images/train/S_11463386.jpg,5,4,0.9185400432179283,True
weighted_trustpcb_risk,images/train/S_11463393.jpg,18,14,0.9151249936838137,True
weighted_trustpcb_risk,images/train/S_11463538.jpg,11,7,0.9053252900152832,True
weighted_trustpcb_risk,images/train/S_11463748.jpg,6,5,0.8954253999386791,True
weighted_trustpcb_risk,images/train/S_11463754.jpg,5,4,0.9125679306146272,True
weighted_trustpcb_risk,images/train/S_11502854.jpg,1,0,0.006861626784875321,True
weighted_trustpcb_risk,images/train/S_11504680.jpg,5,3,0.8980167828982828,True
weighted_trustpcb_risk,images/train/S_11504687.jpg,6,5,0.906747337638733,True
weighted_trustpcb_risk,images/train/S_11504689.jpg,4,3,0.9222274495844723,True
weighted_trustpcb_risk,images/train/S_11504692.jpg,8,7,0.9125884736046679,True
weighted_trustpcb_risk,images/train/S_11504730.jpg,1,0,0.012252608544264847,True
weighted_trustpcb_risk,images/train/S_11527151.jpg,1,0,0.014597405114671294,True
weighted_trustpcb_risk,images/train/S_11527526.jpg,9,8,0.9062890401244919,True
weighted_trustpcb_risk,images/train/S_11530791.jpg,15,14,0.9066629757829925,True
weighted_trustpcb_risk,images/train/S_11546130.jpg,15,14,0.9149878227809667,True
weighted_trustpcb_risk,images/train/S_11556071.jpg,1,0,0.0899388148814499,True
weighted_trustpcb_risk,images/train/S_11567832.jpg,2,1,0.8080487457760422,True
weighted_trustpcb_risk,images/train/S_11568376.jpg,4,3,0.9087494036949357,True
weighted_trustpcb_risk,images/train/S_11575845.jpg,18,17,0.9046735645332536,True
weighted_trustpcb_risk,images/train/S_11625828.jpg,22,20,0.8976819433240366,True
weighted_trustpcb_risk,images/train/S_11625878.jpg,2,2,0.8847887729840658,True
weighted_trustpcb_risk,images/train/S_11625939.jpg,8,7,0.9213505776969797,True
weighted_trustpcb_risk,images/train/S_11625940.jpg,8,7,0.9162792812910254,True
weighted_trustpcb_risk,images/train/S_11625951.jpg,1,0,0.16102409934367606,True
weighted_trustpcb_risk,images/train/S_11625987.jpg,4,2,0.9028362010959791,True
weighted_trustpcb_risk,images/train/S_11626263.jpg,6,5,0.8937665716057553,True
weighted_trustpcb_risk,images/train/S_11626549.jpg,11,10,0.9278944877816471,True
weighted_trustpcb_risk,images/train/S_11631644.jpg,6,5,0.9194012796432761,True
weighted_trustpcb_risk,images/train/S_11731040.jpg,5,4,0.9078214822856046,True
weighted_trustpcb_risk,images/train/S_11757372.jpg,18,17,0.9208602822876591,True
weighted_trustpcb_risk,images/train/S_11757798.jpg,16,15,0.9160455709110414,True
weighted_trustpcb_risk,images/train/S_11759526.jpg,8,7,0.9069470081812159,True
weighted_trustpcb_risk,images/train/S_11759763.jpg,1,0,0.15269741561241576,True
weighted_trustpcb_risk,images/train/S_11759764.jpg,4,3,0.9205864572351374,True
weighted_trustpcb_risk,images/train/S_11760546.jpg,4,3,0.9049272465904723,True
weighted_trustpcb_risk,images/train/S_11760999.jpg,2,1,0.7182535746471745,True
weighted_trustpcb_risk,images/train/S_11762098.jpg,12,9,0.9124276397191271,True
weighted_trustpcb_risk,images/train/S_11762131.jpg,14,12,0.9049981586028388,True
weighted_trustpcb_risk,images/train/S_11767354.jpg,6,5,0.8889097895310509,True
weighted_trustpcb_risk,images/train/S_11767666.jpg,16,12,0.9220346932603755,True
weighted_trustpcb_risk,images/train/S_11768154.jpg,8,7,0.9124044137272469,True
weighted_trustpcb_risk,images/train/S_11768167.jpg,10,9,0.9008054067546872,True
weighted_trustpcb_risk,images/train/S_11768331.jpg,2,1,0.9003367548352951,True
weighted_trustpcb_risk,images/train/S_11769608.jpg,1,0,0.288081933450372,True
weighted_trustpcb_risk,images/train/S_11769654.jpg,1,0,0.03124428171677229,True
weighted_trustpcb_risk,images/train/S_11833229.jpg,19,11,0.9093450189938398,True
weighted_trustpcb_risk,images/train/S_11833240.jpg,29,18,0.9166603607750734,True
weighted_trustpcb_risk,images/train/S_11833251.jpg,43,21,0.9204035373032435,True
weighted_trustpcb_risk,images/train/S_11833256.jpg,17,6,0.8949954497979298,True
weighted_trustpcb_risk,images/train/S_11833692.jpg,5,4,0.9434753449509742,True
weighted_trustpcb_risk,images/train/S_11833720.jpg,8,7,0.8985320217261694,True
weighted_trustpcb_risk,images/train/S_11833728.jpg,70,56,0.912367575800691,True
weighted_trustpcb_risk,images/train/S_11833746.jpg,3,2,0.8909996754461951,True
weighted_trustpcb_risk,images/train/S_11833771.jpg,3,2,0.8721627841795551,True
weighted_trustpcb_risk,images/train/S_11833822.jpg,3,2,0.8940514162767635,True
weighted_trustpcb_risk,images/train/S_11833826.jpg,9,8,0.9004025962699669,True
weighted_trustpcb_risk,images/train/S_11833831.jpg,1,0,0.12172259070485898,True
weighted_trustpcb_risk,images/train/S_11833869.jpg,5,4,0.912284682739801,True
weighted_trustpcb_risk,images/train/S_11833927.jpg,6,5,0.9226139027145642,True
weighted_trustpcb_risk,images/train/S_11839267.jpg,9,7,0.9067818554597796,True
weighted_trustpcb_risk,images/train/S_11841301.jpg,11,10,0.9240738959196125,True
weighted_trustpcb_risk,images/train/S_11841488.jpg,66,51,0.9889684266366467,True
weighted_trustpcb_risk,images/train/S_11841613.jpg,67,58,0.9261717023602852,True
weighted_trustpcb_risk,images/train/S_11841616.jpg,86,64,0.9163979030372884,True
weighted_trustpcb_risk,images/train/S_11845538.jpg,45,31,0.9134762454037403,True
weighted_trustpcb_risk,images/train/S_11846750.jpg,24,17,0.9146435271309723,True
weighted_trustpcb_risk,images/train/S_11846978.jpg,46,39,0.9132967878157511,True
weighted_trustpcb_risk,images/train/S_11848321.jpg,36,35,0.9241315408802501,True
weighted_trustpcb_risk,images/train/S_11849023.jpg,6,5,0.8957529878666202,True
weighted_trustpcb_risk,images/train/S_11849821.jpg,6,5,0.910871776171831,True
weighted_trustpcb_risk,images/train/S_11850030.jpg,25,24,0.9211595401542819,True
weighted_trustpcb_risk,images/train/S_11850671.jpg,15,14,0.9185158937816352,True
weighted_trustpcb_risk,images/train/S_11854069.jpg,7,6,0.9012506177351994,True
weighted_trustpcb_risk,images/train/S_11857161.jpg,16,15,0.9073411870406765,True
weighted_trustpcb_risk,images/train/S_11859071.jpg,10,9,0.9465238110065242,True
weighted_trustpcb_risk,images/train/S_11862414.jpg,12,11,0.9241502838722262,True
weighted_trustpcb_risk,images/train/S_11863542.jpg,2,1,0.8072505278607484,True
weighted_trustpcb_risk,images/train/S_11863684.jpg,3,2,0.9053905381346161,True
weighted_trustpcb_risk,images/train/S_11869127.jpg,30,29,0.9045253940445712,True
weighted_trustpcb_risk,images/train/S_11871353.jpg,9,8,0.9320263827492746,True
weighted_trustpcb_risk,images/train/S_11873388.jpg,6,5,0.8950348673232257,True
weighted_trustpcb_risk,images/train/S_11879852.jpg,39,34,0.9089315886297713,True
weighted_trustpcb_risk,images/train/S_11882946.jpg,5,4,0.9181440389072708,True
weighted_trustpcb_risk,images/train/S_11883069.jpg,4,3,0.9193665923892047,True
weighted_trustpcb_risk,images/train/S_11887833.jpg,17,15,0.9144809465876506,True
weighted_trustpcb_risk,images/train/S_11894833.jpg,5,4,0.9034300868045393,True
weighted_trustpcb_risk,images/train/S_11900281.jpg,2,1,0.8644619711859981,True
weighted_trustpcb_risk,images/train/S_11906305.jpg,1,0,0.16794557501389878,True
weighted_trustpcb_risk,images/train/S_11907175.jpg,7,6,0.8963845775300174,True
weighted_trustpcb_risk,images/train/S_11915278.jpg,10,9,0.9156314518208079,True
weighted_trustpcb_risk,images/train/S_11917333.jpg,4,3,0.9219603288375129,True
weighted_trustpcb_risk,images/train/S_11917733.jpg,3,1,0.7625968172066006,True
weighted_trustpcb_risk,images/train/S_11917870.jpg,4,3,0.9168430503948986,True
weighted_trustpcb_risk,images/train/S_11918026.jpg,7,6,0.9381906252566722,True
weighted_trustpcb_risk,images/train/S_11918304.jpg,10,9,0.9282145691175324,True
weighted_trustpcb_risk,images/train/S_11918307.jpg,7,6,0.9178360045818583,True
weighted_trustpcb_risk,images/train/S_11918620.jpg,74,66,0.9436372372756396,True
weighted_trustpcb_risk,images/train/S_11919213.jpg,12,10,0.9017199676082345,True
weighted_trustpcb_risk,images/train/S_11920593.jpg,33,28,0.908967918477359,True
weighted_trustpcb_risk,images/train/S_11922703.jpg,10,9,0.9267822193674816,True
weighted_trustpcb_risk,images/train/S_11922891.jpg,18,16,0.9236482480566021,True
weighted_trustpcb_risk,images/train/S_11924950.jpg,9,7,0.8947286600348932,True
weighted_trustpcb_risk,images/train/S_11925076.jpg,9,7,0.9181726619511881,True
weighted_trustpcb_risk,images/train/S_11926542.jpg,8,7,0.9077132478504569,True
weighted_trustpcb_risk,images/train/S_11928765.jpg,11,10,0.9358479852331419,True
weighted_trustpcb_risk,images/train/S_11930933.jpg,3,2,0.8776686724180064,True
weighted_trustpcb_risk,images/train/S_11931105.jpg,3,2,0.8962092765824831,True
weighted_trustpcb_risk,images/train/S_11934517.jpg,3,2,0.8791335407769354,True
weighted_trustpcb_risk,images/train/S_11940179.jpg,6,5,0.9016715296753276,True
weighted_trustpcb_risk,images/train/S_11941493.jpg,70,65,0.9082496490417894,True
weighted_trustpcb_risk,images/train/S_11942677.jpg,6,5,0.8832852303488984,True
weighted_trustpcb_risk,images/train/S_11943386.jpg,3,2,0.8776337240163729,True
weighted_trustpcb_risk,images/train/S_12000323.jpg,2,1,0.8838433857258078,True
weighted_trustpcb_risk,images/train/S_12003608.jpg,11,10,0.9394374882960886,True
weighted_trustpcb_risk,images/train/S_12003816.jpg,19,18,0.9000829821877586,True
weighted_trustpcb_risk,images/train/S_12006446.jpg,11,10,0.9116674728653906,True
weighted_trustpcb_risk,images/train/S_12012025.jpg,5,4,0.8995341160569974,True
weighted_trustpcb_risk,images/train/S_12029202.jpg,11,10,0.918289927146897,True
weighted_trustpcb_risk,images/train/S_12040955.jpg,7,6,0.9085943027149795,True
weighted_trustpcb_risk,images/train/S_12053535.jpg,31,27,0.9136525228420842,True
weighted_trustpcb_risk,images/train/S_12054265.jpg,10,8,0.8982415103809105,True
weighted_trustpcb_risk,images/train/S_12065041.jpg,4,3,0.8947334892766715,True
weighted_trustpcb_risk,images/train/S_12066120.jpg,1,0,0.13681687307696913,True
weighted_trustpcb_risk,images/train/S_12066130.jpg,6,5,0.9021802175174138,True
weighted_trustpcb_risk,images/train/S_12070922.jpg,2,1,0.860707948836972,True
weighted_trustpcb_risk,images/train/S_12074101.jpg,1,0,0.05706972328071119,True
weighted_trustpcb_risk,images/train/S_12081044.jpg,7,6,0.9214867476003257,True
weighted_trustpcb_risk,images/train/S_12084169.jpg,5,4,0.8987510747708675,True
weighted_trustpcb_risk,images/train/S_12085666.jpg,5,4,0.9292583180629461,True
weighted_trustpcb_risk,images/train/S_12085808.jpg,6,5,0.8981088300949746,True
weighted_trustpcb_risk,images/train/S_12085871.jpg,7,6,0.9064119399421351,True
weighted_trustpcb_risk,images/train/S_12091539.jpg,1,0,0.04480876029316601,True
weighted_trustpcb_risk,images/train/S_12091778.jpg,2,1,0.8893501126573976,True
weighted_trustpcb_risk,images/train/S_12092008.jpg,13,12,0.9498043134765811,True
weighted_trustpcb_risk,images/train/S_12093948.jpg,37,36,0.957017448099847,True
weighted_trustpcb_risk,images/train/S_12095954.jpg,12,10,0.9353511597331199,True
weighted_trustpcb_risk,images/train/S_12096475.jpg,3,2,0.8794561271668208,True
weighted_trustpcb_risk,images/train/S_12115633.jpg,46,42,0.9077287594118947,True
weighted_trustpcb_risk,images/train/S_12122957.jpg,2,1,0.8960914846074379,True
weighted_trustpcb_risk,images/train/S_12125714.jpg,7,6,0.9215891529291877,True
weighted_trustpcb_risk,images/train/S_12127799.jpg,2,0,0.7090323711341732,True
weighted_trustpcb_risk,images/train/S_12128912.jpg,39,36,0.9131448051834218,True
weighted_trustpcb_risk,images/train/S_12156156.jpg,15,14,0.9247646154528701,True
weighted_trustpcb_risk,images/train/S_12157127.jpg,1,0,0.06467699740625175,True
weighted_trustpcb_risk,images/train/S_12157137.jpg,8,7,0.9211377904341398,True
weighted_trustpcb_risk,images/train/S_12157304.jpg,18,15,0.9085659169910523,True
weighted_trustpcb_risk,images/train/S_12157529.jpg,7,6,0.8767880933213469,True
weighted_trustpcb_risk,images/train/S_12157654.jpg,9,8,0.9189191687810144,True
weighted_trustpcb_risk,images/train/S_12157834.jpg,3,2,0.9168631181185245,True
weighted_trustpcb_risk,images/train/S_12157942.jpg,1,0,0.010419263668638235,True
weighted_trustpcb_risk,images/train/S_12159898.jpg,3,1,0.8854421960261252,True
weighted_trustpcb_risk,images/train/S_12160873.jpg,3,2,0.9246096514298103,True
weighted_trustpcb_risk,images/train/S_12161104.jpg,4,3,0.9153924312377499,True
weighted_trustpcb_risk,images/train/S_12161105.jpg,10,9,0.9462537838711178,True
weighted_trustpcb_risk,images/train/S_12177930.jpg,9,8,0.9044500097235652,True
weighted_trustpcb_risk,images/train/S_12208687.jpg,34,31,0.9018558408031406,True
weighted_trustpcb_risk,images/train/S_12220568.jpg,2,1,0.534340459458985,True
weighted_trustpcb_risk,images/train/S_12220697.jpg,8,7,0.9136320977047865,True
weighted_trustpcb_risk,images/train/S_12220756.jpg,6,5,0.9060504989195679,True
weighted_trustpcb_risk,images/train/S_12222126.jpg,4,3,0.881320484694988,True
weighted_trustpcb_risk,images/train/S_12223297.jpg,1,0,0.12183275894188361,True
weighted_trustpcb_risk,images/train/S_12225379.jpg,3,2,0.8869882965068211,True
weighted_trustpcb_risk,images/train/S_12226425.jpg,21,19,0.9147765220593713,True
weighted_trustpcb_risk,images/train/S_12236644.jpg,3,1,0.5361050817583157,True
weighted_trustpcb_risk,images/train/S_12236852.jpg,1,0,0.19432655929889273,True
weighted_trustpcb_risk,images/train/S_12236861.jpg,1,0,0.09831296685151518,True
weighted_trustpcb_risk,images/train/S_12236888.jpg,8,7,0.9166198039161816,True
weighted_trustpcb_risk,images/train/S_12236997.jpg,3,2,0.7641076491237855,True
weighted_trustpcb_risk,images/train/S_12239385.jpg,2,1,0.7095486624134744,True
weighted_trustpcb_risk,images/train/S_12239468.jpg,3,2,0.8815262695919109,True
weighted_trustpcb_risk,images/train/S_12253490.jpg,8,7,0.8930611345544304,True
weighted_trustpcb_risk,images/train/S_12323308.jpg,4,3,0.9258342183303081,True
weighted_trustpcb_risk,images/train/S_12326623.jpg,9,8,0.9015065383651212,True
weighted_trustpcb_risk,images/train/S_12332734.jpg,1,0,0.209378852241457,True
weighted_trustpcb_risk,images/train/S_12346151.jpg,43,33,0.9516457827283797,True
weighted_trustpcb_risk,images/train/S_12349091.jpg,19,16,0.9157961548026644,True
weighted_trustpcb_risk,images/train/S_12363373.jpg,7,6,0.8982165574338252,True
weighted_trustpcb_risk,images/train/S_12363797.jpg,13,11,0.9166228843253912,True
weighted_trustpcb_risk,images/train/S_12365955.jpg,11,10,0.8960444869609845,True
weighted_trustpcb_risk,images/train/S_12367063.jpg,3,2,0.8518451933164941,True
weighted_trustpcb_risk,images/train/S_12368242.jpg,7,6,0.8931744301474503,True
weighted_trustpcb_risk,images/train/S_12369166.jpg,4,3,0.8939026516779692,True
weighted_trustpcb_risk,images/train/S_12369938.jpg,9,7,0.9145780695810559,True
weighted_trustpcb_risk,images/train/S_12411294.jpg,3,2,0.8864236153206484,True
weighted_trustpcb_risk,images/train/S_12415895.jpg,2,2,0.8979895950158595,True
weighted_trustpcb_risk,images/train/S_12416067.jpg,5,4,0.9374663489975333,True
weighted_trustpcb_risk,images/train/S_12439401.jpg,4,3,0.8987948249235764,True
weighted_trustpcb_risk,images/train/S_12451962.jpg,12,11,0.9056488444724131,True
weighted_trustpcb_risk,images/train/S_12459545.jpg,7,6,0.9205230443078573,True
weighted_trustpcb_risk,images/train/S_12462882.jpg,1,0,0.11571544471437438,True
weighted_trustpcb_risk,images/train/S_12462991.jpg,4,3,0.9339171525775956,True
weighted_trustpcb_risk,images/train/S_12466711.jpg,2,1,0.7741760468673415,True
weighted_trustpcb_risk,images/train/S_12466886.jpg,1,0,0.07889075324193358,True
weighted_trustpcb_risk,images/train/S_12467447.jpg,37,33,0.9116282110115382,True
weighted_trustpcb_risk,images/train/S_12481433.jpg,21,12,0.9176218905080938,True
weighted_trustpcb_risk,images/train/S_12481452.jpg,50,42,0.9356428405509745,True
weighted_trustpcb_risk,images/train/S_12494175.jpg,2,1,0.9001629157301226,True
weighted_trustpcb_risk,images/train/S_12504184.jpg,5,3,0.8923990477828841,True
weighted_trustpcb_risk,images/train/S_12511329.jpg,2,1,0.28564580480400514,True
weighted_trustpcb_risk,images/train/S_12511349.jpg,1,0,0.03524058306194404,True
weighted_trustpcb_risk,images/train/S_12511586.jpg,9,8,0.9201806864214275,True
weighted_trustpcb_risk,images/train/S_12540614.jpg,17,15,0.9052595680279061,True
weighted_trustpcb_risk,images/train/S_12544307.jpg,43,37,0.9253568907832341,True
weighted_trustpcb_risk,images/train/S_12571071.jpg,2,1,0.9180779998835702,True
weighted_trustpcb_risk,images/train/S_12588225.jpg,5,4,0.8943555042126802,True
weighted_trustpcb_risk,images/train/S_12599629.jpg,1,0,0.20425764148542452,True
weighted_trustpcb_risk,images/train/S_12600154.jpg,29,20,0.9018770267562236,True
weighted_trustpcb_risk,images/train/S_12602146.jpg,14,12,0.905984092782721,True
weighted_trustpcb_risk,images/train/S_12614420.jpg,3,2,0.884707550507634,True
weighted_trustpcb_risk,images/train/S_12614456.jpg,8,6,0.9394147161996834,True
weighted_trustpcb_risk,images/train/S_12614457.jpg,1,0,0.13799645283139528,True
weighted_trustpcb_risk,images/train/S_12616645.jpg,2,1,0.9190333638645519,True
weighted_trustpcb_risk,images/train/S_12616932.jpg,32,28,0.9037604151311253,True
weighted_trustpcb_risk,images/train/S_12616987.jpg,12,5,0.8808821787271534,True
weighted_trustpcb_risk,images/train/S_12617096.jpg,3,2,0.7917968540137411,True
weighted_trustpcb_risk,images/train/Y_000012.jpg,6,3,0.895407390105975,True
weighted_trustpcb_risk,images/train/Y_000019.jpg,5,4,0.9425342553118363,True
weighted_trustpcb_risk,images/train/Y_000030.jpg,2,1,0.8818758465290756,True
weighted_trustpcb_risk,images/train/Y_000069.jpg,7,6,0.891782518717272,True
weighted_trustpcb_risk,images/train/Y_000082.jpg,4,3,0.8868911533200537,True
weighted_trustpcb_risk,images/train/Y_000117.jpg,5,4,0.9209860028702994,True
weighted_trustpcb_risk,images/train/Y_000143.jpg,2,1,0.8865268662022966,True
weighted_trustpcb_risk,images/train/Y_000189.jpg,7,6,0.917759334760209,True
weighted_trustpcb_risk,images/train/Y_000190.jpg,3,2,0.8788102105950074,True
weighted_trustpcb_risk,images/train/Y_000241.jpg,2,1,0.7880279551642001,True
weighted_trustpcb_risk,images/train/Y_000245.jpg,1,0,0.13452536493295858,True
weighted_trustpcb_risk,images/train/Y_000281.jpg,12,11,0.9114009169294452,True
weighted_trustpcb_risk,images/train/Y_000286.jpg,6,5,0.8957731412619172,True
weighted_trustpcb_risk,images/train/Y_000299.jpg,4,3,0.9053024608946368,True
weighted_trustpcb_risk,images/train/Y_000329.jpg,3,2,0.8938302408272585,True
weighted_trustpcb_risk,images/train/Y_000396.jpg,9,8,0.9132134388613733,True
weighted_trustpcb_risk,images/train/Y_000414.jpg,4,3,0.8987824980609526,True
weighted_trustpcb_risk,images/train/Y_000416.jpg,10,9,0.924564014660724,True
weighted_trustpcb_risk,images/train/Y_000423.jpg,1,0,0.029567675185193362,True
weighted_trustpcb_risk,images/train/Y_000458.jpg,5,3,0.8793562932518754,True
weighted_trustpcb_risk,images/train/Y_000470.jpg,3,2,0.915123860130449,True
weighted_trustpcb_risk,images/train/Y_000477.jpg,3,1,0.8928123837964855,True
weighted_trustpcb_risk,images/train/Y_000546.jpg,7,4,0.9138647550296912,True
weighted_trustpcb_risk,images/train/Y_000584.jpg,9,0,0.15525690195757896,True
weighted_trustpcb_risk,images/train/Y_000586.jpg,1,0,0.012786365667845688,True
weighted_trustpcb_risk,images/train/Y_000605.jpg,8,1,0.8956086703770088,True
weighted_trustpcb_risk,images/train/Y_000608.jpg,9,0,0.10219846393986208,True
weighted_trustpcb_risk,images/train/Y_000614.jpg,7,0,0.5787815286053992,True
weighted_trustpcb_risk,images/train/Y_000664.jpg,9,1,0.8391350275922476,True
weighted_trustpcb_risk,images/train/Y_000673.jpg,9,2,0.8941818274453235,True
weighted_trustpcb_risk,images/train/Y_000696.jpg,16,8,0.8997698110540909,True
weighted_trustpcb_risk,images/train/Y_000704.jpg,14,5,0.9131000420305365,True
weighted_trustpcb_risk,images/train/Y_000714.jpg,16,8,0.9109968378928692,True
weighted_trustpcb_risk,images/train/Y_000715.jpg,28,18,0.9109437675946578,True
weighted_trustpcb_risk,images/train/Y_000724.jpg,2,0,0.18806058359877192,True
weighted_trustpcb_risk,images/train/Y_000745.jpg,2,1,0.8536601534979923,True
weighted_trustpcb_risk,images/train/Y_000750.jpg,2,1,0.6747382223839697,True
weighted_trustpcb_risk,images/train/Y_000755.jpg,1,0,0.010869972241171874,True
weighted_trustpcb_risk,images/train/Y_000769.jpg,7,6,0.9319788005255463,True
weighted_trustpcb_risk,images/train/Y_000774.jpg,1,0,0.011748398114778862,True
weighted_trustpcb_risk,images/train/Y_000781.jpg,1,0,0.020062544555540116,True
weighted_trustpcb_risk,images/train/Y_000815.jpg,4,3,0.9249648573347354,True
weighted_trustpcb_risk,images/train/Y_000853.jpg,12,5,0.8935878734550591,True
weighted_trustpcb_risk,images/train/Y_000882.jpg,12,3,0.8968821782365002,True
weighted_trustpcb_risk,images/train/Y_000884.jpg,6,5,0.9188777653052194,True
weighted_trustpcb_risk,images/train/Y_000886.jpg,9,4,0.9015777046344478,True
weighted_trustpcb_risk,images/train/Y_000903.jpg,10,1,0.8802396138557372,True
weighted_trustpcb_risk,images/train/Y_000906.jpg,3,2,0.9178987566845456,True
weighted_trustpcb_risk,images/train/Y_000912.jpg,4,3,0.9248672222099623,True
weighted_trustpcb_risk,images/train/Y_000915.jpg,4,3,0.9049360666908547,True
weighted_trustpcb_risk,images/train/Y_000925.jpg,9,0,0.6379153768916019,True
weighted_trustpcb_risk,images/train/Y_000932.jpg,4,3,0.8665676151808168,True
weighted_trustpcb_risk,images/train/Y_000945.jpg,8,7,0.9202602244726473,True
weighted_trustpcb_risk,images/train/Y_000956.jpg,4,3,0.8987765312526593,True
weighted_trustpcb_risk,images/train/Y_000979.jpg,7,5,0.9076763725538144,True
weighted_trustpcb_risk,images/train/Y_000988.jpg,13,12,0.9242170945849051,True
weighted_trustpcb_risk,images/train/Y_001024.jpg,1,0,0.03150224234396564,True
weighted_trustpcb_risk,images/val/Y_001026.jpg,1,0,0.017318572943883902,True
weighted_trustpcb_risk,images/train/Y_001037.jpg,2,1,0.8874655285519857,True
weighted_trustpcb_risk,images/train/Y_001168.jpg,1,0,0.00992981949651076,True
weighted_trustpcb_risk,images/train/Y_001183.jpg,1,0,0.008109231904214177,True
weighted_trustpcb_risk,images/train/Y_001257.jpg,23,21,0.9056698136067323,True
weighted_trustpcb_risk,images/train/Y_001289.jpg,6,5,0.9233121983692133,True
weighted_trustpcb_risk,images/train/Y_001476.jpg,5,4,0.8969958107859926,True
weighted_trustpcb_risk,images/train/Y_001499.jpg,2,1,0.8873989405240783,True
weighted_trustpcb_risk,images/train/Y_001614.jpg,4,3,0.9036323537962845,True
weighted_trustpcb_risk,images/train/Y_001624.jpg,7,7,0.898451141850638,True
weighted_trustpcb_risk,images/train/Y_001782.jpg,5,4,0.9073494592550019,True
weighted_trustpcb_risk,images/train/Y_001797.jpg,4,3,0.8994459865631346,True
weighted_trustpcb_risk,images/train/Y_001805.jpg,1,0,0.06727186983240603,True
weighted_trustpcb_risk,images/train/Y_001851.jpg,1,0,0.16074716329310487,True
weighted_trustpcb_risk,images/train/Y_001855.jpg,9,8,0.8991471306307881,True
weighted_trustpcb_risk,images/train/Y_001868.jpg,1,0,0.21337684504428803,True
weighted_trustpcb_risk,images/train/Y_001878.jpg,1,1,0.09733055248264222,True
weighted_trustpcb_risk,images/train/Y_001892.jpg,1,0,0.03239070047392368,True
weighted_trustpcb_risk,images/train/Y_001904.jpg,3,2,0.8844710259077929,True
weighted_trustpcb_risk,images/train/Y_001917.jpg,1,0,0.030884811795574757,True
weighted_trustpcb_risk,images/train/Y_001918.jpg,1,0,0.15877171420395045,True
weighted_trustpcb_risk,images/train/Y_001930.jpg,1,0,0.110455899285086,True
weighted_trustpcb_risk,images/train/Y_001988.jpg,2,0,0.47465545826014766,True
weighted_trustpcb_risk,images/train/Y_001995.jpg,1,0,0.0875838298643152,True
weighted_trustpcb_risk,images/train/Y_002004.jpg,1,0,0.07103549604297092,True
weighted_trustpcb_risk,images/train/Y_002065.jpg,8,7,0.918162229430457,True
weighted_trustpcb_risk,images/train/Y_002082.jpg,1,0,0.1564831642006197,True
weighted_trustpcb_risk,images/train/Y_002084.jpg,1,0,0.12394738889222466,True
weighted_trustpcb_risk,images/train/Y_002087.jpg,1,0,0.13886451782304432,True
weighted_trustpcb_risk,images/train/Y_002092.jpg,2,1,0.8717131834087141,True
weighted_trustpcb_risk,images/train/Y_002130.jpg,4,2,0.901535665013149,True
weighted_trustpcb_risk,images/train/Y_002147.jpg,11,9,0.9221122282532409,True
weighted_trustpcb_risk,images/train/Y_002164.jpg,1,0,0.18420268663920905,True
weighted_trustpcb_risk,images/train/Y_002167.jpg,7,6,0.9169942401551023,True
weighted_trustpcb_risk,images/train/Y_002178.jpg,2,1,0.8989949686903114,True
weighted_trustpcb_risk,images/train/Y_002186.jpg,2,1,0.9164999119331092,True
weighted_trustpcb_risk,images/train/Y_002201.jpg,6,5,0.9158169925416512,True
weighted_trustpcb_risk,images/train/Y_002220.jpg,4,3,0.9176909957527144,True
weighted_trustpcb_risk,images/train/Y_002221.jpg,9,8,0.9080048800788785,True
weighted_trustpcb_risk,images/train/Y_002227.jpg,5,4,0.9137348645480438,True
weighted_trustpcb_risk,images/train/Y_002275.jpg,20,19,0.9185825560178512,True
weighted_trustpcb_risk,images/train/Y_002296.jpg,3,3,0.8858529759541176,True
weighted_trustpcb_risk,images/train/Y_002303.jpg,4,3,0.9191685510381461,True
weighted_trustpcb_risk,images/train/Y_002333.jpg,12,11,0.91099711904235,True
weighted_trustpcb_risk,images/train/Y_002371.jpg,5,4,0.9150715976225301,True
weighted_trustpcb_risk,images/train/Y_002393.jpg,7,7,0.9006274427956698,True
weighted_trustpcb_risk,images/train/Y_002413.jpg,1,0,0.03219291387440158,True
weighted_trustpcb_risk,images/train/Y_002482.jpg,12,11,0.9208619602348997,True
weighted_trustpcb_risk,images/train/Y_002483.jpg,1,0,0.04946535980613819,True
weighted_trustpcb_risk,images/train/Y_002484.jpg,1,0,0.11548872674293525,True
weighted_trustpcb_risk,images/train/Y_002505.jpg,2,1,0.9059384102184634,True
weighted_trustpcb_risk,images/train/Y_002547.jpg,11,10,0.8961058654879954,True
weighted_trustpcb_risk,images/train/Y_002548.jpg,3,2,0.9224943268142769,True
weighted_trustpcb_risk,images/train/Y_002563.jpg,4,3,0.9187390615660134,True
weighted_trustpcb_risk,images/train/Y_002566.jpg,3,2,0.8760390974365302,True
weighted_trustpcb_risk,images/train/Y_002571.jpg,1,0,0.060513871375884466,True
weighted_trustpcb_risk,images/train/Y_003653.jpg,26,21,0.900855577193526,True
weighted_trustpcb_risk,images/train/Y_004063.jpg,3,1,0.8654795733493588,True
weighted_trustpcb_risk,images/train/Y_006375.jpg,21,20,0.9424275943489233,True
weighted_trustpcb_risk,images/train/Y_008515.jpg,20,19,0.9059184181448404,True
weighted_trustpcb_risk,images/train/Y_008530.jpg,3,1,0.9162392582389538,True
weighted_trustpcb_risk,images/train/Y_008537.jpg,2,1,0.892898985069781,True
weighted_trustpcb_risk,images/train/Y_008570.jpg,7,6,0.907651392264593,True
weighted_trustpcb_risk,images/train/Y_011315.jpg,6,6,0.9238053993136661,True
weighted_trustpcb_risk,images/train/Y_011492.jpg,5,5,0.8885818192932069,True
weighted_trustpcb_risk,images/train/Y_011500.jpg,2,1,0.886335853293938,True
weighted_trustpcb_risk,images/train/Y_011621.jpg,7,6,0.8925395335623275,True
weighted_trustpcb_risk,images/train/Y_011626.jpg,21,20,0.906157537679284,True
weighted_trustpcb_risk,images/train/Y_011640.jpg,20,16,0.9021588248451075,True
weighted_trustpcb_risk,images/train/Y_011778.jpg,6,5,0.9155353443818862,True
weighted_trustpcb_risk,images/train/Y_011792.jpg,10,9,0.8987089354943625,True
weighted_trustpcb_risk,images/train/Y_011859.jpg,13,10,0.9020505796314243,True
weighted_trustpcb_risk,images/train/Y_011861.jpg,6,4,0.8854162299301391,True
